rebalance_date,n_assets,n_observations,n_eligible,n_missing_test,missing_fraction_test,mean_zero_fraction,max_zero_fraction,min_asset_vol_annual,median_asset_vol_annual,max_asset_vol_annual,mean_pseudo_sharpe,max_pseudo_sharpe
1995-10-02,10,504,3066,0,0.0,0.08253968253968254,0.12301587301587301,0.14232821818090954,0.20859519693796996,0.2964192356980827,0.07382028244532678,0.10379416734652007
1995-10-02,50,504,3066,0,0.0,0.08396825396825396,0.1488095238095238,0.14232821818090954,0.21360383728416543,0.5136797524804607,0.06288596655137628,0.11724112085053448
1995-10-02,100,504,3066,0,0.0,0.08597222222222221,0.22817460317460317,0.13770537334446112,0.2173706929697311,0.5141954965889308,0.05454882469816963,0.15273235391084874
1995-10-02,200,484,3066,0,0.0,0.09930785123966941,0.27479338842975204,0.13406310345319145,0.21993242535420407,0.5133990874718747,0.050984977638595386,0.16086140307577818
1995-10-31,10,504,3123,0,0.0,0.07142857142857144,0.10317460317460317,0.1447740337228215,0.20631702210216463,0.32481000981610975,0.08002320455147112,0.1066045095014107
1995-10-31,50,504,3123,0,0.0,0.08238095238095237,0.15079365079365079,0.1447740337228215,0.21673064512220325,0.515770808577261,0.0625005891279612,0.11836035927096727
1995-10-31,100,480,3123,0,0.0,0.08764583333333333,0.2375,0.13744551067509275,0.21541628190368506,0.5042612799280638,0.05717541789193956,0.1513539925764858
1995-10-31,200,480,3123,0,0.0,0.09923958333333333,0.2625,0.13744551067509275,0.2184741668225298,0.5054245203612919,0.051611823147274805,0.1513539925764858
1995-11-30,10,504,3177,0,0.0,0.0875,0.13293650793650794,0.14579248330484043,0.19673260807012388,0.2692161022442714,0.07781875893749299,0.12020401658132238
1995-11-30,50,504,3177,0,0.0,0.08222222222222221,0.1527777777777778,0.14579248330484043,0.21401723463511169,0.5031403200231931,0.07086503547670758,0.12020401658132238
1995-11-30,100,501,3177,0,0.0,0.08772455089820362,0.23552894211576847,0.13936290673271018,0.21522342001130296,0.5190904004147774,0.061279754811495356,0.1252538756032399
1995-11-30,200,501,3177,0,0.0,0.09885229540918164,0.25748502994011974,0.13722830333844302,0.2198977405188624,0.5190904004147774,0.055825923779498826,0.12912171954866192
1996-01-02,10,504,3205,0,0.0,0.08293650793650793,0.1349206349206349,0.1527903841570289,0.19736713945142298,0.31524207870011195,0.076414769106496,0.11563999227719506
1996-01-02,50,504,3205,0,0.0,0.08234126984126983,0.1488095238095238,0.14097737009398548,0.21580851932213108,0.5049871240446692,0.07172635717777485,0.11563999227719506
1996-01-02,100,479,3205,0,0.0,0.08895615866388308,0.24843423799582465,0.1404865520989124,0.21498072544809455,0.5102593127492455,0.05601119175427413,0.1105965967896789
1996-01-02,200,460,3205,14,0.003333333333333333,0.09801086956521737,0.26956521739130435,0.1356536446472618,0.22085496626289847,0.5432576617391932,0.05803249685009069,0.15756716830649856
1996-01-31,10,504,3248,0,0.0,0.07440476190476189,0.09722222222222222,0.1571040475342123,0.20062535294495776,0.32755130560036894,0.08618074744297488,0.14053023348168592
1996-01-31,50,504,3248,0,0.0,0.08119047619047619,0.14682539682539683,0.14402355606716827,0.21536184963452532,0.509682342536463,0.06890191309372881,0.14053023348168592
1996-01-31,100,481,3248,0,0.0,0.08964656964656964,0.25571725571725573,0.14347571006783577,0.21381044806878524,0.514281473930002,0.056441756378640934,0.13527776600314345
1996-01-31,200,449,3248,21,0.005,0.09845211581291759,0.2717149220489978,0.13820266483492447,0.2212236758341824,0.5572318394114414,0.052500761556177535,0.14721632579923535
1996-03-01,10,504,3281,0,0.0,0.07242063492063491,0.09325396825396826,0.16038500780753323,0.20136185171729498,0.32838305228482767,0.09429768000185078,0.14253210607437733
1996-03-01,50,504,3281,0,0.0,0.07944444444444446,0.14682539682539683,0.14752512035157916,0.21766020647628753,0.5096572869741977,0.07647757963951787,0.14253210607437733
1996-03-01,100,482,3281,0,0.0,0.08585062240663899,0.26348547717842324,0.141395758563022,0.21577419335153872,0.514054179629423,0.0642549096286394,0.136237536283266
1996-03-01,200,467,3281,0,0.0,0.09620985010706638,0.2676659528907923,0.14076974889345795,0.22331506607647664,0.5657909543284033,0.06409662532813788,0.13700110569465312
1996-04-01,10,504,3297,0,0.0,0.06944444444444445,0.09126984126984126,0.1708783960684182,0.20325194956292028,0.3321401399778399,0.0971768408477625,0.1489399894975117
1996-04-01,50,504,3297,0,0.0,0.0788095238095238,0.14484126984126985,0.15208556249509464,0.21833161700036835,0.4915854395660332,0.08291173174993834,0.1489399894975117
1996-04-01,100,486,3297,0,0.0,0.08502057613168726,0.257201646090535,0.14316314469460706,0.2184480585200692,0.49889664367161884,0.07169630675563454,0.1402363923761646
1996-04-01,200,472,3297,0,0.0,0.09552966101694914,0.2669491525423729,0.14367303848784904,0.2262470818950405,0.5672422963523586,0.07117912677140505,0.16345047824558356
1996-05-01,10,504,3308,0,0.0,0.06944444444444445,0.09325396825396826,0.17175469001800953,0.20157984496749376,0.32615469146153775,0.0938507378370094,0.1359971864311761
1996-05-01,50,504,3308,0,0.0,0.07571428571428572,0.14087301587301587,0.14905093927878885,0.2185623646184509,0.48230088747411914,0.07983423212120615,0.1359971864311761
1996-05-01,100,489,3308,0,0.0,0.08439672801635992,0.2556237218813906,0.1442572203234008,0.2200512335515823,0.49259661570469915,0.06893199191955955,0.13264211622587158
1996-05-01,200,471,3308,0,0.0,0.09366242038216559,0.27388535031847133,0.14042684343099185,0.2239121544204244,0.6133460072325918,0.07207557287801897,0.20988027727762026
1996-05-31,10,504,3323,0,0.0,0.06527777777777778,0.09325396825396826,0.1732928024278732,0.20235928039521617,0.34130390587030657,0.10197022249535974,0.14744036127725868
1996-05-31,50,504,3323,0,0.0,0.0746031746031746,0.14087301587301587,0.1455438732674752,0.2169592147930708,0.4527858398111089,0.08098715485736056,0.14744036127725868
1996-05-31,100,491,3323,0,0.0,0.08435845213849287,0.25661914460285135,0.14567213061559764,0.219655791051126,0.4869620435258188,0.06975824746471161,0.13545135831661492
1996-05-31,200,481,3323,14,0.003333333333333333,0.09413721413721414,0.27234927234927236,0.1401963475669059,0.22441912385703955,0.6121659759891727,0.06993552750929513,0.21191657623111737
1996-07-01,10,504,3340,0,0.0,0.06468253968253969,0.09523809523809523,0.16877011855233018,0.20229203068839607,0.3425447358526106,0.10893772009835945,0.15571612676281443
1996-07-01,50,504,3340,0,0.0,0.07380952380952381,0.14285714285714285,0.14537134082601955,0.21578191387320694,0.4387001646326008,0.08623449640061505,0.15571612676281443
1996-07-01,100,492,3340,0,0.0,0.0839430894308943,0.24390243902439024,0.1454563660781781,0.21755925090339762,0.4697674366952599,0.07401680743607318,0.14714357092428162
1996-07-01,200,469,3340,21,0.005,0.09525586353944564,0.27505330490405117,0.13705316774036977,0.223105637385199,0.6031311708245795,0.07585468137596454,0.22065246808919264
1996-07-31,10,504,3335,0,0.0,0.06150793650793651,0.09325396825396826,0.17079765125383606,0.20815312381424386,0.34602495539583866,0.09385554803500654,0.13254248427993184
1996-07-31,50,504,3335,0,0.0,0.07238095238095238,0.14682539682539683,0.14620259056550344,0.21941287564049125,0.4215386366406588,0.0758473748875821,0.13254248427993184
1996-07-31,100,496,3335,0,0.0,0.08100806451612902,0.22983870967741934,0.1460333653514294,0.22120212372123854,0.48814108216168367,0.06572784882772438,0.1257101955647789
1996-07-31,200,488,3335,0,0.0,0.09395491803278688,0.2725409836065574,0.13847492292714575,0.22298265089718605,0.5167291090979299,0.06319283071418294,0.15820836954666617
1996-08-29,10,504,3347,0,0.0,0.06011904761904763,0.09325396825396826,0.17061310503188667,0.21017770942412842,0.3474523059749312,0.09019109839788443,0.14232265187309748
1996-08-29,50,504,3347,0,0.0,0.07095238095238095,0.1527777777777778,0.14759777164861673,0.22475057325175363,0.4164465242531412,0.07655026487067566,0.14232265187309748
1996-08-29,100,497,3347,0,0.0,0.07969818913480885,0.22736418511066397,0.1474316213958427,0.22211613764522845,0.49123027209380976,0.06873341218599294,0.1362084660789309
1996-08-29,200,493,3347,19,0.004523809523809524,0.09031440162271805,0.25963488843813387,0.13866531110610592,0.22564045168985358,0.5458268958767684,0.06760488921235591,0.16308268069100648
1996-09-30,10,504,3370,0,0.0,0.05813492063492064,0.09523809523809523,0.17285716576684992,0.21135291802546796,0.3497991990781083,0.09509027798353648,0.13141817894949853
1996-09-30,50,504,3370,0,0.0,0.06912698412698412,0.1488095238095238,0.14627689424868626,0.2235667521122569,0.4234149160635976,0.08429746818028731,0.13270978386753354
1996-09-30,100,501,3370,0,0.0,0.07962075848303395,0.2275449101796407,0.1466139798483546,0.22400207600481897,0.49593530419271803,0.07538050159627606,0.13041270376762165
1996-09-30,200,481,3370,21,0.005,0.08880457380457381,0.26195426195426197,0.13483040742899352,0.22935826153221214,0.6102399678223962,0.06674621811573644,0.1742460746536385
1996-10-29,10,504,3390,0,0.0,0.05218253968253968,0.08333333333333333,0.17351276411495967,0.21270203786833908,0.35401946107439936,0.09795606426360605,0.12610731648107176
1996-10-29,50,504,3390,0,0.0,0.06757936507936507,0.14682539682539683,0.1458799718305561,0.22367501697343004,0.4996993218478176,0.08295255448578505,0.12852884059924688
1996-10-29,100,501,3390,0,0.0,0.07972055888223552,0.22954091816367264,0.14621616534018772,0.22448391626495778,0.5010900173093197,0.07574964172199823,0.14757308977346725
1996-10-29,200,501,3390,0,0.0,0.08753493013972054,0.2654690618762475,0.13327906738636786,0.22818085699599078,0.5832196229350524,0.07298645154548886,0.1730176618142354
1996-11-27,10,504,3410,0,0.0,0.050595238095238096,0.07936507936507936,0.1742726323201744,0.21279205813495067,0.3563903214411642,0.11519249575167442,0.14823552698356174
1996-11-27,50,504,3410,0,0.0,0.06837301587301586,0.14484126984126985,0.1493540800739353,0.21847923094915522,0.42152206063044184,0.0993011727110274,0.14823552698356174
1996-11-27,100,504,3410,0,0.0,0.07823412698412698,0.22420634920634921,0.1493540800739353,0.22051602464380232,0.4947075699004957,0.09289760503238767,0.15824125597930896
1996-11-27,200,504,3410,0,0.0,0.08806547619047618,0.25992063492063494,0.1326211308461186,0.2282667677031274,0.5795092500876803,0.08891742161487945,0.1763759402042602
1996-12-30,10,504,3409,0,0.0,0.05218253968253968,0.10714285714285714,0.17393177585417216,0.22675459707255424,0.35847497199738454,0.10847044054315207,0.13882800435268344
1996-12-30,50,504,3409,0,0.0,0.06761904761904762,0.15079365079365079,0.15011744257994958,0.22427594277305618,0.47823978025621666,0.0978315601781252,0.14847128652927186
1996-12-30,100,504,3409,0,0.0,0.07603174603174603,0.21626984126984128,0.15011744257994958,0.22478104309893965,0.48575958779048595,0.09079560547796525,0.14847128652927186
1996-12-30,200,504,3409,0,0.0,0.086984126984127,0.2638888888888889,0.13203803467799913,0.23226582593729195,0.5799255839623328,0.08633492927410265,0.15438957668523018
1997-01-29,10,504,3412,0,0.0,0.04503968253968253,0.07738095238095238,0.18183005803570962,0.22225699387287357,0.36094329264895186,0.11293218539924868,0.14028527671828567
1997-01-29,50,504,3412,0,0.0,0.06535714285714285,0.15873015873015872,0.15098499559940784,0.2234315402437826,0.4772579785813611,0.09646534789323737,0.14152485190761352
1997-01-29,100,504,3412,0,0.0,0.07341269841269843,0.21626984126984128,0.15098499559940784,0.2260316323189397,0.4772579785813611,0.08678423981117703,0.14152485190761352
1997-01-29,200,504,3412,32,0.007619047619047619,0.08581349206349205,0.26587301587301587,0.13521251587239272,0.2337137535718807,0.5810868456378422,0.08255741094951378,0.15308058496918867
1997-02-28,10,504,3421,0,0.0,0.04166666666666667,0.07539682539682539,0.1841663535398745,0.22848798115338137,0.3658877143322021,0.11227124983974213,0.13484078788549272
1997-02-28,50,504,3421,0,0.0,0.06253968253968253,0.15476190476190477,0.15316048017397146,0.23134946228094153,0.4328375428893085,0.09325380569493966,0.148978360975209
1997-02-28,100,494,3421,0,0.0,0.07131578947368421,0.2125506072874494,0.15363397743989335,0.23460163595775663,0.48791463825015935,0.08644510464107412,0.15580730965871065
1997-02-28,200,482,3421,63,0.015,0.0837655601659751,0.26556016597510373,0.13577980604804576,0.23692375566664753,0.6453665732862605,0.0824248068655102,0.15300610360803144
1997-04-01,10,504,3419,0,0.0,0.03928571428571428,0.06746031746031746,0.18749447767794475,0.2352466682355508,0.36838345412749723,0.09775507906976168,0.11410317430991337
1997-04-01,50,479,3419,1,0.0009523809523809524,0.06350730688935281,0.15866388308977036,0.15463389602519326,0.2330631763800909,0.43856510117668185,0.07473450432248235,0.11834052731302454
1997-04-01,100,479,3419,1,0.0004761904761904762,0.07173277661795406,0.20876826722338204,0.15463389602519326,0.2354862607711276,0.49900412866105204,0.06898532793958825,0.13576493945926915
1997-04-01,200,479,3419,1,0.0002380952380952381,0.08252609603340291,0.2567849686847599,0.13598236960828192,0.23951455070335276,0.6483590720844349,0.06502297652819262,0.13576493945926915
1997-04-30,10,504,3430,0,0.0,0.03829365079365079,0.06746031746031746,0.19641201781955978,0.2407219898409498,0.3713694199352263,0.09906300971713135,0.12003011767004969
1997-04-30,50,504,3430,0,0.0,0.060396825396825386,0.15674603174603174,0.15639359299358369,0.24276752028620624,0.4498425901661543,0.08326351462599689,0.13416699652791256
1997-04-30,100,504,3430,13,0.006190476190476191,0.06819444444444445,0.21031746031746032,0.15639359299358369,0.24276752028620624,0.5825603664322884,0.0773476401886624,0.13416699652791256
1997-04-30,200,484,3430,13,0.0030952380952380953,0.07910123966942148,0.25,0.13392275972691423,0.24300042718633322,0.6485144764732907,0.0694314255421809,0.13038819278961622
1997-05-30,10,504,3460,0,0.0,0.03749999999999999,0.06547619047619048,0.20007370872542346,0.2397247822582632,0.3734056756830333,0.1011286736784012,0.1281642524443305
1997-05-30,50,479,3460,0,0.0,0.06108559498956158,0.15866388308977036,0.15724184927477927,0.24306578900721743,0.5186573409757707,0.0772266776167769,0.11808876851505017
1997-05-30,100,466,3460,21,0.01,0.06671673819742491,0.18240343347639484,0.15619949244071463,0.244920565746227,0.5798784409991468,0.07320521250915954,0.12401685376693924
1997-05-30,200,466,3460,21,0.005,0.07812231759656652,0.24248927038626608,0.1377405685428016,0.24688725239444437,0.6527935067731344,0.06766056693862307,0.12749770799317625
1997-06-30,10,504,3494,0,0.0,0.037698412698412696,0.061507936507936505,0.20200967761063773,0.24234296795457042,0.37403251625545564,0.10146301113714902,0.14086253984297956
1997-06-30,50,479,3494,0,0.0,0.05941544885177453,0.15866388308977036,0.15747605875506457,0.24979242982007177,0.5248689292263095,0.08270867261666204,0.1338586966239026
1997-06-30,100,479,3494,0,0.0,0.06423799582463466,0.15866388308977036,0.14782033982943074,0.24922174767117006,0.5785465011262747,0.07884161876041552,0.1338586966239026
1997-06-30,200,479,3494,24,0.005714285714285714,0.07471816283924843,0.24217118997912318,0.13534331883907905,0.24779955429290995,0.6521350526944552,0.07367413612464141,0.1411187864446057
1997-07-30,10,504,3506,0,0.0,0.04523809523809524,0.1527777777777778,0.20852564247860272,0.2696220137474663,0.363343139384916,0.10117330021992803,0.14666979582360393
1997-07-30,50,479,3506,0,0.0,0.056993736951983294,0.15031315240083507,0.15999952815918364,0.2585406236330027,0.5247227944099626,0.08516448569060234,0.14258307119105118
1997-07-30,100,479,3506,0,0.0,0.06342379958246348,0.1941544885177453,0.14866938706640503,0.2526920727451982,0.5840222585616338,0.08157695864437266,0.14258307119105118
1997-07-30,200,466,3506,53,0.012619047619047618,0.0736587982832618,0.2317596566523605,0.1370683955150632,0.25067674828005826,0.6671192234334777,0.07606983876269086,0.15438916629503607
1997-08-28,10,504,3513,0,0.0,0.044047619047619044,0.1488095238095238,0.21677085369239765,0.2734089773215257,0.3610758801794988,0.09483990742774653,0.1228255505241879
1997-08-28,50,481,3513,0,0.0,0.05426195426195427,0.14553014553014554,0.16350695687384093,0.26164488928490354,0.5252749179755603,0.07818136062684795,0.12530042461832958
1997-08-28,100,481,3513,13,0.006190476190476191,0.06027027027027027,0.19126819126819128,0.15091337997814028,0.2599135018842543,0.5764303514053869,0.07504367843675469,0.12574693626942107
1997-08-28,200,470,3513,45,0.010714285714285714,0.0706276595744681,0.22127659574468084,0.13823613854122146,0.2543260125864062,0.6787085721657706,0.07374642858104372,0.1301461711077773
1997-09-29,10,504,3532,0,0.0,0.03293650793650793,0.05555555555555555,0.22133441471432205,0.26628183780800396,0.3601684967554773,0.0961820514910372,0.12126249362522463
1997-09-29,50,482,3532,1,0.0009523809523809524,0.05236514522821577,0.14522821576763487,0.16379632616461706,0.26299265963412355,0.5222275088278198,0.07434059513090772,0.12635886376930355
1997-09-29,100,480,3532,22,0.010476190476190477,0.05833333333333333,0.17916666666666667,0.15095436245821545,0.26172236507213426,0.5819857188560894,0.07127473737216095,0.12948732203667238
1997-09-29,200,451,3532,64,0.015238095238095238,0.06727272727272728,0.21729490022172948,0.14189935420451846,0.258987151492339,0.584345521529757,0.06895408104247652,0.1378760483150848
1997-10-28,10,480,3545,0,0.0,0.049583333333333326,0.22916666666666666,0.2295948510717581,0.29745939226294027,0.6041435752301697,0.07146641292514037,0.12101719452057327
1997-10-28,50,459,3545,1,0.0009523809523809524,0.053159041394335506,0.22657952069716775,0.17144867804567485,0.2743886796355185,0.5926617166397341,0.05934893233757175,0.1322169017710875
1997-10-28,100,437,3545,22,0.010476190476190477,0.06125858123569793,0.2242562929061785,0.1514066530254232,0.26347574948497193,0.6034628069345784,0.0666787733812883,0.14320541852611882
1997-10-28,200,437,3545,24,0.005714285714285714,0.06879862700228832,0.2242562929061785,0.13791033468837208,0.25920422808096555,0.6034628069345784,0.06695925157823132,0.14320541852611882
1997-11-26,10,501,3572,0,0.0,0.048303393213572854,0.22355289421157684,0.23585770996714625,0.29590033118636183,0.6005287031603787,0.08028624627665074,0.1248258859356475
1997-11-26,50,479,3572,0,0.0,0.051858037578288094,0.22129436325678498,0.17465049647571193,0.2768172339598922,0.5888231173675549,0.061467976643821434,0.12418627615821753
1997-11-26,100,479,3572,0,0.0,0.057202505219206674,0.22129436325678498,0.15697932854642335,0.27165460897283517,0.5888231173675549,0.05826226190238628,0.12418627615821753
1997-11-26,200,470,3572,0,0.0,0.06415957446808511,0.21914893617021278,0.1374505427182114,0.2686776134077267,0.5923775469309959,0.05795898324431285,0.13359720834048924
1997-12-29,10,504,3565,0,0.0,0.05456349206349206,0.21428571428571427,0.2336020966033982,0.2837534851537089,0.5969135234230812,0.07521862917795825,0.1114958356987626
1997-12-29,50,482,3565,4,0.0038095238095238095,0.049668049792531116,0.21161825726141079,0.17581353692959886,0.27931672900674254,0.5850443324124427,0.058694845338276756,0.10156661188573379
1997-12-29,100,482,3565,4,0.0019047619047619048,0.055995850622406626,0.21161825726141079,0.16070464083440897,0.2737104149000554,0.5850443324124427,0.05620562901461513,0.12650781189776505
1997-12-29,200,482,3565,37,0.00880952380952381,0.06402489626556016,0.21161825726141079,0.13800064160064268,0.2666039081238831,0.6554566154346251,0.05604611646972682,0.13199973094717876
1998-01-29,10,504,3567,0,0.0,0.05694444444444445,0.21031746031746032,0.2373974911136841,0.28829330326263447,0.5873605032458884,0.0830370539633405,0.13262982005496046
1998-01-29,50,481,3567,1,0.0009523809523809524,0.04748440748440748,0.2079002079002079,0.1802971514565348,0.28327518721285055,0.577113335606047,0.06050952024274724,0.12327077715478751
1998-01-29,100,481,3567,1,0.0004761904761904762,0.051975051975051985,0.2079002079002079,0.16152518572032887,0.2767842857353578,0.577113335606047,0.05675493403221833,0.15029091413174167
1998-01-29,200,466,3567,70,0.016666666666666666,0.06255364806866953,0.20815450643776823,0.13780278688839276,0.2670111576842504,0.6419349837182347,0.056109714202338797,0.15216010851659795
1998-03-02,10,504,3598,0,0.0,0.03829365079365079,0.12103174603174603,0.23790567975574947,0.28312548252643266,0.36746292974581063,0.09538636605373525,0.13716479245964344
1998-03-02,50,457,3598,0,0.0,0.045908096280087525,0.1925601750547046,0.1795192551977505,0.2789750700068393,0.6127433006870678,0.06764940890415731,0.16826062638096873
1998-03-02,100,457,3598,0,0.0,0.05065645514223196,0.1925601750547046,0.15680548806538744,0.27727865736477153,0.6127433006870678,0.06062741823481796,0.16826062638096873
1998-03-02,200,436,3598,42,0.01,0.05869266055045872,0.1926605504587156,0.14191165718102283,0.27305145710703604,0.6302396722838215,0.05097072691745792,0.14996307387910912
1998-03-31,10,504,3595,0,0.0,0.044047619047619044,0.11706349206349206,0.2327256450177693,0.2777712208466385,0.3746198511625256,0.10056968143349529,0.13674668591428435
1998-03-31,50,478,3595,1,0.0009523809523809524,0.04635983263598327,0.19456066945606695,0.17906009644740065,0.2758010025048748,0.6036728828643548,0.06936562286171849,0.15781035768821902
1998-03-31,100,478,3595,1,0.0004761904761904762,0.0500836820083682,0.19456066945606695,0.15576387664288843,0.27281390124147953,0.6036728828643548,0.06425729462581643,0.15781035768821902
1998-03-31,200,478,3595,1,0.0002380952380952381,0.05623430962343097,0.19456066945606695,0.14011986206937874,0.2717273016233322,0.6196196388483444,0.06265985469889303,0.15781035768821902
1998-04-30,10,504,3617,0,0.0,0.03432539682539683,0.11507936507936507,0.23302996087039454,0.27923694630579365,0.37432624560324224,0.09890886939713349,0.1352231762231741
1998-04-30,50,481,3617,0,0.0,0.04365904365904367,0.19334719334719336,0.17950594025622366,0.27871243132595014,0.5899654168147299,0.07272895017849469,0.1518157752812709
1998-04-30,100,481,3617,0,0.0,0.048336798336798346,0.19334719334719336,0.15660745808300322,0.2757124106877804,0.5899654168147299,0.06618289518813641,0.1518157752812709
1998-04-30,200,481,3617,0,0.0,0.054345114345114354,0.19334719334719336,0.14097367018001172,0.27251186512311987,0.619995893491535,0.06366305895584591,0.1518157752812709
1998-06-01,10,504,3644,0,0.0,0.03214285714285715,0.10317460317460317,0.23303421187556894,0.2792339114654523,0.3783600165192122,0.09211957159557159,0.12237703820887974
1998-06-01,50,482,3644,0,0.0,0.04253112033195021,0.1908713692946058,0.20124918075183656,0.2787508963128069,0.5785226017886683,0.07099919638673916,0.14534127646804842
1998-06-01,100,482,3644,2,0.0009523809523809524,0.04724066390041493,0.1908713692946058,0.15824301255536197,0.27656059960350315,0.5785226017886683,0.06521418151501451,0.14534127646804842
1998-06-01,200,482,3644,18,0.004285714285714285,0.05306016597510373,0.1908713692946058,0.1404087001043419,0.27190495271941456,0.6097420668339034,0.06067121758493897,0.14534127646804842
1998-06-30,10,504,3648,0,0.0,0.03293650793650793,0.0992063492063492,0.23511084395851667,0.2821760865692419,0.3825563010467284,0.10208770159498104,0.13585867720236408
1998-06-30,50,484,3648,20,0.019047619047619046,0.04008264462809918,0.19834710743801653,0.20577608743253745,0.2808736266565539,0.5784243070868365,0.07913005322586068,0.16416583842038365
1998-06-30,100,482,3648,20,0.009523809523809523,0.04466804979253111,0.1991701244813278,0.16201174599551815,0.2804242075405731,0.6023148385241269,0.06888266648617349,0.16386163940615822
1998-06-30,200,468,3648,41,0.009761904761904762,0.050694444444444445,0.1987179487179487,0.14314041675324424,0.27810540993370225,0.6051634095254232,0.06693333256483588,0.16119875585213675
1998-07-30,10,504,3662,0,0.0,0.02956349206349206,0.09325396825396826,0.2377912103229809,0.28394387767202806,0.38074890475796275,0.10266640640408146,0.1411828461514008
1998-07-30,50,464,3662,21,0.02,0.039655172413793106,0.19827586206896552,0.19910903366547295,0.28033615451449756,0.5596692292989697,0.08637383616307591,0.16588535851778072
1998-07-30,100,462,3662,21,0.01,0.043744588744588746,0.19913419913419914,0.1990038258855725,0.27821008213454745,0.5754701214591518,0.0779956860616176,0.16556742690101692
1998-07-30,200,462,3662,22,0.005238095238095239,0.04984848484848484,0.19913419913419914,0.14313757617540473,0.2761189558560321,0.5754701214591518,0.07379358821964324,0.16556742690101692
1998-08-28,10,504,3669,0,0.0,0.027579365079365082,0.07738095238095238,0.24075993556428432,0.3025098780079492,0.38510149632718976,0.09446861721782078,0.1324156020279505
1998-08-28,50,485,3669,0,0.0,0.03381443298969072,0.09072164948453608,0.20033000763241218,0.2924094809713742,0.49705718738799953,0.07015286447888355,0.16672579734366572
1998-08-28,100,482,3669,21,0.01,0.04095435684647303,0.12240663900414937,0.1604375291304161,0.2936109866446579,0.5702772161005363,0.06374235228648428,0.16862246192728994
1998-08-28,200,482,3669,21,0.005,0.04554979253112032,0.16390041493775934,0.14634071307161575,0.28609651913756284,0.7054246157388555,0.05709904395901815,0.16862246192728994
1998-09-29,10,504,3680,0,0.0,0.025,0.07142857142857142,0.24732814564512817,0.3203765552915987,0.3966885308875669,0.07902265375048464,0.12289259229555528
1998-09-29,50,485,3680,0,0.0,0.03191752577319587,0.09072164948453608,0.22135964076784734,0.3168368152503943,0.5198103448167798,0.062123556111181415,0.15697302464217652
1998-09-29,100,461,3680,23,0.010952380952380953,0.03926247288503254,0.16268980477223427,0.1622183842603656,0.29477423070152287,0.5633829292619421,0.05875780489850856,0.16489127521184005
1998-09-29,200,461,3680,23,0.0054761904761904765,0.045216919739696305,0.16268980477223427,0.1423914796987152,0.2896540175511134,0.7083374300867908,0.05375561544660362,0.16489127521184005
1998-10-28,10,504,3681,0,0.0,0.02361111111111111,0.06944444444444445,0.2557512529134745,0.33107497271598196,0.396986035810633,0.07808130498199568,0.11184572803549778
1998-10-28,50,485,3681,17,0.01619047619047619,0.031216494845360824,0.08453608247422681,0.23198065220504036,0.32876595945113213,0.5436611234722302,0.05919978571105891,0.1425475864090866
1998-10-28,100,481,3681,38,0.018095238095238095,0.036153846153846154,0.14345114345114346,0.17891433046960215,0.32805347930879564,0.6148523607277461,0.05230212679338396,0.13870898970792472
1998-10-28,200,481,3681,48,0.011428571428571429,0.04001039501039501,0.14345114345114346,0.15765835671568115,0.3285698226869521,0.7426680257279288,0.04782695689096647,0.13870898970792472
1998-11-27,10,504,3684,0,0.0,0.022619047619047615,0.06547619047619048,0.25951906683262616,0.3283452413477589,0.3971306916453948,0.08116390499495105,0.11687871975670039
1998-11-27,50,486,3684,0,0.0,0.028559670781893004,0.08024691358024691,0.23534194974680558,0.3278005083817169,0.5372509089642417,0.06237031016247713,0.13289139962858926
1998-11-27,100,461,3684,75,0.03571428571428572,0.03286334056399133,0.09544468546637744,0.17849401759426348,0.32986789785998594,0.6262142437603944,0.04569966086387619,0.13118036797339958
1998-11-27,200,461,3684,96,0.022857142857142857,0.037516268980477226,0.14099783080260303,0.16998862920225036,0.33163064045585117,0.7497768131248527,0.04157944775793634,0.13430231288414152
1998-12-29,10,504,3665,0,0.0,0.018849206349206348,0.051587301587301584,0.2623853744963056,0.32999610788693423,0.4637319393017091,0.0861929202614396,0.12597554983917555
1998-12-29,50,488,3665,0,0.0,0.027540983606557375,0.07581967213114754,0.24929477961611615,0.3309220633550505,0.5934778619049468,0.07164233439959114,0.16050095746717383
1998-12-29,100,476,3665,42,0.02,0.031134453781512604,0.09243697478991597,0.17863249282204807,0.3354469192884573,0.7629186508998886,0.05791410469542848,0.15109502266622785
1998-12-29,200,476,3665,42,0.01,0.03576680672268907,0.1323529411764706,0.17308057981551841,0.3337830284938795,0.7629186508998886,0.05119439481863084,0.15109502266622785
1999-01-29,10,504,3674,0,0.0,0.01765873015873016,0.04563492063492063,0.26082562518651403,0.3292159836756239,0.46853911405761056,0.08638384331962332,0.13894166387808393
1999-01-29,50,496,3674,12,0.011428571428571429,0.02665322580645161,0.07459677419354839,0.2525963554733006,0.34084519391255746,0.5988911289302729,0.0760921780602302,0.16869410017439418
1999-01-29,100,471,3674,33,0.015714285714285715,0.030169851380042457,0.1040339702760085,0.24365254640125833,0.34833707345255754,0.7554285146520896,0.06624985539291714,0.165169150387453
1999-01-29,200,471,3674,69,0.016428571428571428,0.034872611464968145,0.1337579617834395,0.17309979517002258,0.33761938970785016,0.7554285146520896,0.05973738412618037,0.165169150387453
1999-03-02,10,504,3668,0,0.0,0.017063492063492062,0.041666666666666664,0.26227592575653086,0.3316757363148087,0.46223019608718074,0.08078447962720134,0.12371680105157125
1999-03-02,50,485,3668,21,0.02,0.02672164948453609,0.09484536082474226,0.26130202670829844,0.3437954696645201,0.596987217357484,0.0668551243142744,0.16551310648435502
1999-03-02,100,483,3668,21,0.01,0.028757763975155285,0.09523809523809523,0.2454940473266685,0.35412771333518767,0.8048907783853273,0.059672406691642026,0.164418816275738
1999-03-02,200,476,3668,84,0.02,0.03305672268907563,0.12394957983193278,0.17882048602979647,0.3445451965296737,0.7977562117677643,0.05604536745691149,0.17379838998892894
1999-03-31,10,504,3654,0,0.0,0.019246031746031747,0.03968253968253968,0.2664589999576099,0.3387007220969901,0.4519423721487044,0.09913560179160778,0.13215371193788822
1999-03-31,50,497,3654,0,0.0,0.023138832997987926,0.07042253521126761,0.26447061420540235,0.34666177458178704,0.5966353373287487,0.07490606024192503,0.1895600218102286
1999-03-31,100,495,3654,8,0.0038095238095238095,0.02686868686868687,0.0707070707070707,0.24378434878678942,0.3599670325345886,0.792887729981544,0.06756984988476782,0.18858947856681227
1999-03-31,200,495,3654,10,0.0023809523809523807,0.030525252525252525,0.11515151515151516,0.18003916189187275,0.3484089036008585,0.8982785608916791,0.061102769487255036,0.18858947856681227
1999-04-30,10,504,3681,0,0.0,0.01825396825396825,0.031746031746031744,0.26751687342146624,0.3464568533314026,0.4500337199396019,0.08254813091641808,0.1265485684519484
1999-04-30,50,498,3681,0,0.0,0.022570281124497993,0.06827309236947791,0.26533507694482483,0.35141483256388784,0.6259429138817247,0.0700933332513266,0.17901576168425234
1999-04-30,100,476,3681,21,0.01,0.02455882352941176,0.0861344537815126,0.2464412196365543,0.3618444606720742,0.9874043363434981,0.05821979347226119,0.16932527488609747
1999-04-30,200,475,3681,33,0.007857142857142858,0.028673684210526316,0.10736842105263159,0.18011217766873022,0.35382742620597846,1.0791434518092922,0.053946569922863216,0.16721008952082708
1999-06-01,10,504,3680,0,0.0,0.015873015873015872,0.025793650793650792,0.2721580736099635,0.35304698166866166,0.44694123861229174,0.07064065921884119,0.10594691363680786
1999-06-01,50,498,3680,0,0.0,0.02120481927710843,0.0642570281124498,0.2700435611017983,0.3568423064454075,0.641016627490299,0.060109556591564334,0.15583166737337115
1999-06-01,100,478,3680,0,0.0,0.023117154811715484,0.06485355648535565,0.2490475472256483,0.36809220047388214,0.8240423063135869,0.050389965426229616,0.15599378204515232
1999-06-01,200,465,3680,21,0.005,0.026591397849462364,0.0967741935483871,0.18199753668886443,0.364393292574581,0.99993987213488,0.05110981791180995,0.16578416667160392
1999-06-30,10,504,3674,0,0.0,0.015277777777777779,0.023809523809523808,0.27335104184701753,0.35831744552009936,0.4605053983761805,0.0820317510718416,0.1153325891848225
1999-06-30,50,498,3674,0,0.0,0.020160642570281127,0.06224899598393574,0.27124487210561465,0.35949718037602013,0.6599868959964773,0.058064346688040676,0.14745339555034806
1999-06-30,100,496,3674,0,0.0,0.022802419354838715,0.0625,0.24606504884734862,0.3708921709739569,0.831311081317034,0.05251085111416358,0.14642047865557467
1999-06-30,200,495,3674,0,0.0,0.026090909090909095,0.09696969696969697,0.17911107164034965,0.36391464431768317,1.0052585355495116,0.048216204424988855,0.15994269173286496
1999-07-30,10,504,3683,0,0.0,0.015476190476190477,0.023809523809523808,0.2685425752107797,0.35796667825148115,0.46377326981631956,0.07320883623458735,0.10184245319794202
1999-07-30,50,498,3683,14,0.013333333333333332,0.02072289156626506,0.07028112449799197,0.2663322306545101,0.35761057163322274,0.6623106284191621,0.05375304204156132,0.1356019121339993
1999-07-30,100,496,3683,14,0.006666666666666666,0.023225806451612905,0.07056451612903226,0.24008283652407975,0.36997636152867586,0.8301843129586489,0.04865486731625415,0.13452883066930116
1999-07-30,200,495,3683,30,0.007142857142857142,0.026454545454545456,0.09292929292929293,0.17725680939177238,0.3638894643554852,0.9927000959507859,0.04142100918437953,0.1752674056982624
1999-08-30,10,504,3697,0,0.0,0.015674603174603174,0.027777777777777776,0.26441815545063246,0.36631823484231807,0.4663818755822461,0.07651350811311039,0.110453973518475
1999-08-30,50,484,3697,21,0.02,0.020578512396694216,0.08471074380165289,0.2643469761923342,0.35987710294565867,0.6716985784855114,0.05628022637380704,0.12969136442540008
1999-08-30,100,458,3697,21,0.01,0.02510917030567685,0.16375545851528384,0.23997427949196132,0.37707150720515153,0.8417011312894664,0.045491260274372794,0.12337472266535031
1999-08-30,200,456,3697,42,0.01,0.027061403508771925,0.16447368421052633,0.1777792347909697,0.3717325778607925,0.9811110508573337,0.0413121498788137,0.14668098215642017
1999-09-29,10,504,3675,0,0.0,0.01607142857142857,0.027777777777777776,0.26324862741683336,0.36641076473219647,0.46638415835596314,0.07258219665524875,0.11394276798356599
1999-09-29,50,498,3675,0,0.0,0.01931726907630522,0.04618473895582329,0.2609106449237998,0.36158439591989755,0.6775755809361876,0.050815560783537744,0.133516691153138
1999-09-29,100,493,3675,4,0.0019047619047619048,0.024219066937119678,0.16024340770791076,0.2449742449363285,0.37825998597412497,0.8248227707826821,0.043682738966246776,0.12817459390178423
1999-09-29,200,492,3675,4,0.0009523809523809524,0.02600609756097561,0.16056910569105692,0.1757129511235746,0.376713693796598,0.966526543564066,0.03636677173165851,0.12954115846299608
1999-10-28,10,504,3660,0,0.0,0.014682539682539682,0.025793650793650792,0.26191892006130435,0.37149820874332573,0.468855097197711,0.08206449134150724,0.11645613621887474
1999-10-28,50,499,3660,5,0.0047619047619047615,0.019238476953907818,0.05811623246492986,0.25930792164443245,0.3633743816728181,0.6718812086738662,0.05837020654169441,0.1364087841709771
1999-10-28,100,494,3660,7,0.003333333333333333,0.02392712550607288,0.15384615384615385,0.2513730291049347,0.3793458646311353,0.9630419213145115,0.04958529032459577,0.1324674177859948
1999-10-28,200,481,3660,18,0.004285714285714286,0.02576923076923077,0.14553014553014554,0.17505755493843306,0.37858758958148875,0.968100511678487,0.044097055035344015,0.1395461018597782
1999-11-29,10,504,3653,0,0.0,0.012301587301587301,0.023809523809523808,0.26149387949532993,0.3711086475111469,0.6641085158281399,0.09202418130551258,0.15887499840532693
1999-11-29,50,495,3653,21,0.02,0.01898989898989899,0.08888888888888889,0.2623198531962471,0.37381904022481993,0.7950379445943353,0.06609973586701111,0.15460555988783917
1999-11-29,100,493,3653,21,0.01,0.02241379310344828,0.08924949290060852,0.25490320650919046,0.3848574718018549,0.9709902506361223,0.0592131351251947,0.15360630172292059
1999-11-29,200,483,3653,42,0.01,0.025238095238095237,0.14906832298136646,0.17320872641513818,0.38561847892228973,1.173476469066114,0.0452154854812355,0.14564954475050185
1999-12-29,10,504,3646,0,0.0,0.013095238095238094,0.025793650793650792,0.26546138239428635,0.4104830339163392,0.6729186338396754,0.09913828739056377,0.14534284296260985
1999-12-29,50,500,3646,12,0.011428571428571429,0.018680000000000002,0.05,0.2659501938344756,0.38310695463228206,0.8230886862281327,0.07165045334256796,0.1618475900202552
1999-12-29,100,494,3646,14,0.006666666666666666,0.023117408906882585,0.1396761133603239,0.25732853777154985,0.39163169842128787,1.129869720906573,0.05837885409015836,0.1548174513869271
1999-12-29,200,474,3646,25,0.005952380952380952,0.023839662447257385,0.1350210970464135,0.202532582047619,0.3981983290600932,1.14775621173796,0.049452776851271515,0.15808230561141434
2000-01-28,10,504,3641,0,0.0,0.014285714285714285,0.025793650793650792,0.26751883684440686,0.38442794899725585,0.4957870135830621,0.07832598284441374,0.13090876471584306
2000-01-28,50,491,3641,21,0.02,0.018370672097759673,0.06924643584521385,0.2683044540222504,0.3964844414159672,0.8408664340885801,0.07148767884074701,0.1652642516655159
2000-01-28,100,489,3641,21,0.01,0.021349693251533745,0.06952965235173825,0.2602400115004033,0.4039406930073936,1.1498882468665605,0.061299258936202854,0.16747252631290194
2000-01-28,200,473,3641,50,0.011904761904761904,0.022325581395348834,0.08668076109936575,0.210372600538285,0.41683937314372693,1.2079814372375508,0.05187949788597424,0.1709681008500993
2000-02-29,10,504,3602,0,0.0,0.013293650793650793,0.023809523809523808,0.27694029290404776,0.42992417572516683,0.6573981946664884,0.0743750092048548,0.1367153322651063
2000-02-29,50,504,3602,0,0.0,0.01619047619047619,0.03571428571428571,0.27694029290404776,0.4297408370700064,0.8504375822861913,0.05969638748840485,0.16292863073947725
2000-02-29,100,502,3602,0,0.0,0.0200199203187251,0.045816733067729085,0.26968986123953603,0.4202666339137197,1.1512432917697197,0.051265753370133484,0.16503882780477974
2000-02-29,200,494,3602,21,0.005,0.021983805668016193,0.08704453441295547,0.2118751714809645,0.43478589145534113,1.1546131074082218,0.05132406637123275,0.1571832974947699
2000-03-29,10,504,3588,0,0.0,0.013095238095238094,0.025793650793650792,0.2932160441763186,0.43911658000892406,0.6634682957184854,0.08083280250444466,0.14652322614345115
2000-03-29,50,504,3588,0,0.0,0.01579365079365079,0.037698412698412696,0.2932160441763186,0.43145841739913016,0.8552442547795868,0.0658211575076302,0.16117122659546407
2000-03-29,100,502,3588,0,0.0,0.019043824701195217,0.045816733067729085,0.2933928220865627,0.43332775909566495,1.1513860376216813,0.05319605771693696,0.16326504513016935
2000-03-29,200,488,3588,0,0.0,0.020071721311475405,0.0778688524590164,0.21938166245436336,0.45694305185226847,1.210378443078647,0.04874695056646858,0.15340081136714032
2000-04-28,10,504,3589,0,0.0,0.012698412698412698,0.025793650793650792,0.2995551515767898,0.4467632202214046,0.6930692186942302,0.07224478630742306,0.12764682665118585
2000-04-28,50,504,3589,0,0.0,0.01607142857142857,0.037698412698412696,0.2995551515767898,0.44137863972701874,0.8621100601559214,0.053482624089108775,0.1425465250767744
2000-04-28,100,502,3589,11,0.005238095238095239,0.01936254980079681,0.06772908366533864,0.29975211689183173,0.4412512092975698,0.8633492192006884,0.04834578523197812,0.14032027395068938
2000-04-28,200,502,3589,11,0.0026190476190476194,0.020776892430278884,0.07768924302788845,0.22522853891893063,0.45256514124224123,1.183921017381698,0.046176158869859416,0.14032027395068938
2000-05-30,10,504,3566,0,0.0,0.0125,0.023809523809523808,0.3019307837768639,0.45112520971242753,0.7019023594968534,0.06634363343864817,0.11791228963839064
2000-05-30,50,504,3566,0,0.0,0.016865079365079364,0.03968253968253968,0.3019307837768639,0.44779106080126346,0.8673528222302899,0.0486944253029556,0.12819322535734082
2000-05-30,100,491,3566,52,0.024761904761904763,0.019918533604887982,0.0855397148676171,0.3038495314577825,0.44314095680829846,0.8696178393302882,0.0449787560326442,0.13341921701659748
2000-05-30,200,477,3566,52,0.012380952380952381,0.0209853249475891,0.0859538784067086,0.22193718331557863,0.45838441241297734,1.197827538699785,0.04388579457337235,0.14597479812242
2000-06-28,10,504,3549,0,0.0,0.013293650793650792,0.025793650793650792,0.30372626368315936,0.44788590559329633,0.7082435163918492,0.06509310427546204,0.12477928352332986
2000-06-28,50,504,3549,0,0.0,0.01630952380952381,0.037698412698412696,0.30372626368315936,0.45668602549088233,0.872070896389138,0.05200176221202866,0.13539232311164426
2000-06-28,100,494,3549,23,0.010952380952380953,0.018542510121457488,0.08906882591093117,0.3057667700642135,0.4565063719849495,1.0709241832441392,0.05099208350781697,0.137978951757739
2000-06-28,200,482,3549,49,0.011666666666666667,0.01987551867219917,0.07468879668049792,0.22917252749392067,0.46603005828444677,1.262287865289847,0.0434258041062679,0.14086646409745043
2000-07-28,10,504,3533,0,0.0,0.014880952380952378,0.025793650793650792,0.30636872196785037,0.4507677263867441,0.7096649365453782,0.06244697668996442,0.11684345461479072
2000-07-28,50,504,3533,19,0.018095238095238095,0.01646825396825397,0.06547619047619048,0.30636872196785037,0.4592334530806559,0.8750737353404038,0.051173523676972026,0.1442529576227005
2000-07-28,100,502,3533,62,0.029523809523809525,0.019741035856573705,0.06772908366533864,0.30455804765613215,0.45808694206577805,1.0717597765329172,0.04905207347503584,0.16156292909112344
2000-07-28,200,498,3533,83,0.019761904761904762,0.02107429718875502,0.07429718875502007,0.22259475213847532,0.46466795377222003,1.2470925711725487,0.046946684987755866,0.16318844365976282
2000-08-28,10,504,3505,0,0.0,0.013492063492063494,0.027777777777777776,0.3052597973422409,0.447952042096562,0.7092783025356239,0.06870366817486107,0.12949858445133325
2000-08-28,50,485,3505,21,0.02,0.01711340206185567,0.07216494845360824,0.30796256807911787,0.46143157433088144,0.8864382186743693,0.05559437682450001,0.14526154708655617
2000-08-28,100,481,3505,84,0.04,0.019584199584199588,0.07068607068607069,0.3067367844240942,0.461738923708059,1.1212520054959816,0.06037044461264338,0.17035245315597594
2000-08-28,200,461,3505,84,0.02,0.020488069414316704,0.0737527114967462,0.21167729888536993,0.46161197621758754,1.1846295943547547,0.05587499812032098,0.19143496147769234
2000-09-27,10,504,3465,0,0.0,0.015674603174603174,0.027777777777777776,0.30056509628565964,0.43116068014322784,0.7000489141383793,0.07331183432376302,0.12609897655170968
2000-09-27,50,504,3465,0,0.0,0.01734126984126984,0.03968253968253968,0.30056509628565964,0.441593130465642,0.7943059506962564,0.05023592449510098,0.14770871710601238
2000-09-27,100,504,3465,0,0.0,0.018531746031746028,0.04365079365079365,0.26294128144110224,0.4537068284755228,1.1053728183194445,0.05763283568391901,0.14770871710601238
2000-09-27,200,504,3465,11,0.0026190476190476194,0.020307539682539684,0.07341269841269842,0.2057097088892586,0.45786363766137905,1.1572724508776957,0.055326329005347966,0.17443846489149198
2000-10-26,10,504,3449,0,0.0,0.016269841269841268,0.027777777777777776,0.2969680120825132,0.39316549486397645,0.5486730227805546,0.05573409649171487,0.08975268561450753
2000-10-26,50,504,3449,0,0.0,0.0175,0.04365079365079365,0.2969680120825132,0.44971552904082224,0.814156959105054,0.04703360787719614,0.13193707221741532
2000-10-26,100,489,3449,0,0.0,0.01871165644171779,0.04294478527607362,0.26231584986672496,0.4551833119396763,1.0789313146317148,0.04695882867100895,0.13653420533132013
2000-10-26,200,478,3449,28,0.006666666666666666,0.021150627615062763,0.07531380753138076,0.20281866604285592,0.449885147739544,1.0828226158735381,0.046311804268622296,0.16597896021761857
2000-11-27,10,504,3445,0,0.0,0.01607142857142857,0.027777777777777776,0.2958994072103055,0.389993341250234,0.563884202974075,0.043797325341667505,0.07578717600323408
2000-11-27,50,504,3445,0,0.0,0.017182539682539678,0.03968253968253968,0.2958994072103055,0.4527152082878789,0.8616313888263192,0.03548940939308023,0.11820274386794671
2000-11-27,100,504,3445,0,0.0,0.019246031746031744,0.04365079365079365,0.263775041347991,0.45116983063636446,1.0928972687544896,0.03799477457982372,0.1240507315789871
2000-11-27,200,497,3445,28,0.006666666666666666,0.02155935613682092,0.11670020120724346,0.20693433127361507,0.453880547216564,1.0915149899172736,0.042145460278995565,0.15416965765899784
2000-12-27,10,504,3419,0,0.0,0.015277777777777776,0.025793650793650792,0.2995923601586864,0.39441993140914355,0.5866242230819726,0.03657181470055981,0.06941755957077322
2000-12-27,50,504,3419,0,0.0,0.017460317460317464,0.03968253968253968,0.2937965399727568,0.4524279960866042,0.8805349302254735,0.031415254757918884,0.11864287486623643
2000-12-27,100,504,3419,0,0.0,0.019404761904761904,0.04563492063492063,0.2684977016497019,0.4488502117129861,0.9646843058904528,0.03338939550208395,0.1320271112816172
2000-12-27,200,504,3419,0,0.0,0.02128968253968254,0.06746031746031746,0.2096969631642602,0.4521766528174739,1.1346090887078886,0.03871311816500781,0.1320271112816172
2001-01-29,10,504,3414,0,0.0,0.013095238095238094,0.025793650793650792,0.30005336029564345,0.43055313750212165,0.6819929768567645,0.03239665274568831,0.06947610700947203
2001-01-29,50,504,3414,3,0.002857142857142857,0.017777777777777774,0.041666666666666664,0.30005336029564345,0.4612281025368412,0.9014937333944043,0.027102949990616063,0.10837968510961421
2001-01-29,100,504,3414,15,0.007142857142857142,0.019999999999999997,0.051587301587301584,0.2841799573295622,0.45468269964339475,1.078522621536112,0.03169212710933419,0.10837968510961421
2001-01-29,200,504,3414,26,0.00619047619047619,0.02117063492063492,0.06746031746031746,0.2105454012167655,0.4596176431463247,1.1632283331246707,0.036536126988787415,0.12545040671273877
2001-02-28,10,504,3414,0,0.0,0.01488095238095238,0.027777777777777776,0.29942380322010215,0.38922096660242,0.6792771546270099,0.027488680503711727,0.05346790308009674
2001-02-28,50,501,3414,21,0.02,0.01880239520958084,0.059880239520958084,0.2931430055988104,0.4569245729976082,0.7773506268915836,0.02306781200055178,0.062204836493364134
2001-02-28,100,492,3414,63,0.03,0.021300813008130078,0.07113821138211382,0.28807197109584093,0.44418366143671895,0.9413931926526705,0.030576016460163755,0.10734862568393244
2001-02-28,200,492,3414,99,0.023571428571428573,0.021900406504065037,0.07113821138211382,0.21050781792930756,0.4523050565867878,1.079862097909765,0.035431667069997695,0.12136965539533758
2001-03-29,10,504,3400,0,0.0,0.013492063492063491,0.023809523809523808,0.2970288748648122,0.39549688948728084,0.6744440106315096,0.01338431640847298,0.04126267378571248
2001-03-29,50,480,3400,21,0.02,0.019249999999999996,0.0625,0.2936071554164395,0.45756482145624555,0.7687675318979449,0.0190014199020449,0.07718138777517704
2001-03-29,100,456,3400,21,0.01,0.020109649122807015,0.06578947368421052,0.2829492629989606,0.44965501598458496,0.9513209419707487,0.022344055805335272,0.08297205414438286
2001-03-29,200,456,3400,84,0.02,0.02223684210526316,0.07017543859649122,0.21120570806814767,0.44882545956921915,1.099412630194283,0.024632105314485387,0.11804237853813575
2001-04-30,10,504,3414,0,0.0,0.011111111111111112,0.021825396825396824,0.29428316761033113,0.4316075808141778,0.6577060389709358,0.02282587403772125,0.04219521916363386
2001-04-30,50,504,3414,0,0.0,0.017103174603174603,0.037698412698412696,0.2794112510873915,0.4509819682008056,0.8118851955995836,0.01884392185401399,0.060932555755059105
2001-04-30,100,501,3414,0,0.0,0.018522954091816365,0.041916167664670656,0.27826488861734344,0.4449034303931002,1.0179785158476795,0.02127502965481451,0.08079250741424697
2001-04-30,200,478,3414,21,0.005,0.020847280334728033,0.06903765690376569,0.21587830081664683,0.45373233678953284,1.1086853456523196,0.020204176963281185,0.10706720704905466
2001-05-30,10,504,3411,0,0.0,0.010912698412698412,0.021825396825396824,0.2884720419598535,0.4265302847076046,0.645660227954445,0.027161814838204974,0.04954002742401622
2001-05-30,50,504,3411,0,0.0,0.016706349206349204,0.03571428571428571,0.2758341240816778,0.4475338319687716,0.8148871641787943,0.02299517874817017,0.06086139074365534
2001-05-30,100,504,3411,0,0.0,0.017996031746031746,0.03968253968253968,0.2758341240816778,0.4430152400749987,1.0233334888131316,0.02446753044456966,0.07432018569695639
2001-05-30,200,485,3411,0,0.0,0.019082474226804123,0.0577319587628866,0.2227072060962798,0.4469823656176265,1.1505171402265806,0.028788279538335678,0.10209497364591734
2001-06-28,10,504,3430,0,0.0,0.010912698412698412,0.01984126984126984,0.2857377042729246,0.4218093679439249,0.6425759973277226,0.024155173861894592,0.04662679803543937
2001-06-28,50,504,3430,0,0.0,0.016507936507936506,0.03571428571428571,0.2728467250219715,0.4418647033717759,0.7913678252209114,0.01599806916389997,0.058253780310547225
2001-06-28,100,490,3430,12,0.005714285714285714,0.017673469387755103,0.044897959183673466,0.27416860783490893,0.44106694906641575,1.0092637046035136,0.018362058654224935,0.06354265076276212
2001-06-28,200,490,3430,12,0.002857142857142857,0.0186734693877551,0.05510204081632653,0.2218003760357278,0.4425922472168168,1.148067904188669,0.022636983081960885,0.09396869929179186
2001-07-30,10,504,3465,0,0.0,0.009920634920634918,0.01984126984126984,0.2874558471834145,0.42323592163002877,0.6436095444407396,0.021720173679382563,0.04424960357618569
2001-07-30,50,504,3465,0,0.0,0.015634920634920633,0.04365079365079365,0.27573136344039906,0.44727034241651187,0.8951805148670936,0.017572815383820793,0.05233291148145406
2001-07-30,100,492,3465,21,0.01,0.018109756097560974,0.05894308943089431,0.27482694857826856,0.43874915211034016,0.8973774704915269,0.016898764763496537,0.06714101676156543
2001-07-30,200,492,3465,38,0.009047619047619047,0.01948170731707317,0.08943089430894309,0.16228350158805033,0.4401216367325709,1.0765465823678566,0.022073894015390873,0.1028766110755889
2001-08-28,10,504,3470,0,0.0,0.009523809523809523,0.017857142857142856,0.2859659628958252,0.4193159248881869,0.6453370416839858,0.015146410010216374,0.0390861377177367
2001-08-28,50,504,3470,0,0.0,0.014999999999999998,0.04365079365079365,0.27522281451655867,0.439440365399033,0.8917010852902416,0.014350510725550073,0.04382564700516883
2001-08-28,100,504,3470,1,0.0004761904761904762,0.01674603174603174,0.04365079365079365,0.27522281451655867,0.43092914167955926,0.8917010852902416,0.017579469724514088,0.0612205158573842
2001-08-28,200,487,3470,33,0.007857142857142858,0.0190041067761807,0.08213552361396304,0.1633611575610972,0.43553210269353304,1.091241073330191,0.02408105563290863,0.10283417350351129
2001-10-02,10,504,3487,0,0.0,0.012301587301587301,0.017857142857142856,0.29052507446967235,0.3830488701654354,0.506280706951496,0.017185354316418915,0.037023677569285714
2001-10-02,50,504,3487,0,0.0,0.01734126984126984,0.05357142857142857,0.2788047825893919,0.4289449958664189,0.8134425258559548,0.012779651063841777,0.055439407261019334
2001-10-02,100,504,3487,15,0.007142857142857143,0.018293650793650792,0.05357142857142857,0.22657284879255105,0.43401863162427,0.8907069024375379,0.014905213360566409,0.07506645927392834
2001-10-02,200,493,3487,49,0.011666666666666667,0.021399594320486815,0.07910750507099391,0.16175806348701277,0.4218050690588159,1.0529939759208982,0.023372653439655777,0.10551598979537159
2001-10-31,10,504,3498,0,0.0,0.011507936507936505,0.017857142857142856,0.2884693085401074,0.3883102018725315,0.6600757395659154,0.016265820396858848,0.036435247673207924
2001-10-31,50,504,3498,7,0.006666666666666666,0.01738095238095238,0.057539682539682536,0.27857033526123615,0.4189868488103077,0.819395638842232,0.011672422033351814,0.06873928826638026
2001-10-31,100,489,3498,28,0.013333333333333332,0.018139059304703477,0.05930470347648262,0.22651594240960993,0.4269236792793253,0.9033586795273141,0.012739388038477186,0.10047688586035268
2001-10-31,200,472,3498,49,0.011666666666666665,0.020572033898305087,0.07627118644067797,0.1677880060588852,0.42522813513698116,1.0890536880202624,0.014731397377042202,0.09529153520041944
2001-11-30,10,504,3500,0,0.0,0.01111111111111111,0.015873015873015872,0.288570393283277,0.38751859943821154,0.6595294897708414,0.015872034680010586,0.02894841865716423
2001-11-30,50,504,3500,0,0.0,0.01595238095238095,0.061507936507936505,0.27623758679383886,0.4186988903371778,0.8860661116172961,0.010378767848236724,0.06792148822114691
2001-11-30,100,497,3500,21,0.01,0.017605633802816906,0.07243460764587525,0.2272773541712651,0.4244049171453226,0.8905155263625661,0.013943908571486212,0.0934673063071068
2001-11-30,200,496,3500,21,0.005,0.019042338709677416,0.07258064516129033,0.17312083276865683,0.4331407361383318,1.1276327662419219,0.02109651587892224,0.09462077021086963
2002-01-02,10,504,3493,0,0.0,0.010714285714285713,0.015873015873015872,0.286994177851225,0.3866835534246269,0.6581039287436444,0.012752868200467471,0.03477120422164463
2002-01-02,50,504,3493,0,0.0,0.016031746031746032,0.06349206349206349,0.2722832259276569,0.40761471027956475,0.7967490802607811,0.012431341121087246,0.07990450431601909
2002-01-02,100,504,3493,0,0.0,0.016805555555555553,0.06349206349206349,0.22738348798862124,0.4244194286117722,0.8824646280125317,0.012788845422883525,0.09785447503115609
2002-01-02,200,481,3493,0,0.0,0.018264033264033263,0.06444906444906445,0.1688734673234434,0.4240061992370108,1.1381795474909213,0.02620569297468388,0.10361142281715628
2002-02-01,10,504,3499,0,0.0,0.010515873015873015,0.015873015873015872,0.2789634422481463,0.3831437640833103,0.6504460460941182,0.014073223078745945,0.05215283241423688
2002-02-01,50,504,3499,0,0.0,0.015595238095238093,0.061507936507936505,0.2692196318984935,0.3997203708135848,0.7857406235145744,0.011362245575694993,0.0921880827712613
2002-02-01,100,503,3499,0,0.0,0.016560636182902586,0.061630218687872766,0.22213363506564998,0.4109540264686905,0.8342924629545574,0.015880344363143846,0.10257232922931867
2002-02-01,200,495,3499,21,0.005,0.018959595959595957,0.12727272727272726,0.16702269306073844,0.4120236994257448,1.1279435848756592,0.025130951429132818,0.10424154216513297
2002-03-05,10,504,3510,0,0.0,0.010119047619047618,0.015873015873015872,0.2715219295296531,0.38236131345457036,0.65148156897242,0.026014682412270913,0.0733322705290615
2002-03-05,50,504,3510,0,0.0,0.015476190476190475,0.06746031746031746,0.2590385955293197,0.38885774604632883,0.7806289534569467,0.02146027881102958,0.10223564773260797
2002-03-05,100,504,3510,0,0.0,0.016071428571428566,0.06746031746031746,0.22116842529352235,0.4035813372146585,0.877076186619938,0.023646558666456374,0.10997027019530169
2002-03-05,200,503,3510,0,0.0,0.0178727634194831,0.06759443339960239,0.1619079012836318,0.4004241560025841,1.1201273893938708,0.0336918822979275,0.11814661162334592
2002-04-04,10,504,3538,0,0.0,0.01111111111111111,0.017857142857142856,0.2448650816047703,0.370981078687046,0.6499130477239948,0.013222611945393283,0.08518792112263018
2002-04-04,50,504,3538,0,0.0,0.015476190476190475,0.06944444444444445,0.2448650816047703,0.37504276088170185,0.7712039966277591,0.01135421511364204,0.10424467334823999
2002-04-04,100,483,3538,0,0.0,0.016149068322981366,0.07246376811594203,0.21051052635764028,0.3763646681890701,0.8312827662742693,0.013584239671408363,0.10236459182765975
2002-04-04,200,482,3538,0,0.0,0.017396265560165977,0.07261410788381743,0.16277083606561238,0.3662933635833604,1.0806493629033878,0.02290243436029225,0.1292082400471262
2002-05-03,10,504,3579,0,0.0,0.01111111111111111,0.017857142857142856,0.23049742523342534,0.36411314368675174,0.6342600181780882,0.004848352464263553,0.07052037871611261
2002-05-03,50,504,3579,0,0.0,0.01583333333333333,0.07142857142857142,0.23049742523342534,0.3589567243505781,0.7511670591202187,0.006280930630671405,0.10215479182531383
2002-05-03,100,504,3579,0,0.0,0.01591269841269841,0.07142857142857142,0.2091348394106648,0.3667314385279504,0.8086016036140812,0.012803552254567691,0.11056441834806854
2002-05-03,200,503,3579,0,0.0,0.017306163021868784,0.07157057654075547,0.16413507982488068,0.35993875731292224,0.8854376044519999,0.023354966974557412,0.12506939051845514
2002-06-04,10,504,3621,0,0.0,0.011904761904761904,0.017857142857142856,0.2286790264630352,0.33628897261508905,0.631609916516755,0.002047106530190696,0.053463658101957065
2002-06-04,50,504,3621,0,0.0,0.015873015873015872,0.06944444444444445,0.2286790264630352,0.355735018898386,0.7576650937781348,0.005187570245514154,0.08769604881268014
2002-06-04,100,504,3621,0,0.0,0.015595238095238093,0.06944444444444445,0.20980644458028716,0.3616911741470055,0.8134745865114478,0.011843111967132202,0.10656952737282276
2002-06-04,200,503,3621,15,0.0035714285714285713,0.016888667992047714,0.06958250497017893,0.16370592342743465,0.3580002372206573,0.8609347186594902,0.020456792420825366,0.12155313225240516
2002-07-03,10,504,3653,0,0.0,0.01111111111111111,0.017857142857142856,0.22599776394982765,0.342002096278166,0.46422196079539163,-0.006493026156907097,0.018108032909453953
2002-07-03,50,504,3653,0,0.0,0.015595238095238093,0.07341269841269842,0.22599776394982765,0.35186830479047465,0.7608229018252756,-0.0023101561901769,0.06890661985646498
2002-07-03,100,504,3653,1,0.0004761904761904762,0.015873015873015872,0.07341269841269842,0.21108912420388243,0.3539305753028391,0.7838216343687326,0.007923852654592032,0.10596244645639989
2002-07-03,200,490,3653,22,0.005238095238095239,0.016673469387755102,0.07142857142857142,0.16297228971647648,0.3516487821750115,0.8507004370386866,0.021372647936905232,0.10968302189683442
2002-08-02,10,504,3677,0,0.0,0.010912698412698412,0.017857142857142856,0.26446808942057193,0.35160268017566326,0.6672896991310325,-0.014556944513147378,0.025045204796818075
2002-08-02,50,504,3677,0,0.0,0.01484126984126984,0.07142857142857142,0.24817528357063173,0.3669521149243342,0.7682929232494796,-0.0065067153717433025,0.07631891665790713
2002-08-02,100,503,3677,0,0.0,0.01499005964214712,0.07157057654075547,0.22255196037512157,0.3625180247891059,0.7941818202873067,-0.0015866837481363946,0.08576836768217286
2002-08-02,200,500,3677,5,0.0011904761904761904,0.016720000000000002,0.252,0.08437469932097161,0.3569734578741065,0.8481600704526511,0.0053144143419904,0.09242600536791204
2002-09-03,10,504,3717,0,0.0,0.00972222222222222,0.015873015873015872,0.2699321036594152,0.3494095745778285,0.4818128999539726,-0.008434706621991878,0.02686476100664145
2002-09-03,50,504,3717,0,0.0,0.014007936507936504,0.07142857142857142,0.2514625405854522,0.3660903085138145,0.7736255884811605,-0.003473605269659173,0.0643732570780138
2002-09-03,100,503,3717,0,0.0,0.013916500994035786,0.07157057654075547,0.2302001797626278,0.3697817970718851,0.8036684307558448,-0.002821287694468671,0.0831389142373134
2002-09-03,200,498,3717,21,0.005,0.014728915662650601,0.07228915662650602,0.17626578610431576,0.3569039031767707,0.8592492752437314,0.00673913343666183,0.10493960747681964
2002-10-02,10,504,3757,0,0.0,0.010515873015873015,0.015873015873015872,0.2737405565398522,0.3367589088119732,0.48745854652375703,-0.002342849687809774,0.05800567154277232
2002-10-02,50,504,3757,0,0.0,0.01333333333333333,0.07341269841269842,0.25695665705191834,0.38018746080320054,0.7817284947370787,-0.005970420218728021,0.05800567154277232
2002-10-02,100,483,3757,0,0.0,0.019275362318840576,0.6873706004140787,0.13612743115988515,0.3595140259349652,0.8259972762433826,-0.006606686839300418,0.07743815371917556
2002-10-02,200,483,3757,14,0.003333333333333333,0.01803312629399586,0.6873706004140787,0.08640525274145201,0.3528239964152094,0.8681364189259633,0.0008645152419312763,0.08200957963797292
2002-10-31,10,504,3790,0,0.0,0.00873015873015873,0.013888888888888888,0.276504710236717,0.3499319390500998,0.46917053301157535,-0.006271158670079924,0.03454683476076674
2002-10-31,50,504,3790,0,0.0,0.012738095238095236,0.07142857142857142,0.24237069349258272,0.37470705031470414,0.7742234421844414,-0.0008370355509627678,0.05964460275308366
2002-10-31,100,494,3790,0,0.0,0.019109311740890686,0.7004048582995951,0.13423109325558036,0.3840750789889182,0.8277888098761325,-0.004620347577778101,0.07400949256188903
2002-10-31,200,459,3790,21,0.005,0.01715686274509804,0.6949891067538126,0.13485385813845127,0.35210470962895246,1.0890774162057122,0.002735618130378375,0.09321154662020649
2002-12-02,10,504,3798,0,0.0,0.00873015873015873,0.013888888888888888,0.2774221155195294,0.38200392940695876,0.658040146585222,-0.002460698026779603,0.03258729019562099
2002-12-02,50,504,3798,0,0.0,0.011904761904761902,0.06944444444444445,0.23671184496376868,0.3774866084819877,0.7633338877642389,0.0011347248582966325,0.07084591411974796
2002-12-02,100,498,3798,0,0.0,0.01863453815261044,0.7208835341365462,0.13313379436246173,0.39294715496858135,0.8288587391747655,-0.004756090605381126,0.07101548222253723
2002-12-02,200,477,3798,0,0.0,0.016037735849056604,0.7211740041928721,0.13233178256296882,0.36346367132266877,1.0550994895226342,0.01097511110297184,0.08658328507285697
2003-01-02,10,504,3808,0,0.0,0.00873015873015873,0.013888888888888888,0.2766614914706139,0.33871378378547473,0.43371832892741236,-0.009380687658328637,0.020652861418944447
2003-01-02,50,504,3808,0,0.0,0.011706349206349205,0.06944444444444445,0.2334570271630825,0.36759291840188685,0.8300752838520082,-0.00623823246794536,0.05652618800547852
2003-01-02,100,500,3808,0,0.0,0.01854,0.738,0.13211340551273507,0.37513060791642044,0.8321428816629798,-0.007378445313252169,0.06854853235251805
2003-01-02,200,479,3808,0,0.0,0.016868475991649267,0.7390396659707724,0.08289510239257852,0.35093526845767187,1.0443287307305102,0.005835328579726993,0.09637994118862923
2003-02-03,10,504,3803,0,0.0,0.008134920634920634,0.013888888888888888,0.27653264700197444,0.33817165569881114,0.42430034661193455,-0.013130743453542242,0.02941183254257792
2003-02-03,50,504,3803,0,0.0,0.010793650793650793,0.07142857142857142,0.2298592609931565,0.367422101053676,0.7093006950378696,-0.009911543661848704,0.044792871758188156
2003-02-03,100,500,3803,0,0.0,0.01784,0.738,0.13141812661512317,0.3749537394121783,0.8316248422200196,-0.011980936758077996,0.06788267495363942
2003-02-03,200,479,3803,0,0.0,0.01605427974947808,0.7390396659707724,0.08631211455258894,0.3507867896695147,1.0225679473553722,0.0038113450660980496,0.08937639775715833
2003-03-05,10,504,3803,0,0.0,0.008333333333333331,0.015873015873015872,0.27922186385512926,0.3402768226656029,0.4214682552762604,-0.015076652447789395,0.020429224764585304
2003-03-05,50,504,3803,0,0.0,0.010912698412698412,0.07539682539682539,0.2331238586181653,0.36592900208852824,0.6938367592627651,-0.01114472462612331,0.04576281772596447
2003-03-05,100,500,3803,0,0.0,0.0181,0.746,0.12956719806252778,0.37337855006418275,0.833034286541514,-0.01233343167774459,0.0708160529493165
2003-03-05,200,479,3803,0,0.0,0.016242171189979122,0.7473903966597077,0.08758320578759636,0.35309292149334404,1.0056658046071114,0.00096634169441799,0.08516419911400978
2003-04-03,10,504,3791,0,0.0,0.008531746031746033,0.017857142857142856,0.27653703515291667,0.3428104315011927,0.41399829043402236,0.0020317680359650016,0.04648968467853237
2003-04-03,50,504,3791,0,0.0,0.01103174603174603,0.07142857142857142,0.23242144446653873,0.3587316886186869,0.6612019067909786,0.0009883440926315554,0.06385892834909628
2003-04-03,100,500,3791,0,0.0,0.01812,0.738,0.12867006884038681,0.3734250268718873,0.8372918276850378,-0.00209181645570091,0.06995223357737645
2003-04-03,200,479,3791,0,0.0,0.015302713987473902,0.7390396659707724,0.12764306238569956,0.3447543386278,0.9715286819951992,0.01288564124055809,0.10746408487927342
2003-05-05,10,504,3799,0,0.0,0.00873015873015873,0.017857142857142856,0.27676993415303325,0.3391577849099092,0.40770792591951965,-0.005269733866814086,0.031546256705346144
2003-05-05,50,504,3799,6,0.005714285714285714,0.011507936507936507,0.06944444444444445,0.22262806759633672,0.35799788864919546,0.63275689349905,-0.000320435910272117,0.06980026611388625
2003-05-05,100,500,3799,6,0.002857142857142857,0.0182,0.744,0.12504490358340445,0.370355250392042,0.8354795471563194,-0.002906219759727301,0.08445879076551258
2003-05-05,200,479,3799,24,0.005714285714285714,0.0162839248434238,0.7453027139874739,0.09234739421583973,0.3427362655009045,0.9460281178996687,0.011688804161718963,0.10088806268373245
2003-06-04,10,504,3803,0,0.0,0.008531746031746031,0.017857142857142856,0.2773132518719345,0.35863380543239837,0.5668893251514379,-0.0053430715158723436,0.023433085527837166
2003-06-04,50,498,3803,21,0.02,0.011967871485943775,0.0642570281124498,0.22214270236273115,0.3592030854989141,0.610498948743333,-0.0018967114659502102,0.060879985248501786
2003-06-04,100,494,3803,21,0.01,0.018704453441295548,0.742914979757085,0.12274642010533125,0.37294275360420304,0.8411819867931073,-0.005491071975113837,0.08452121804726173
2003-06-04,200,451,3803,42,0.01,0.015498891352549888,0.7361419068736141,0.12411964338535036,0.35061845631270433,0.9515818312710386,0.009468587666573986,0.09160648020330818
2003-07-03,10,504,3824,0,0.0,0.008531746031746031,0.01984126984126984,0.27818741631726607,0.3606619781080043,0.5625441058264234,-0.002756674166046919,0.02526709659810173
2003-07-03,50,504,3824,0,0.0,0.01111111111111111,0.06746031746031746,0.21975574655837965,0.3606619781080043,0.5925872966737958,0.006515802493233672,0.06401305249068133
2003-07-03,100,500,3824,0,0.0,0.01794,0.742,0.1176844655620219,0.37567588246441014,0.83757495331496,0.004531870561640583,0.09585409439185426
2003-07-03,200,479,3824,1,0.0002380952380952381,0.015073068893528184,0.7432150313152401,0.11604960425626142,0.3463112636704849,0.9285174270685684,0.019942894708709153,0.11298680055042243
2003-08-04,10,504,3816,0,0.0,0.00873015873015873,0.01984126984126984,0.2765363570207897,0.3607691405938054,0.560026665464834,-0.0024866752254317096,0.010575585321555009
2003-08-04,50,504,3816,0,0.0,0.010912698412698409,0.05952380952380952,0.2186965587529135,0.36804635362327653,0.5810702231792122,0.005269582567371206,0.051723034784706974
2003-08-04,100,500,3816,0,0.0,0.017920000000000002,0.746,0.11028677559243115,0.37891636807598345,0.8371331360688329,0.0024899610963449235,0.09565848541045266
2003-08-04,200,478,3816,21,0.005,0.01502092050209205,0.7468619246861925,0.10831135157193654,0.34918839740294405,0.9185239159027062,0.018570781003804132,0.1120029587478271
2003-09-03,10,504,3817,0,0.0,0.00873015873015873,0.01984126984126984,0.2744757186829478,0.36079819440562805,0.5548374365852019,0.00259588425437772,0.02916805118442637
2003-09-03,50,504,3817,0,0.0,0.01107142857142857,0.06746031746031746,0.21681341319744868,0.36079819440562805,0.5729058327990366,0.00803176993213123,0.04303475390006741
2003-09-03,100,500,3817,0,0.0,0.01782,0.736,0.11060608066530278,0.37961335988066325,0.8382195061783997,0.005360804827580105,0.08632391646200539
2003-09-03,200,457,3817,21,0.005,0.014890590809628007,0.737417943107221,0.11052952415060104,0.3572743459645857,0.9316080742517914,0.019083893045414947,0.10899459964664039
2003-10-02,10,504,3821,0,0.0,0.006547619047619047,0.015873015873015872,0.26966966623685956,0.35476418180240554,0.5402576141098356,0.010580411547841785,0.038449253665230526
2003-10-02,50,504,3821,0,0.0,0.009047619047619047,0.061507936507936505,0.20600232586282005,0.37060701698305876,0.8330244639413811,0.016863596376620976,0.06194036787921596
2003-10-02,100,500,3821,0,0.0,0.0161,0.732,0.11354988536138558,0.360671997687635,0.835080023795388,0.016236455131658778,0.08987025588476842
2003-10-02,200,479,3821,0,0.0,0.012985386221294361,0.732776617954071,0.11166634724845437,0.3387468534817913,0.8850632695751098,0.033314615100225396,0.1249604055094603
2003-10-31,10,504,3822,0,0.0,0.006547619047619047,0.015873015873015872,0.26781370488067774,0.35163980258294103,0.5287115968200184,0.004572205042930011,0.03715475474119939
2003-10-31,50,504,3822,0,0.0,0.009126984126984128,0.057539682539682536,0.19997865228130285,0.36853633016384435,0.8330233735570324,0.017048951433247493,0.06536328960297064
2003-10-31,100,479,3822,0,0.0,0.015970772442588724,0.732776617954071,0.11003587425442352,0.34233271504704343,0.845953961961493,0.031066673074871768,0.13233757299499394
2003-10-31,200,479,3822,0,0.0,0.012912317327766178,0.732776617954071,0.11003587425442352,0.3307275904113855,0.845953961961493,0.03681805038878728,0.13233757299499394
2003-12-02,10,504,3820,0,0.0,0.007936507936507936,0.015873015873015872,0.2622428104675088,0.3538537789253763,0.5233102806951139,0.002854686028763565,0.02541880912530741
2003-12-02,50,504,3820,0,0.0,0.009365079365079364,0.061507936507936505,0.1977644292945022,0.3635441463695095,0.8347352206792147,0.012486950905143674,0.061320980142085216
2003-12-02,100,482,3820,0,0.0,0.01655601659751037,0.7344398340248963,0.10961344244530816,0.33871286544948787,0.8311182418278531,0.024192656612879847,0.10249903099879945
2003-12-02,200,472,3820,6,0.0014285714285714286,0.013040254237288136,0.7351694915254238,0.1104147466244796,0.3297061336374694,0.8318384578412334,0.03362218392296159,0.11786405695077835
2004-01-02,10,504,3807,0,0.0,0.007539682539682539,0.015873015873015872,0.2584169686153796,0.35225930850794906,0.5211676931973915,0.006306531135687017,0.03378613696562486
2004-01-02,50,504,3807,0,0.0,0.009325396825396825,0.061507936507936505,0.19466782113024136,0.363248958718675,0.8349884430654249,0.015643009545165665,0.06131116860557329
2004-01-02,100,482,3807,1,0.0004761904761904762,0.016244813278008297,0.7302904564315352,0.1104309144930057,0.3376066285879993,0.8230771799494104,0.027321153018838,0.11306815087432637
2004-01-02,200,476,3807,22,0.005238095238095239,0.012993697478991597,0.7331932773109243,0.10887767612687384,0.3282910197335942,0.8271634831888985,0.031737594725152966,0.11202584431561863
2004-02-03,10,504,3791,0,0.0,0.00873015873015873,0.017857142857142856,0.2573822736551394,0.3498641456648623,0.51391164182637,0.010464451531578687,0.033122997532370343
2004-02-03,50,504,3791,0,0.0,0.009444444444444443,0.06349206349206349,0.19152941593499398,0.3548945820756199,0.8146369332778568,0.01848600427960739,0.0581274963660969
2004-02-03,100,481,3791,0,0.0,0.016486486486486485,0.7297297297297297,0.10807826176960597,0.33735746132853195,0.8040497591210194,0.030552758532444112,0.1316440684249538
2004-02-03,200,481,3791,0,0.0,0.01291060291060291,0.7297297297297297,0.10807826176960597,0.32329252425379607,0.8040497591210194,0.036599603110876656,0.1316440684249538
2004-03-04,10,504,3796,0,0.0,0.008333333333333335,0.01984126984126984,0.2556857224707656,0.33783673615001525,0.5068338018396924,0.005591760416701534,0.025556957650392377
2004-03-04,50,504,3796,0,0.0,0.009484126984126984,0.057539682539682536,0.18782078973008878,0.3469308724860183,0.7721670480423238,0.016549290193343474,0.0624264781813205
2004-03-04,100,481,3796,0,0.0,0.016424116424116425,0.7297297297297297,0.1073573891565238,0.33027336586032574,0.7115310477008022,0.030116686297944138,0.13694551192173837
2004-03-04,200,468,3796,0,0.0,0.01282051282051282,0.7393162393162394,0.10319756585701019,0.32045633702065535,0.6986367876245849,0.036169350703638234,0.13426516148752535
2004-04-02,10,504,3806,0,0.0,0.007936507936507934,0.015873015873015872,0.24967187288073892,0.3446370122128989,0.5054969985867619,0.014952415285142346,0.039595967316501855
2004-04-02,50,504,3806,0,0.0,0.009206349206349204,0.057539682539682536,0.18736235331008622,0.34646825872754483,0.770980369135627,0.01821755487770607,0.06126299986545765
2004-04-02,100,481,3806,0,0.0,0.01652806652806653,0.7318087318087318,0.10457588270861527,0.3299564333829178,0.682841635074101,0.03104641502671581,0.13204543772175623
2004-04-02,200,481,3806,3,0.0007142857142857143,0.012920997920997924,0.7318087318087318,0.10457588270861527,0.31733335918352523,0.682841635074101,0.037219298462130214,0.13525804837860111
2004-05-04,10,504,3815,0,0.0,0.00734126984126984,0.015873015873015872,0.24820730607624825,0.3185300610804248,0.5025519014703981,0.014501007105918983,0.02949574842770078
2004-05-04,50,504,3815,14,0.013333333333333332,0.009722222222222222,0.05952380952380952,0.18606393546994368,0.3397733309035028,0.7394447895707004,0.024095127825804887,0.11599470693648518
2004-05-04,100,481,3815,14,0.006666666666666666,0.017089397089397093,0.735966735966736,0.10130135615602788,0.32562479411018963,0.6323871896333744,0.033023754666543746,0.13410343268450553
2004-05-04,200,478,3815,35,0.008333333333333333,0.013043933054393305,0.7343096234309623,0.10161843405457757,0.3128121780242692,0.6340417854524385,0.03794458619858535,0.13669232252087998
2004-06-03,10,504,3826,0,0.0,0.00734126984126984,0.015873015873015872,0.24802512736215515,0.30973495689971753,0.4888704661778983,0.02125839305390808,0.03250646110214254
2004-06-03,50,504,3826,0,0.0,0.008888888888888889,0.061507936507936505,0.18427049222171898,0.3268691327729243,0.7003594711972276,0.027701304260208,0.1210772461370569
2004-06-03,100,467,3826,21,0.01,0.017387580299785866,0.734475374732334,0.09833580672850493,0.3184944055791359,0.6307131962881094,0.03564896970166031,0.1331891270621648
2004-06-03,200,457,3826,42,0.01,0.01334792122538293,0.7330415754923414,0.09908526249299711,0.3111652899531201,0.637490356026444,0.042386218437046395,0.13923642842566106
2004-07-06,10,504,3805,0,0.0,0.007738095238095238,0.015873015873015872,0.24113983672455702,0.29971662153899203,0.45458716383940184,0.026966738855207128,0.04705005450341319
2004-07-06,50,504,3805,0,0.0,0.009126984126984128,0.057539682539682536,0.17517529046573244,0.3220793605763069,0.571081315164916,0.03625023535732454,0.12192214124841477
2004-07-06,100,483,3805,0,0.0,0.016997929606625255,0.7412008281573499,0.08846656391821309,0.29813062581926975,0.5891229773699711,0.04317760104746045,0.13369408052939388
2004-07-06,200,483,3805,0,0.0,0.013343685300207037,0.7412008281573499,0.08846656391821309,0.29660670098729125,0.5891229773699711,0.04641768319071613,0.13369408052939388
2004-08-04,10,504,3803,0,0.0,0.007936507936507936,0.017857142857142856,0.21455780375584935,0.26942616292230004,0.4327881903638398,0.03489269470570654,0.06326381859835141
2004-08-04,50,504,3803,16,0.015238095238095238,0.0101984126984127,0.05952380952380952,0.15515129684967774,0.2885092067339651,0.4776284307394043,0.041284747116077256,0.11226808489057331
2004-08-04,100,503,3803,16,0.007619047619047619,0.01749502982107356,0.7415506958250497,0.08756711414179685,0.29441302738735003,0.5785182030664484,0.04261281533380887,0.11401126470051896
2004-08-04,200,503,3803,16,0.0038095238095238095,0.013658051689860834,0.7415506958250497,0.08756711414179685,0.2886976686080323,0.5785182030664484,0.045684783684823226,0.11456905572124573
2004-09-02,10,504,3797,0,0.0,0.008134920634920634,0.017857142857142856,0.15100126532624017,0.23669711214807476,0.2972716679417075,0.033017919320091016,0.062164393464283124
2004-09-02,50,488,3797,21,0.02,0.010327868852459019,0.06762295081967214,0.15220794310369928,0.2804979945931274,0.4785323576681152,0.03584474183441538,0.11223147959444194
2004-09-02,100,487,3797,21,0.01,0.01765913757700205,0.7433264887063655,0.08656596968769475,0.2849066603301088,0.563627426749886,0.03818823054071932,0.12558483547264845
2004-09-02,200,487,3797,21,0.005,0.013809034907597535,0.7433264887063655,0.08656596968769475,0.2831942598631899,0.6543663083557963,0.041344041279634765,0.12558483547264845
2004-10-04,10,504,3775,0,0.0,0.00873015873015873,0.017857142857142856,0.1845169973911698,0.2393905762613528,0.2836903381360863,0.04001841388630297,0.0772328333642116
2004-10-04,50,504,3775,0,0.0,0.00964285714285714,0.06547619047619048,0.1464888880498299,0.2675460646524876,0.47164412289227314,0.05095975116464348,0.1467549427601325
2004-10-04,100,503,3775,0,0.0,0.01723658051689861,0.73558648111332,0.08425388286255038,0.27132946842582184,0.5323432281833544,0.052015196709987464,0.14858300099503374
2004-10-04,200,503,3775,0,0.0,0.01371769383697813,0.73558648111332,0.08425388286255038,0.2683197198514271,0.5349757420880711,0.05373139451825873,0.14858300099503374
2004-11-02,10,504,3789,0,0.0,0.008928571428571428,0.01984126984126984,0.17370266035174253,0.21315812225687375,0.2780276370940153,0.03110307127011208,0.08022384311156681
2004-11-02,50,504,3789,0,0.0,0.009761904761904762,0.06547619047619048,0.14199728014555857,0.2580976512534237,0.4690619744886142,0.042426848980820345,0.1294641021184217
2004-11-02,100,503,3789,0,0.0,0.01783300198807157,0.7335984095427436,0.08519335534427022,0.2583497535729746,0.47155213213787683,0.046919647039351337,0.13131262028134894
2004-11-02,200,482,3789,0,0.0,0.014149377593360997,0.7323651452282157,0.0848738828750378,0.2511808391987037,0.5660692883366264,0.04970535883341168,0.15754861961676694
2004-12-02,10,504,3793,0,0.0,0.008928571428571428,0.01984126984126984,0.16630123147896012,0.2066813994177336,0.27261206643447145,0.033304083369270224,0.0879739632220991
2004-12-02,50,504,3793,0,0.0,0.0098015873015873,0.06547619047619048,0.1415007267934145,0.2497263947196752,0.4686859376641674,0.04401091133979564,0.13499532036177797
2004-12-02,100,503,3793,18,0.00857142857142857,0.01813121272365805,0.7335984095427436,0.08348891733160259,0.2504135755942779,0.4689356247965704,0.04992617067640783,0.1368794220181874
2004-12-02,200,503,3793,46,0.010952380952380953,0.014681908548707753,0.7335984095427436,0.08348891733160259,0.2504135755942779,0.5569099694534271,0.05504370049709375,0.15281759943163023
2005-01-03,10,504,3784,0,0.0,0.00873015873015873,0.01984126984126984,0.16614805038298727,0.20106878054806687,0.2666359890550046,0.04542836668969246,0.08769139873484764
2005-01-03,50,504,3784,0,0.0,0.010515873015873013,0.06349206349206349,0.14063654152392782,0.2386982406101009,0.4681653572153621,0.05363239579247495,0.13965261471101154
2005-01-03,100,485,3784,21,0.01,0.018494845360824744,0.7319587628865979,0.0826813827920425,0.24972868512520544,0.4733077177818314,0.0592894232746373,0.14518207461654828
2005-01-03,200,485,3784,86,0.020476190476190474,0.014938144329896909,0.7319587628865979,0.0826813827920425,0.25047895523690417,0.535410598787281,0.06292945067867546,0.14518207461654828
2005-02-02,10,504,3764,0,0.0,0.009325396825396823,0.01984126984126984,0.15782021239009886,0.1937284051969732,0.2539830328259017,0.050130063994998156,0.10403233183067673
2005-02-02,50,504,3764,0,0.0,0.010634920634920633,0.06349206349206349,0.13409965251988734,0.2250068780907974,0.3331931067652357,0.05651731398378075,0.12975979781851196
2005-02-02,100,503,3764,0,0.0,0.018031809145129224,0.7475149105367793,0.08216112151417389,0.23475386639302026,0.4643623476139796,0.0628582006596302,0.1474634296692092
2005-02-02,200,489,3764,42,0.01,0.014928425357873212,0.7423312883435583,0.08242189380555093,0.24262257081871266,0.4871880195701815,0.06710346242323477,0.14968462737294175
2005-03-04,10,504,3762,0,0.0,0.008928571428571428,0.017857142857142856,0.16277916272156837,0.19213778385788544,0.3226302855865753,0.06034771064652271,0.13297864847559795
2005-03-04,50,504,3762,0,0.0,0.010674603174603172,0.061507936507936505,0.13017206808502158,0.2192099765477321,0.33581084114576876,0.06449520748068306,0.14396930794967683
2005-03-04,100,503,3762,0,0.0,0.01773359840954274,0.7375745526838966,0.08244335695240274,0.2319320105433935,0.4650409973187818,0.07343076586939584,0.1526221010072217
2005-03-04,200,503,3762,9,0.0021428571428571425,0.014145129224652084,0.7375745526838966,0.08244335695240274,0.23204528975827848,0.4650409973187818,0.0767304603190126,0.19068845060431341
2005-04-05,10,504,3763,0,0.0,0.009325396825396825,0.01984126984126984,0.1598998323747759,0.17561191731511527,0.3058276380711333,0.03918148618003654,0.11637128438753301
2005-04-05,50,504,3763,0,0.0,0.010714285714285711,0.061507936507936505,0.11983468686737342,0.2115453072478988,0.49695030330831064,0.05187792290342653,0.13580322885217605
2005-04-05,100,503,3763,0,0.0,0.01779324055666004,0.7415506958250497,0.08521623377860109,0.21463759795445875,0.4972381593742793,0.06349282824253467,0.1490726131549002
2005-04-05,200,494,3763,21,0.005,0.014342105263157894,0.7469635627530364,0.07905835795813139,0.22129799184754753,0.5008628542574983,0.06927601132488523,0.18459813426071203
2005-05-04,10,504,3768,0,0.0,0.009325396825396825,0.01984126984126984,0.14195526983950693,0.1720991232520789,0.2981642569609024,0.03938865565175224,0.0961458859902784
2005-05-04,50,504,3768,0,0.0,0.010714285714285714,0.061507936507936505,0.1187214215617391,0.20171434393090742,0.5136237064777831,0.04302278169239418,0.12391322467009463
2005-05-04,100,503,3768,0,0.0,0.017972166998011928,0.7375745526838966,0.08437469161823101,0.20993445740697753,0.5139259598010841,0.05243715246119475,0.13710311458144697
2005-05-04,200,503,3768,0,0.0,0.014393638170974155,0.7375745526838966,0.08437469161823101,0.21568215509520627,0.5139259598010841,0.0590830799278838,0.1759709879568442
2005-06-03,10,504,3769,0,0.0,0.009920634920634922,0.021825396825396824,0.15637922828610787,0.17522401621085645,0.28844801423544425,0.03749029073482126,0.09189400644674188
2005-06-03,50,504,3769,0,0.0,0.010833333333333332,0.061507936507936505,0.11645594523563095,0.20149501615440743,0.39455769356867965,0.04660680992681478,0.12064418212004527
2005-06-03,100,503,3769,0,0.0,0.018250497017892647,0.7256461232604374,0.08466905901357837,0.20666271068818778,0.39968731571140653,0.05102264356758854,0.13334196510747887
2005-06-03,200,503,3769,0,0.0,0.01426441351888668,0.7256461232604374,0.08466905901357837,0.21398403582968378,0.47397475833189956,0.054960879517049754,0.16411437061796985
2005-07-05,10,504,3763,0,0.0,0.009920634920634922,0.021825396825396824,0.15083600261788854,0.17494732301453675,0.28392471312628026,0.02864589254837936,0.09704016477816252
2005-07-05,50,504,3763,0,0.0,0.011269841269841268,0.057539682539682536,0.11290886294855637,0.19411857056300597,0.3874650890162634,0.03713857612047365,0.1294763757909881
2005-07-05,100,503,3763,16,0.007619047619047619,0.018270377733598412,0.7375745526838966,0.08159179252318573,0.2068013293403997,0.40097474310931025,0.04531228381033144,0.13123032703012336
2005-07-05,200,503,3763,16,0.0038095238095238095,0.014463220675944334,0.7375745526838966,0.08159179252318573,0.21126015188302327,0.43331064239751443,0.05270241427270879,0.16901015251895882
2005-08-03,10,504,3762,0,0.0,0.010119047619047618,0.023809523809523808,0.14656206103451713,0.17387966405655744,0.27707416728275447,0.031163658590712174,0.10468833965816429
2005-08-03,50,504,3762,0,0.0,0.01103174603174603,0.05952380952380952,0.12225409695905755,0.19762787386080127,0.38720269107412514,0.047403126690904955,0.14778294558590913
2005-08-03,100,504,3762,0,0.0,0.0108531746031746,0.05952380952380952,0.1098847699954212,0.20643460862180982,0.417241247152886,0.05522579548732092,0.14778294558590913
2005-08-03,200,487,3762,21,0.005,0.014455852156057497,0.7412731006160165,0.08159448595752967,0.21055390282736913,0.4200990042503108,0.05843891216343762,0.17795170578625763
2005-09-01,10,504,3772,0,0.0,0.00992063492063492,0.023809523809523808,0.1454618461851669,0.17340165601542445,0.2730401585049151,0.022406972005312054,0.09126471099091682
2005-09-01,50,504,3772,0,0.0,0.011428571428571429,0.05555555555555555,0.12178900946124953,0.197745365723059,0.38592231204639393,0.04001841408307742,0.13531449856194752
2005-09-01,100,504,3772,6,0.002857142857142857,0.010972222222222218,0.05555555555555555,0.10906933861443727,0.20703473000854544,0.41524196955774717,0.04894104519298776,0.1682539167390545
2005-09-01,200,504,3772,14,0.003333333333333333,0.011140873015873014,0.05555555555555555,0.10906933861443727,0.20802259973400855,0.41524196955774717,0.0511366952825753,0.17815949026759476
2005-10-03,10,504,3762,0,0.0,0.010317460317460317,0.023809523809523808,0.14376772628062845,0.1656137275954488,0.22591122026887855,0.03150991508845734,0.10409119363210698
2005-10-03,50,504,3762,21,0.02,0.01123015873015873,0.05952380952380952,0.12068189447392569,0.19534091155050687,0.3865870864937873,0.04020622835732083,0.14302042543051977
2005-10-03,100,498,3762,42,0.02,0.011044176706827311,0.06626506024096386,0.10659781932554072,0.20823206658792098,0.41357716330140476,0.04984085106468032,0.18028170704828417
2005-10-03,200,496,3762,63,0.015,0.011411290322580646,0.06854838709677419,0.10656126309925402,0.20687163435265676,0.41242026428208345,0.054510049683146565,0.1816678774720233
2005-11-01,10,504,3777,0,0.0,0.010317460317460315,0.025793650793650792,0.1301510559612295,0.15853679601110662,0.22510637472495765,0.028223351183308425,0.08431056885796488
2005-11-01,50,483,3777,21,0.02,0.011677018633540372,0.060041407867494824,0.12121487157201133,0.1910995874033711,0.39084749107534417,0.037414804743779756,0.1428421928292802
2005-11-01,100,483,3777,21,0.01,0.01041407867494824,0.060041407867494824,0.10667760887062368,0.20208509800722763,0.4150788787051829,0.046220634521186195,0.1723273718118707
2005-11-01,200,483,3777,28,0.006666666666666666,0.010817805383022773,0.060041407867494824,0.10667760887062368,0.20763344018640786,0.4150788787051829,0.05088122515420915,0.1942056273528802
2005-12-01,10,504,3780,0,0.0,0.01011904761904762,0.02976190476190476,0.1305499020215538,0.15587700900770807,0.2626042680170588,0.038923103771365576,0.08806190845428027
2005-12-01,50,504,3780,0,0.0,0.011825396825396824,0.057539682539682536,0.10778670427709529,0.19748984543415146,0.3960220764301472,0.040214275074336635,0.15826656710428166
2005-12-01,100,504,3780,0,0.0,0.010535714285714285,0.057539682539682536,0.10778670427709529,0.20421909487363335,0.4088551538304391,0.04435292868701222,0.15826656710428166
2005-12-01,200,481,3780,21,0.005,0.010831600831600832,0.06444906444906445,0.10867134578720845,0.20557954853910776,0.40857529441970275,0.044693372780126556,0.1674023113965967
2006-01-03,10,504,3797,0,0.0,0.010714285714285714,0.031746031746031744,0.13056407482504384,0.15465259659167008,0.23290758419153554,0.024799135557862145,0.06328942458455164
2006-01-03,50,504,3797,0,0.0,0.011865079365079363,0.057539682539682536,0.10719674562028753,0.19206407925749708,0.39625036286827187,0.030381050353731353,0.16409811223231677
2006-01-03,100,504,3797,21,0.01,0.010615079365079366,0.057539682539682536,0.10719674562028753,0.20311666474352408,0.40226217294517025,0.03837158676233734,0.16409811223231677
2006-01-03,200,504,3797,21,0.005,0.01066468253968254,0.06746031746031746,0.10719674562028753,0.2044079154703985,0.46400759880208986,0.04152201210818726,0.16409811223231677
2006-02-02,10,504,3808,0,0.0,0.009920634920634918,0.027777777777777776,0.13000014983961666,0.1522854697508956,0.2346827719280018,0.01900187230529326,0.07893717035953123
2006-02-02,50,504,3808,0,0.0,0.011349206349206348,0.05555555555555555,0.1215765489543794,0.20152403525829043,0.39987849990347984,0.03165133555693993,0.16318052787244464
2006-02-02,100,483,3808,21,0.01,0.010662525879917183,0.057971014492753624,0.10737706707734337,0.20519871110098015,0.39832577135878217,0.03735840112274907,0.16633935775630393
2006-02-02,200,483,3808,21,0.005,0.010703933747412006,0.07039337474120083,0.10737706707734337,0.20640446756544883,0.4664579102242587,0.04016695722225517,0.16633935775630393
2006-03-06,10,504,3812,0,0.0,0.010119047619047616,0.02976190476190476,0.13051898635518355,0.1502419925989733,0.23887446643725763,0.015844632944351178,0.07162670224281754
2006-03-06,50,504,3812,0,0.0,0.011944444444444442,0.05952380952380952,0.12145468315522781,0.19433380496595992,0.4078281283208362,0.030300110802641868,0.14679216620247776
2006-03-06,100,504,3812,0,0.0,0.010793650793650791,0.05952380952380952,0.10781596579777747,0.2029256642632452,0.4078281283208362,0.03948714135091766,0.14679216620247776
2006-03-06,200,504,3812,0,0.0,0.010744047619047618,0.08134920634920635,0.10781596579777747,0.20606017985202252,0.4618279114809992,0.042182864865462515,0.14783536243585838
2006-04-04,10,504,3805,0,0.0,0.010912698412698412,0.02976190476190476,0.12832380006278324,0.14895869280950336,0.2361645671679191,0.022287095123712734,0.07375049847446577
2006-04-04,50,504,3805,0,0.0,0.012261904761904759,0.061507936507936505,0.120909321025806,0.1890139303042357,0.38690771986860206,0.03284263303417069,0.11057860947246183
2006-04-04,100,504,3805,0,0.0,0.01099206349206349,0.061507936507936505,0.10440164982900228,0.2002009587769686,0.4043303599179757,0.043729644855596675,0.14838663914068637
2006-04-04,200,504,3805,8,0.0019047619047619048,0.010744047619047618,0.07936507936507936,0.10440164982900228,0.2034396801407345,0.4624261041855657,0.04528557117134519,0.14838663914068637
2006-05-04,10,504,3803,0,0.0,0.011507936507936507,0.02976190476190476,0.1297161658420732,0.14894843542715844,0.2339366949009023,0.020262709666502114,0.0727450849993648
2006-05-04,50,504,3803,0,0.0,0.01222222222222222,0.057539682539682536,0.11933845786840548,0.18543958832500868,0.4051380260920186,0.03608715115696132,0.14472408712269336
2006-05-04,100,504,3803,15,0.007142857142857143,0.011547619047619044,0.057539682539682536,0.10276814290959564,0.19982673722357178,0.4051380260920186,0.04550525776639467,0.14472408712269336
2006-05-04,200,496,3803,53,0.012619047619047618,0.010705645161290321,0.08266129032258064,0.10311623550032202,0.20194299697873985,0.46856978286742035,0.05035424126943791,0.14566250550060758
2006-06-05,10,504,3797,0,0.0,0.011507936507936507,0.031746031746031744,0.12918404336478434,0.15042667345792743,0.2353106219541608,0.01770315269850889,0.06670515049518855
2006-06-05,50,504,3797,0,0.0,0.01222222222222222,0.05555555555555555,0.12030773296059967,0.1832476279835668,0.37769955942652844,0.033095359341810224,0.1091287612603978
2006-06-05,100,489,3797,21,0.01,0.011676891615541925,0.05930470347648262,0.10237670552250841,0.2002705295369025,0.4091937455582396,0.0453308192038754,0.13588332257279997
2006-06-05,200,487,3797,42,0.01,0.01095482546201232,0.08418891170431211,0.10219055631245245,0.2011995239118365,0.4270578942209621,0.05256276455654335,0.14096551205706745
2006-07-05,10,504,3814,0,0.0,0.011706349206349205,0.031746031746031744,0.13120312904490972,0.15167522661774502,0.23570082324152122,0.017727231077975355,0.0632344588263103
2006-07-05,50,504,3814,0,0.0,0.011944444444444442,0.05555555555555555,0.12278547872385716,0.18895897850581883,0.3713534837403392,0.031785838358684065,0.09242429126624742
2006-07-05,100,504,3814,0,0.0,0.010515873015873013,0.05555555555555555,0.1063979708237985,0.2004913801275593,0.40946251143654283,0.04299512575542639,0.12073815491134202
2006-07-05,200,504,3814,0,0.0,0.010208333333333333,0.05555555555555555,0.1063979708237985,0.20376614329839868,0.42549711187987255,0.04608690707472286,0.12090601432062917
2006-08-03,10,504,3799,0,0.0,0.012896825396825396,0.031746031746031744,0.13268523785381434,0.15480397175023414,0.2374418375324747,0.034377105683204984,0.11139709293992293
2006-08-03,50,492,3799,0,0.0,0.011666666666666665,0.052845528455284556,0.10603114493549462,0.18717623794581223,0.4122549898812426,0.045658272002177355,0.12961530591097825
2006-08-03,100,492,3799,0,0.0,0.010589430894308947,0.052845528455284556,0.10603114493549462,0.19731934376295657,0.4122549898812426,0.047430922742033636,0.1314883332822548
2006-08-03,200,492,3799,15,0.0035714285714285713,0.010081300813008131,0.052845528455284556,0.10603114493549462,0.20673109598272507,0.4122549898812426,0.05022098271723113,0.13780361761580945
2006-09-01,10,504,3796,0,0.0,0.013293650793650793,0.031746031746031744,0.13127537421430624,0.15336054011298123,0.23658186404234016,0.03689641436555573,0.11229634833135614
2006-09-01,50,504,3796,0,0.0,0.011547619047619046,0.051587301587301584,0.10512180572084803,0.18720471821223167,0.40833376915835073,0.04644926869273654,0.12183071418564644
2006-09-01,100,504,3796,0,0.0,0.010515873015873013,0.051587301587301584,0.10512180572084803,0.19800107036020637,0.40833376915835073,0.046692211679830536,0.12845743851763305
2006-09-01,200,467,3796,22,0.005238095238095239,0.010289079229122056,0.05353319057815846,0.10384120947276801,0.20586660923118344,0.43270215070233214,0.050755629013628296,0.15068007272846035
2006-10-03,10,504,3808,0,0.0,0.012499999999999999,0.02976190476190476,0.12994210885620977,0.15354906397361406,0.23490724892594594,0.031218137005865003,0.07132648413624412
2006-10-03,50,504,3808,0,0.0,0.011507936507936507,0.047619047619047616,0.10397844285637388,0.1871609648722446,0.4108186085600928,0.048772890665390804,0.11667405028658474
2006-10-03,100,481,3808,0,0.0,0.010498960498960501,0.04781704781704782,0.10336722212534254,0.19517265780347265,0.4030173283055614,0.04603185337917444,0.10809391349988962
2006-10-03,200,480,3808,21,0.005,0.010072916666666668,0.04583333333333333,0.10343123601006189,0.2009909998118416,0.4028520439601227,0.04720780783207278,0.12763762214179944
2006-11-01,10,504,3801,0,0.0,0.012896825396825396,0.03373015873015873,0.12852777902506513,0.15459906976813576,0.23068019409659116,0.03766991458521781,0.06971802379996214
2006-11-01,50,504,3801,0,0.0,0.011865079365079367,0.04563492063492063,0.10211186565296271,0.18294430359416008,0.39846167295215096,0.05396761885524487,0.11356265874087527
2006-11-01,100,502,3801,0,0.0,0.010577689243027887,0.045816733067729085,0.10195344069259603,0.19508783127434381,0.4006465732794099,0.05082751137580444,0.1166406473787881
2006-11-01,200,480,3801,21,0.005,0.010020833333333333,0.04583333333333333,0.10343123601006189,0.20173418916563818,0.42438805802828256,0.046860320316446685,0.12763762214179944
2006-12-01,10,504,3815,0,0.0,0.012698412698412698,0.02976190476190476,0.12709167882320468,0.15185156640062764,0.22941584890694927,0.030650130330961346,0.07294523985855653
2006-12-01,50,504,3815,1,0.0009523809523809524,0.011785714285714283,0.04563492063492063,0.10151547104109876,0.18330699838443792,0.38857759280296333,0.04597141910549837,0.10525561967859874
2006-12-01,100,494,3815,1,0.0004761904761904762,0.01076923076923077,0.0465587044534413,0.10200334509499001,0.1942021925911004,0.4284473783292767,0.04298936250371451,0.10940467760526192
2006-12-01,200,494,3815,2,0.0004761904761904762,0.01,0.0465587044534413,0.10200334509499001,0.2033549373463951,0.4343468311073759,0.04542431672348412,0.12160245143827227
2007-01-04,10,504,3827,0,0.0,0.015674603174603174,0.031746031746031744,0.12677304709770554,0.14604805358177475,0.21873230451133224,0.04026096389903956,0.0889882760300856
2007-01-04,50,503,3827,21,0.02,0.011769383697813121,0.04572564612326044,0.10156665842824222,0.1833749721672696,0.38702970236807027,0.04852858958180944,0.11602120048248346
2007-01-04,100,503,3827,21,0.01,0.010596421471172958,0.04572564612326044,0.10156665842824222,0.19138984769791056,0.42015404531207223,0.044406327451893955,0.11602120048248346
2007-01-04,200,503,3827,42,0.01,0.010129224652087473,0.073558648111332,0.10156665842824222,0.20088533204148334,0.42956515932045614,0.0467143992221407,0.12774943512740147
2007-02-05,10,504,3834,0,0.0,0.015873015873015872,0.03373015873015873,0.12427494497498662,0.1444883965280102,0.21780563375700557,0.044951933259210486,0.12197923469226342
2007-02-05,50,482,3834,21,0.02,0.011950207468879665,0.04564315352697095,0.10163666282484878,0.1788046143570805,0.3843978954726378,0.05245472703648559,0.12793177525901078
2007-02-05,100,482,3834,21,0.01,0.010497925311203318,0.04564315352697095,0.10163666282484878,0.19313094920708945,0.42308743331009424,0.04835806874287554,0.12793177525901078
2007-02-05,200,482,3834,58,0.01380952380952381,0.010145228215767634,0.07676348547717843,0.1016040009251542,0.20336841345042786,0.43193791171610946,0.05232141443484294,0.12943753236024866
2007-03-07,10,504,3801,0,0.0,0.015476190476190477,0.03373015873015873,0.12379177699470907,0.14745065321588485,0.21256873874898427,0.031619591625077076,0.10446995586688068
2007-03-07,50,504,3801,0,0.0,0.01198412698412698,0.04563492063492063,0.10468713668038226,0.18118970836779003,0.38348112208246526,0.0413685050994806,0.10446995586688068
2007-03-07,100,504,3801,0,0.0,0.010515873015873013,0.04563492063492063,0.10468713668038226,0.1905554219179405,0.43077933166863575,0.041241341617896825,0.10912451639701685
2007-03-07,200,488,3801,41,0.009761904761904762,0.009948770491803278,0.045081967213114756,0.10036901711402485,0.20101200421733145,0.42956606198755537,0.05220597920871015,0.1340761550530541
2007-04-05,10,504,3802,0,0.0,0.016269841269841268,0.03373015873015873,0.12217072894168966,0.14870740622055978,0.21002069566895176,0.04005897325699208,0.12408700749042076
2007-04-05,50,504,3802,0,0.0,0.011785714285714283,0.047619047619047616,0.10507752155650053,0.18426523537913264,0.3801008221340398,0.05068185050335586,0.12408700749042076
2007-04-05,100,504,3802,0,0.0,0.010396825396825396,0.047619047619047616,0.10507752155650053,0.19682019355167318,0.4250137196471819,0.04974119856331776,0.12408700749042076
2007-04-05,200,493,3802,42,0.01,0.009705882352941175,0.04665314401622718,0.10511988852087197,0.20486665967581452,0.650509439851904,0.05348371254371623,0.1315372814380476
2007-05-07,10,504,3786,0,0.0,0.01607142857142857,0.031746031746031744,0.12199868067046846,0.14871940713062276,0.20611968331637825,0.04368861324488847,0.125675957386766
2007-05-07,50,504,3786,0,0.0,0.011865079365079363,0.051587301587301584,0.10157808233745534,0.17986784148496981,0.3645834353669539,0.05872371985864734,0.125675957386766
2007-05-07,100,504,3786,0,0.0,0.010634920634920633,0.051587301587301584,0.10157808233745534,0.19392563544581354,0.3785628250216456,0.058679922990454395,0.125675957386766
2007-05-07,200,504,3786,0,0.0,0.009811507936507934,0.051587301587301584,0.10146061765995347,0.2003770761450393,0.4806094079282424,0.06277193931852439,0.14897622675194833
2007-06-06,10,504,3797,0,0.0,0.016071428571428566,0.02976190476190476,0.1288600283604383,0.15091129920112706,0.20488575967853778,0.05070512555438948,0.13214934773048814
2007-06-06,50,504,3797,0,0.0,0.011626984126984126,0.051587301587301584,0.10982231596007762,0.1842000291519549,0.36119390628230363,0.05305263237283655,0.13214934773048814
2007-06-06,100,504,3797,0,0.0,0.010277777777777776,0.051587301587301584,0.10096198595050257,0.19858312064631928,0.37315801596151565,0.054855800109297234,0.13214934773048814
2007-06-06,200,504,3797,0,0.0,0.009682539682539681,0.051587301587301584,0.10080637129372738,0.19909892258143572,0.4800047416591919,0.059573161226050414,0.15130345960957856
2007-07-06,10,504,3802,0,0.0,0.014682539682539682,0.02976190476190476,0.12737138276936222,0.15581178892660086,0.20794139403457307,0.05700741118410287,0.1260580903362354
2007-07-06,50,504,3802,0,0.0,0.011388888888888888,0.0496031746031746,0.10855953083012765,0.1854217253799023,0.36003247821476064,0.05730186885077902,0.1260580903362354
2007-07-06,100,504,3802,0,0.0,0.010317460317460315,0.0496031746031746,0.10415098129891798,0.19714680752418462,0.40624160020658356,0.056202778645450514,0.1260580903362354
2007-07-06,200,504,3802,0,0.0,0.009751984126984126,0.0496031746031746,0.10408016830295312,0.19938845786589193,0.4730516375683343,0.058770844800997625,0.15702899695704617
2007-08-06,10,504,3795,0,0.0,0.01468253968253968,0.02976190476190476,0.12463113992947805,0.16132220515029266,0.2568654613020133,0.040035092142652044,0.10877929205152188
2007-08-06,50,504,3795,0,0.0,0.011230158730158727,0.047619047619047616,0.10797880976634584,0.18707888923278404,0.36614924234560536,0.03998033421782388,0.10877929205152188
2007-08-06,100,504,3795,0,0.0,0.009999999999999998,0.047619047619047616,0.10797880976634584,0.2034537178962864,0.44899468840645546,0.04010713978948728,0.10877929205152188
2007-08-06,200,504,3795,16,0.0038095238095238095,0.00972222222222222,0.06349206349206349,0.10797880976634584,0.20553700485093607,0.47234900872974506,0.04372254700620243,0.13772996307772062
2007-09-05,10,504,3771,0,0.0,0.013888888888888885,0.027777777777777776,0.1257696495057632,0.1736238836936479,0.2583216334963097,0.055490233150879295,0.11261450647158544
2007-09-05,50,504,3771,0,0.0,0.010952380952380951,0.04365079365079365,0.11341545579892189,0.19202525172708373,0.37578712501786676,0.05117863893587463,0.11261450647158544
2007-09-05,100,504,3771,0,0.0,0.00970238095238095,0.04365079365079365,0.11341545579892189,0.20801041974422796,0.45320220860167215,0.04802202697845342,0.11261450647158544
2007-09-05,200,488,3771,21,0.005,0.009651639344262296,0.07581967213114754,0.10858631432135046,0.21159136328311506,0.4787757100060639,0.04924316415750866,0.14518041388247407
2007-10-04,10,504,3762,0,0.0,0.013690476190476187,0.02976190476190476,0.12435268665728146,0.17888986885750457,0.2573520536373972,0.060364963593987596,0.11849320593996945
2007-10-04,50,504,3762,0,0.0,0.010714285714285711,0.03571428571428571,0.11275444823256331,0.19137425706706312,0.3741556384023136,0.055432856167983095,0.11849320593996945
2007-10-04,100,504,3762,0,0.0,0.009563492063492062,0.03571428571428571,0.11275444823256331,0.21122765176659225,0.45093193501269063,0.0523789261193325,0.14684350690338432
2007-10-04,200,504,3762,0,0.0,0.009156746031746031,0.03571428571428571,0.11275444823256331,0.21921182297895817,0.4767596566130797,0.053086680134369985,0.14684350690338432
2007-11-02,10,504,3756,0,0.0,0.01349206349206349,0.025793650793650792,0.1177873267086614,0.18636382185721756,0.2593664596824022,0.05886610582278536,0.11170489001321635
2007-11-02,50,504,3756,0,0.0,0.010714285714285714,0.031746031746031744,0.11714772912928091,0.19719811326614833,0.3670099911694269,0.05309370238019851,0.12303501476118263
2007-11-02,100,504,3756,0,0.0,0.009305555555555555,0.031746031746031744,0.11714772912928091,0.2110737726540839,0.45476718398690535,0.05150796917037158,0.15481506956378793
2007-11-02,200,504,3756,28,0.006666666666666666,0.00943452380952381,0.06349206349206349,0.11714772912928091,0.22331172504932312,0.4700031569589073,0.0547601993147012,0.15481506956378793
2007-12-04,10,504,3736,0,0.0,0.012698412698412698,0.023809523809523808,0.11550350261826893,0.1880993058356044,0.27523433702335215,0.05019540873030537,0.09109259655161062
2007-12-04,50,504,3736,0,0.0,0.010238095238095235,0.031746031746031744,0.11550350261826893,0.20599247662598597,0.38166926956481284,0.04930742551530226,0.12657264892281353
2007-12-04,100,504,3736,0,0.0,0.009067460317460316,0.031746031746031744,0.11550350261826893,0.21830725265108486,0.4603852865707694,0.04451969150063581,0.12657264892281353
2007-12-04,200,484,3736,66,0.015714285714285715,0.009328512396694215,0.06818181818181818,0.11477615822461666,0.21992252444683746,0.46544990501281286,0.05232045437230688,0.15555063750889578
2008-01-04,10,504,3711,0,0.0,0.011309523809523808,0.021825396825396824,0.11527194319287636,0.19310912523050972,0.38098579813933997,0.05681608938044706,0.10223366526242082
2008-01-04,50,504,3711,0,0.0,0.010119047619047618,0.031746031746031744,0.11527194319287636,0.2084810790360883,0.38098579813933997,0.04866756161102487,0.12852176258320613
2008-01-04,100,504,3711,0,0.0,0.008789682539682537,0.031746031746031744,0.11527194319287636,0.22428204158397386,0.46475454100695923,0.04336670957173317,0.15837922681426503
2008-01-04,200,484,3711,61,0.014523809523809524,0.00890495867768595,0.07644628099173553,0.11630925154512256,0.22639356986205994,0.4736903135832455,0.04984784598551888,0.14084224046850535
2008-02-05,10,504,3691,0,0.0,0.013293650793650793,0.023809523809523808,0.1133595745886252,0.1989018470299354,0.22640835420002683,0.03730027791256784,0.073062075309468
2008-02-05,50,504,3691,0,0.0,0.009960317460317461,0.03373015873015873,0.1133595745886252,0.21526056914142333,0.3937387226868386,0.036992185423846836,0.10567916826790688
2008-02-05,100,504,3691,0,0.0,0.00861111111111111,0.03373015873015873,0.1133595745886252,0.23342799591100777,0.5124313582071992,0.033317162675873015,0.1422678137346158
2008-02-05,200,479,3691,42,0.01,0.008935281837160752,0.06889352818371608,0.10989199198909204,0.22625518862203087,0.47357020751600903,0.04360320124000047,0.15576705959389336
2008-03-06,10,504,3683,0,0.0,0.010714285714285714,0.021825396825396824,0.11368567082585342,0.20415542221285277,0.23089342098912316,0.04015720497231146,0.0775851249043104
2008-03-06,50,504,3683,0,0.0,0.009484126984126984,0.02976190476190476,0.11368567082585342,0.22114269192349523,0.3926338054381036,0.03199521280790451,0.10326219913896857
2008-03-06,100,504,3683,0,0.0,0.008234126984126983,0.02976190476190476,0.11368567082585342,0.24214580166391744,0.5121220787154507,0.029906570471490847,0.14749890487585135
2008-03-06,200,504,3683,19,0.004523809523809524,0.008204365079365079,0.07539682539682539,0.11368567082585342,0.2462359559461298,0.5121220787154507,0.03088122830728638,0.14749890487585135
2008-04-07,10,504,3689,0,0.0,0.00992063492063492,0.01984126984126984,0.1171937328163914,0.21364698986460168,0.2489340122951353,0.0455114458721533,0.07182815580130114
2008-04-07,50,504,3689,0,0.0,0.008730158730158729,0.027777777777777776,0.1171937328163914,0.23148665536998259,0.3955239822795438,0.03410393519642024,0.09909703476266363
2008-04-07,100,504,3689,0,0.0,0.007619047619047619,0.027777777777777776,0.1171937328163914,0.2551255428307254,0.5164029601683592,0.03267610908712746,0.14985646114557483
2008-04-07,200,485,3689,21,0.005,0.007814432989690723,0.08247422680412371,0.11519285062301922,0.2526759264974,0.5194551850261848,0.026281439558861225,0.15463183869243108
2008-05-06,10,504,3681,0,0.0,0.00972222222222222,0.017857142857142856,0.11739510299910348,0.21657381587116264,0.2567579635966439,0.0478759694747592,0.07705217255671248
2008-05-06,50,504,3681,0,0.0,0.009007936507936508,0.02976190476190476,0.11739510299910348,0.23430176378508166,0.49755242929928467,0.038819794123825184,0.14287933910191938
2008-05-06,100,504,3681,0,0.0,0.00761904761904762,0.02976190476190476,0.11739510299910348,0.2583423332448912,0.5272152905792695,0.034846227048034174,0.14287933910191938
2008-05-06,200,485,3681,0,0.0,0.007371134020618557,0.030927835051546393,0.11750371836757321,0.26507186834267393,0.5331511854915668,0.038260260995163636,0.15125129187568853
2008-06-05,10,504,3714,0,0.0,0.008928571428571428,0.017857142857142856,0.11737960497073512,0.21669546218982105,0.38996260263256227,0.056661578160450324,0.10115804688806405
2008-06-05,50,504,3714,0,0.0,0.008849206349206346,0.02976190476190476,0.11737960497073512,0.2316628425416958,0.5033893761196931,0.036867695519472325,0.14618058640085768
2008-06-05,100,504,3714,0,0.0,0.007619047619047617,0.02976190476190476,0.11737960497073512,0.26095289640658126,0.5275864904282287,0.0342560567207411,0.14618058640085768
2008-06-05,200,504,3714,0,0.0,0.007331349206349205,0.02976190476190476,0.11737960497073512,0.2631980829208522,0.5275864904282287,0.03506978067726043,0.14618058640085768
2008-07-07,10,504,3702,0,0.0,0.008531746031746033,0.017857142857142856,0.11851071237758835,0.2209760135282322,0.3905208672646163,0.04785348412925175,0.09921037233033232
2008-07-07,50,504,3702,0,0.0,0.00873015873015873,0.02976190476190476,0.11851071237758835,0.2402815745097561,0.5121209495916842,0.030328127319654716,0.14866872395127909
2008-07-07,100,504,3702,0,0.0,0.007281746031746031,0.02976190476190476,0.11851071237758835,0.2599602932540305,0.5121209495916842,0.028274870662483936,0.14866872395127909
2008-07-07,200,504,3702,3,0.0007142857142857143,0.007232142857142856,0.02976190476190476,0.11851071237758835,0.2668843564600117,0.5334341923175921,0.027306490663310187,0.14866872395127909
2008-08-05,10,504,3692,0,0.0,0.010317460317460317,0.017857142857142856,0.12054005864673684,0.2299150809960964,0.39612945294672286,0.03088386567710339,0.08985508433363319
2008-08-05,50,504,3692,0,0.0,0.00873015873015873,0.02976190476190476,0.12054005864673684,0.2452897443816151,0.4116246697121726,0.028085327066018687,0.09948658286535031
2008-08-05,100,504,3692,0,0.0,0.007440476190476189,0.02976190476190476,0.12054005864673684,0.27550044337622703,0.5440655974704254,0.026280331956488694,0.1335168194432458
2008-08-05,200,501,3692,21,0.005,0.007185628742514969,0.031936127744510975,0.12043853493487026,0.2735020369043194,0.5365311837045699,0.028714312835338186,0.1470069341251762
2008-09-04,10,504,3712,0,0.0,0.009325396825396823,0.017857142857142856,0.12248105477321032,0.2355141588656154,0.4170418298236794,0.031146705518566454,0.06860703453788046
2008-09-04,50,504,3712,2,0.0019047619047619048,0.008452380952380953,0.027777777777777776,0.12248105477321032,0.24271974527295637,0.42890187465560764,0.026191621368067127,0.09919651494867773
2008-09-04,100,504,3712,4,0.0019047619047619048,0.007162698412698413,0.027777777777777776,0.12248105477321032,0.271541689155713,0.5737989978597902,0.02688020736607151,0.11738558703091065
2008-09-04,200,467,3712,25,0.005952380952380952,0.007119914346895074,0.032119914346895075,0.122964144528536,0.27401078595619877,0.554249054079509,0.025632033185441383,0.14733265564030476
2008-10-03,10,504,3746,0,0.0,0.009126984126984126,0.017857142857142856,0.13284681731723072,0.26361541167338626,0.5374560473881917,0.017467447977534894,0.04161857324875855
2008-10-03,50,504,3746,0,0.0,0.00845238095238095,0.025793650793650792,0.13284681731723072,0.26044646160083174,0.5374560473881917,0.018262550316562494,0.08267400155531357
2008-10-03,100,504,3746,0,0.0,0.007182539682539682,0.025793650793650792,0.13284681731723072,0.2764115056632017,0.6571175483571449,0.013869451236624189,0.08267400155531357
2008-10-03,200,504,3746,18,0.004285714285714285,0.0067460317460317455,0.025793650793650792,0.13284681731723072,0.2947529460773056,0.668711147952539,0.012294818396421438,0.08267400155531357
2008-11-03,10,504,3756,0,0.0,0.007738095238095238,0.015873015873015872,0.19146364475990324,0.3266614483640242,0.527804433857567,0.0054412627641225834,0.027524153304198672
2008-11-03,50,504,3756,10,0.009523809523809523,0.007857142857142856,0.025793650793650792,0.19146364475990324,0.3238453476808142,0.6145770875506712,0.00403553606889639,0.06047372193231808
2008-11-03,100,504,3756,10,0.0047619047619047615,0.007023809523809523,0.025793650793650792,0.19146364475990324,0.3325704456053005,0.7672529916168804,0.0017858730375720658,0.06047372193231808
2008-11-03,200,473,3756,31,0.007380952380952381,0.010126849894291755,0.7357293868921776,0.054181523641353924,0.3009816925752826,0.7976066321576409,-0.002563675949614287,0.09334455602197404
2008-12-03,10,504,3760,0,0.0,0.01111111111111111,0.025793650793650792,0.22085955246734335,0.3322257134556552,0.4187102066746226,-0.0019208328731392204,0.02974377990269185
2008-12-03,50,494,3760,22,0.020952380952380955,0.007732793522267206,0.02631578947368421,0.2096279622424361,0.34074318079461136,0.637095188696736,-0.006417665457224986,0.06469286323394441
2008-12-03,100,494,3760,22,0.010476190476190477,0.00680161943319838,0.02631578947368421,0.203921851837167,0.35082120960755814,0.637095188696736,-0.008119054039940253,0.06469286323394441
2008-12-03,200,437,3760,56,0.013333333333333334,0.01011441647597254,0.7437070938215103,0.0553917841613935,0.29667548425929013,1.2814457635996062,0.011334649860480408,0.09611776317746502
2009-01-05,10,504,3779,0,0.0,0.008134920634920634,0.01984126984126984,0.22532792704362653,0.32697752813566044,0.425566199921877,0.0019471963523268229,0.033806668559908576
2009-01-05,50,503,3779,0,0.0,0.007475149105367795,0.02584493041749503,0.22553821339328844,0.37069596938334815,0.8541090627374756,0.0015916301427025866,0.06022281448589443
2009-01-05,100,503,3779,0,0.0,0.006441351888667992,0.02584493041749503,0.22553821339328844,0.38286523185585486,0.8541090627374756,0.0011562908558100245,0.06022281448589443
2009-01-05,200,468,3779,63,0.015,0.009882478632478632,0.7564102564102564,0.05464594516124719,0.36124923654238383,1.3050211220605685,0.007016093283852925,0.0990649606944955
2009-02-04,10,504,3777,0,0.0,0.007738095238095238,0.01984126984126984,0.22683552385186476,0.33694255065092615,0.4380549630483916,-0.010247344917274786,0.01805014211631548
2009-02-04,50,503,3777,0,0.0,0.006958250497017894,0.02385685884691849,0.2270468253398773,0.37421783145969767,0.7076657588708776,-0.003973609532280668,0.04882385425372641
2009-02-04,100,503,3777,4,0.0019047619047619048,0.006302186878727634,0.02385685884691849,0.22157903189436678,0.38457744108683545,1.0631624512762339,-0.005207585016619863,0.04882385425372641
2009-02-04,200,481,3777,46,0.010952380952380953,0.005914760914760914,0.02494802494802495,0.2222034496806451,0.4124864192504769,1.0395849998606133,-0.004616064577607827,0.08199851967420198
2009-03-06,10,504,3782,6,0.02857142857142857,0.0057539682539682535,0.011904761904761904,0.23600456902409592,0.30852799679692455,0.43813486190786544,-0.006523664010627856,0.016828619531636745
2009-03-06,50,503,3782,6,0.005714285714285714,0.006481113320079522,0.02186878727634195,0.23622361646993015,0.3709539655475599,0.7782619453666721,-0.012651295355843013,0.052832321670102815
2009-03-06,100,503,3782,6,0.002857142857142857,0.0059244532803180905,0.02186878727634195,0.22580031512541773,0.3995513399521031,1.086345583738452,-0.014443112090663767,0.052832321670102815
2009-03-06,200,499,3782,25,0.005952380952380951,0.005871743486973949,0.022044088176352707,0.09262188230890073,0.4109851296438407,1.0868354634239406,-0.01137062636730564,0.05775136644589606
2009-04-06,10,504,3797,0,0.0,0.005158730158730159,0.011904761904761904,0.24147798163895146,0.3984615426136529,0.7822744588282186,-0.0024311854207184616,0.025264056254806305
2009-04-06,50,497,3797,21,0.02,0.0063179074446680075,0.022132796780684104,0.2427624281300522,0.3937266839857589,1.013286441269862,-0.0005581569153817577,0.04924738312924525
2009-04-06,100,497,3797,21,0.01,0.005653923541247485,0.022132796780684104,0.2427624281300522,0.42440867440026936,1.1275927384906237,-0.003163882973189653,0.05147051047896121
2009-04-06,200,478,3797,42,0.01,0.005826359832635983,0.02092050209205021,0.09890603319927656,0.4429140804274289,1.108144398617152,-0.01658009424277138,0.05138980864085325
2009-05-06,10,504,3806,0,0.0,0.005555555555555555,0.013888888888888888,0.2434481649651879,0.40055777774936885,0.8104263435236764,-0.0034148871331071786,0.01795676173699645
2009-05-06,50,503,3806,0,0.0,0.006361829025844931,0.019880715705765408,0.24367651201221588,0.3983688982890162,1.0893055350393157,-0.002399102177154931,0.0426163563518583
2009-05-06,100,503,3806,0,0.0,0.0059443339960238584,0.019880715705765408,0.24367651201221588,0.43306293478620034,1.1398381616793134,-0.002817501642801845,0.0426163563518583
2009-05-06,200,459,3806,21,0.005,0.005610021786492375,0.02178649237472767,0.1007856595553884,0.45333152650224473,1.131057646577002,-0.017958253754745884,0.04892772548736483
2009-06-05,10,504,3823,0,0.0,0.0057539682539682535,0.017857142857142856,0.24365131831740153,0.40281843013254803,0.8254060609954136,-0.0018482708572414124,0.014152423151608454
2009-06-05,50,503,3823,0,0.0,0.006043737574552684,0.019880715705765408,0.24388058809198046,0.4022434812618776,1.10720326030216,-7.882728092368119e-05,0.05329633959126215
2009-06-05,100,503,3823,0,0.0,0.005526838966202783,0.019880715705765408,0.24388058809198046,0.4480781543236061,1.1464617192531459,-0.0005314852871114404,0.05329633959126215
2009-06-05,200,474,3823,3,0.0007142857142857143,0.005569620253164557,0.02109704641350211,0.10125787141817853,0.46182361953859624,1.1369134590348116,-0.007719019821652041,0.06209701054632032
2009-07-07,10,504,3842,0,0.0,0.005555555555555555,0.015873015873015872,0.24448895249607888,0.40216635185203975,0.8281532820237537,0.0022929628828347827,0.018817534254568703
2009-07-07,50,503,3842,0,0.0,0.0062027833001988076,0.019880715705765408,0.2447195470952263,0.3886387646736187,1.1142061538792092,-0.0022124210352965023,0.03242899044385569
2009-07-07,100,503,3842,0,0.0,0.0057256461232604375,0.019880715705765408,0.2447195470952263,0.4397036164932193,1.148718531616894,-0.003187339935995198,0.049932204035914834
2009-07-07,200,478,3842,21,0.005,0.0054916317991631795,0.02092050209205021,0.10124086894000113,0.45838700404521904,1.1345252224722122,-0.00939245362243342,0.055543962719520716
2009-08-05,10,504,3828,0,0.0,0.005952380952380952,0.015873015873015872,0.24492599924283925,0.400262056645699,0.8300048633785839,0.007347941022208762,0.03016859238042604
2009-08-05,50,503,3828,0,0.0,0.006003976143141155,0.02186878727634195,0.2451585006162499,0.41671481262059396,1.1501152493776394,0.007523768538431299,0.03708854359293213
2009-08-05,100,503,3828,0,0.0,0.005347912524850896,0.02186878727634195,0.2451585006162499,0.45162573407217305,1.1501152493776394,0.007343246919627091,0.05074204209272846
2009-08-05,200,503,3828,0,0.0,0.005407554671968191,0.02186878727634195,0.10406868246616567,0.4693269444892038,1.1501152493776394,0.007413198953657726,0.05761207442148225
2009-09-03,10,504,3822,0,0.0,0.006944444444444445,0.017857142857142856,0.24390370149513488,0.397208639834035,1.1219934342363311,0.008001462204720445,0.030733224543501147
2009-09-03,50,503,3822,0,0.0,0.0060437375745526845,0.02186878727634195,0.244134531333471,0.41345980094073154,1.122645637636716,0.0037115084053100027,0.034499493518281375
2009-09-03,100,503,3822,0,0.0,0.005526838966202784,0.02186878727634195,0.244134531333471,0.4513930939822348,1.1481850555346784,0.004195178245416002,0.05128231483997767
2009-09-03,200,503,3822,0,0.0,0.005675944333996024,0.02186878727634195,0.10410975370327698,0.4629801600280582,1.1481850555346784,0.003917723896399242,0.05161225236023517
2009-10-05,10,504,3841,0,0.0,0.0057539682539682535,0.017857142857142856,0.2440824178220144,0.39677000085415715,0.831933988167385,0.002585863618995054,0.025690842049257145
2009-10-05,50,503,3841,12,0.011428571428571429,0.005964214711729623,0.019880715705765408,0.24431251493441236,0.4226212567752399,1.147648080051006,0.003093611122727003,0.031183633270837587
2009-10-05,100,503,3841,12,0.005714285714285714,0.005745526838966202,0.019880715705765408,0.24431251493441236,0.4443727201118717,1.147648080051006,0.0028351340003102926,0.04657806210702024
2009-10-05,200,503,3841,12,0.002857142857142857,0.005606361829025844,0.019880715705765408,0.10334017447906264,0.4665712970486918,1.147648080051006,0.003483376122038673,0.05236365430651578
2009-11-03,10,504,3873,0,0.0,0.00496031746031746,0.015873015873015872,0.24549572867316768,0.42513511364296686,0.8338991086358123,0.006208847656076207,0.027650022234179006
2009-11-03,50,491,3873,21,0.02,0.006313645621181262,0.018329938900203666,0.2478525224146447,0.42559445137451524,1.1595869245105443,0.006413218441968674,0.035223954141190346
2009-11-03,100,491,3873,21,0.01,0.005682281059063137,0.020366598778004074,0.2478525224146447,0.4477812632604196,1.1595869245105443,0.006279894853095486,0.043080355723015794
2009-11-03,200,491,3873,21,0.005,0.005580448065173116,0.020366598778004074,0.10398000664465909,0.46858172172431545,1.1595869245105443,0.006952246380405052,0.05200112693853613
2009-12-03,10,504,3879,0,0.0,0.005158730158730159,0.013888888888888888,0.2450336234886772,0.39270607150037606,0.8297345229784286,0.009375149616987068,0.031605379979981425
2009-12-03,50,503,3879,13,0.012380952380952381,0.006759443339960239,0.04970178926441352,0.24526536061676998,0.4146934567036743,1.1258744621901262,0.010116698008197344,0.059404157487795387
2009-12-03,100,503,3879,13,0.006190476190476191,0.006143141153081511,0.04970178926441352,0.24526536061676998,0.44974154703519,1.1442036843979495,0.00969508236837252,0.059404157487795387
2009-12-03,200,503,3879,13,0.0030952380952380953,0.006023856858846917,0.04970178926441352,0.10197256946154391,0.46147004255845325,1.1442036843979495,0.009097787468644685,0.059404157487795387
2010-01-05,10,504,3885,0,0.0,0.005555555555555555,0.013888888888888888,0.24465318936227176,0.39025278888962733,0.8288634688703729,0.008893099670572233,0.03651002759787695
2010-01-05,50,490,3885,21,0.02,0.006979591836734694,0.0673469387755102,0.24796481236576448,0.4255962825790147,1.1548331772680105,0.011014539275330368,0.03732721425199175
2010-01-05,100,490,3885,21,0.01,0.006408163265306122,0.0673469387755102,0.24796481236576448,0.4542747770973216,1.1548331772680105,0.010078465864267267,0.04528013659456739
2010-01-05,200,490,3885,21,0.005,0.006193877551020408,0.0673469387755102,0.10192905115795042,0.4662516881246893,1.1548331772680105,0.010532189625265743,0.04528013659456739
2010-02-04,10,504,3879,0,0.0,0.005357142857142857,0.013888888888888888,0.24385781633754716,0.3861527103971669,0.8220370073605603,0.011757597901969983,0.04272366714998453
2010-02-04,50,503,3879,0,0.0,0.005566600397614314,0.017892644135188866,0.24408915808834758,0.4097082606758985,1.1240428513101584,0.013298354897687254,0.044710129061164575
2010-02-04,100,503,3879,14,0.006666666666666666,0.0058051689860835,0.017892644135188866,0.24408915808834758,0.443485989158388,1.1387651011211362,0.011893501957546695,0.044710129061164575
2010-02-04,200,503,3879,14,0.003333333333333333,0.006003976143141153,0.02385685884691849,0.10009850417576104,0.45543719641023805,1.1387651011211362,0.01145613067633902,0.04812903701552165
2010-03-08,10,504,3888,0,0.0,0.006944444444444445,0.015873015873015872,0.24307775693880293,0.4161726423230913,1.123838124804298,0.016739417824128633,0.05322300760252742
2010-03-08,50,493,3888,0,0.0,0.006572008113590264,0.018255578093306288,0.2440309436385172,0.40459303611999153,1.1322972720569335,0.018874220813763762,0.052600887681922115
2010-03-08,100,479,3888,21,0.01,0.006137787056367431,0.018789144050104383,0.2470695610065749,0.4473810033940759,1.1517345175490383,0.013900361065944276,0.049238568299473304
2010-03-08,200,479,3888,21,0.005,0.006304801670146137,0.025052192066805846,0.09917006480754287,0.46386599163689746,1.1517345175490383,0.013375129043829164,0.05982100364721569
2010-04-07,10,504,3895,0,0.0,0.007936507936507936,0.015873015873015872,0.24106412601762459,0.4374565097765225,1.1170877431593924,0.014677949760602165,0.04551623109765197
2010-04-07,50,503,3895,0,0.0,0.006799204771371768,0.017892644135188866,0.24129242754632244,0.39771723458797015,1.117719299941145,0.01782448876103061,0.04991754968342155
2010-04-07,100,503,3895,0,0.0,0.006481113320079522,0.019880715705765408,0.24129242754632244,0.4383870780287692,1.1186010284439798,0.016072320508001482,0.04991754968342155
2010-04-07,200,503,3895,0,0.0,0.00651093439363817,0.027833001988071572,0.09613868992429668,0.4587018003841587,1.4143831914758165,0.015835108813918964,0.0521366176304404
2010-05-06,10,504,3904,0,0.0,0.007738095238095237,0.013888888888888888,0.24181484794893562,0.43350916135322765,1.1169680669138289,0.01297479910587985,0.03709440089094223
2010-05-06,50,503,3904,0,0.0,0.006520874751491054,0.017892644135188866,0.24204344871088887,0.39603376022643716,1.1176011975469649,0.013331374652921437,0.048731814570078025
2010-05-06,100,503,3904,0,0.0,0.006560636182902585,0.019880715705765408,0.24204344871088887,0.4246918741130578,1.1186816209848702,0.01206199261313913,0.048731814570078025
2010-05-06,200,503,3904,0,0.0,0.006302186878727634,0.02584493041749503,0.09570237867732032,0.4543087942378862,1.4144048639055429,0.012802507484224885,0.048731814570078025
2010-06-07,10,504,3916,0,0.0,0.007738095238095237,0.013888888888888888,0.2448958170100067,0.4117459932244253,1.1211205457464992,0.007313257094197346,0.03681044709910286
2010-06-07,50,503,3916,0,0.0,0.006123260437375746,0.017892644135188866,0.24512632017696898,0.40014011707691044,1.1217573335713906,0.00823054206499086,0.04859916691545919
2010-06-07,100,503,3916,6,0.002857142857142857,0.006341948310139166,0.019880715705765408,0.24512632017696898,0.4268527381003845,1.1217573335713906,0.0061988668520104,0.04859916691545919
2010-06-07,200,503,3916,6,0.0014285714285714286,0.0062425447316103375,0.02584493041749503,0.09502452402713026,0.4607155119118795,1.4197957779607073,0.0075167430066241,0.04859916691545919
2010-07-07,10,504,3915,0,0.0,0.007539682539682539,0.015873015873015872,0.24399140813485465,0.37590045520933696,0.8075351736101789,0.00653418253861361,0.04079185540598412
2010-07-07,50,503,3915,0,0.0,0.006361829025844931,0.017892644135188866,0.24422153716179743,0.3982549669092394,1.119360456712341,0.013127578074744215,0.042108885826690354
2010-07-07,100,497,3915,21,0.01,0.006438631790744467,0.02012072434607646,0.24550339396391443,0.4272074457139621,1.1252941671991301,0.013202586841496285,0.04766240256931
2010-07-07,200,497,3915,21,0.005,0.006509054325955734,0.02414486921529175,0.09448874470106125,0.4501933117732804,1.4241257510314242,0.013795075274218756,0.0578472084140327
2010-08-05,10,504,3910,0,0.0,0.006547619047619047,0.015873015873015872,0.2450892844006549,0.40607160460411146,0.7873315343880043,0.012149985846641917,0.05230452564891028
2010-08-05,50,503,3910,0,0.0,0.005924453280318091,0.015904572564612324,0.24531989704494087,0.39571232692839964,1.0862906861710804,0.018614563774109978,0.0521420709088983
2010-08-05,100,503,3910,0,0.0,0.006361829025844931,0.019880715705765408,0.24531989704494087,0.43037032921586926,1.107458841783386,0.017182820515069065,0.0521420709088983
2010-08-05,200,503,3910,0,0.0,0.00658051689860835,0.02584493041749503,0.0928267873942115,0.44764148243442736,1.4042674970975404,0.017241832687151782,0.06859773230087193
2010-09-03,10,504,3887,0,0.0,0.007142857142857143,0.015873015873015872,0.24533958752246438,0.3707863566431347,0.5573240277909601,0.005598302818113988,0.04332146372768846
2010-09-03,50,503,3887,0,0.0,0.006361829025844931,0.017892644135188866,0.24556968749797997,0.3948980024168738,1.080115736491799,0.015667119580770165,0.0645687566404107
2010-09-03,100,503,3887,0,0.0,0.006600397614314114,0.019880715705765408,0.24556968749797997,0.42340404869856585,1.1040028699175048,0.013318960992466633,0.0645687566404107
2010-09-03,200,503,3887,0,0.0,0.00676938369781312,0.027833001988071572,0.09251574623488105,0.44645712270574284,1.3948664211882524,0.01498550107060519,0.08557439607332312
2010-10-05,10,504,3890,0,0.0,0.007142857142857143,0.013888888888888888,0.2402950616955825,0.3576086383474475,0.530358322688171,0.018885086224848635,0.09308347366799778
2010-10-05,50,503,3890,0,0.0,0.006401590457256462,0.017892644135188866,0.2280095282748562,0.38077382640808727,1.026783174701147,0.02565060846578577,0.09293738021352288
2010-10-05,100,503,3890,0,0.0,0.006799204771371768,0.019880715705765408,0.2280095282748562,0.40539770979339573,1.056225103248977,0.02595732614935753,0.09293738021352288
2010-10-05,200,503,3890,0,0.0,0.006968190854870775,0.02982107355864811,0.09069935747725733,0.43209283132671134,1.3574264050091511,0.027668352933605936,0.11613258011553228
2010-11-03,10,504,3922,0,0.0,0.007142857142857143,0.013888888888888888,0.19520642629124552,0.2779583877973932,0.5067410318692147,0.03223047313831132,0.10473910854835584
2010-11-03,50,503,3922,0,0.0,0.006560636182902584,0.017892644135188866,0.19538688068895552,0.33846236778154837,0.9853932373763947,0.04140701931028026,0.10457462164331008
2010-11-03,100,503,3922,0,0.0,0.007077534791252484,0.02186878727634195,0.18663020118931736,0.3632077401415825,1.13441194326981,0.041558839402485545,0.10457462164331008
2010-11-03,200,503,3922,0,0.0,0.007266401590457256,0.02982107355864811,0.0817320180075416,0.3838519874988079,1.13441194326981,0.043358367616705154,0.13865193411807564
2010-12-03,10,504,3913,0,0.0,0.007936507936507936,0.015873015873015872,0.1606262108674836,0.24009993634069968,0.4571022059763481,0.04187351653894218,0.13143413744648863
2010-12-03,50,503,3913,0,0.0,0.006918489065606361,0.017892644135188866,0.16077015144242127,0.3047187274902763,0.9312281082936265,0.056675149107853845,0.13126707627485348
2010-12-03,100,503,3913,0,0.0,0.0073558648111332016,0.02385685884691849,0.16077015144242127,0.32976636018791927,1.0067817592668709,0.057277088690944514,0.13126707627485348
2010-12-03,200,503,3913,0,0.0,0.007405566600397614,0.02982107355864811,0.07652204842527502,0.342013096547364,1.0067817592668709,0.05935864446604567,0.13980564549182117
2011-01-04,10,504,3904,0,0.0,0.007936507936507936,0.013888888888888888,0.15464458875366097,0.22788091109687836,0.4422730344998416,0.041923380122019155,0.1437576113850923
2011-01-04,50,504,3904,0,0.0,0.007301587301587301,0.021825396825396824,0.15464458875366097,0.28961992566056627,0.9128286801064182,0.049601587614316454,0.1437576113850923
2011-01-04,100,504,3904,0,0.0,0.007678571428571428,0.021825396825396824,0.15464458875366097,0.31500193269200577,0.9696694731829232,0.05023658984050374,0.1437576113850923
2011-01-04,200,504,3904,0,0.0,0.007847222222222222,0.031746031746031744,0.06818930555250999,0.32546661706710567,0.9696694731829232,0.051797193120439615,0.1437576113850923
2011-02-03,10,504,3895,0,0.0,0.006349206349206349,0.011904761904761904,0.17501870874678685,0.2587075198538054,0.7079346757930138,0.06363494718729665,0.15152339164187703
2011-02-03,50,487,3895,0,0.0,0.008008213552361396,0.022587268993839837,0.14552394990004075,0.2727813834300963,0.7245978690865263,0.0804802198041679,0.16488679201019057
2011-02-03,100,487,3895,0,0.0,0.008069815195071868,0.022587268993839837,0.14552394990004075,0.2917590592504528,0.8556765424730226,0.08125744622857335,0.16488679201019057
2011-02-03,200,487,3895,0,0.0,0.007761806981519508,0.026694045174537988,0.06563600615088637,0.3026975920360817,0.8556765424730226,0.080503898803196,0.16488679201019057
2011-03-07,10,504,3886,0,0.0,0.006547619047619047,0.013888888888888888,0.15978272222865172,0.24525710632514347,0.6292025135410287,0.08889124026553061,0.16691960385267096
2011-03-07,50,504,3886,0,0.0,0.008492063492063492,0.023809523809523808,0.1388000261313934,0.2673052324501747,0.7064950850380148,0.09068116739122596,0.16691960385267096
2011-03-07,100,504,3886,0,0.0,0.008174603174603173,0.023809523809523808,0.1388000261313934,0.28476407869104337,0.8410802590681699,0.09007101225631604,0.16691960385267096
2011-03-07,200,504,3886,0,0.0,0.007867063492063491,0.027777777777777776,0.06555405286056876,0.29209563575308317,0.8410802590681699,0.08981828820515783,0.16691960385267096
2011-04-05,10,504,3884,0,0.0,0.007738095238095238,0.013888888888888888,0.1505204001873053,0.200227176904556,0.4002902093975024,0.06599984144062518,0.13660152880831916
2011-04-05,50,504,3884,0,0.0,0.008769841269841268,0.023809523809523808,0.1299937348112685,0.24221029856550313,0.5687445766599662,0.07252074003298017,0.13660152880831916
2011-04-05,100,504,3884,16,0.007619047619047619,0.008253968253968253,0.023809523809523808,0.1299937348112685,0.27032868255505577,0.73269064118775,0.0710633445665044,0.13660152880831916
2011-04-05,200,504,3884,33,0.007857142857142858,0.00810515873015873,0.025793650793650792,0.058055260125385894,0.27135630834785485,0.73269064118775,0.0725697848729557,0.14433191404680837
2011-05-05,10,504,3892,0,0.0,0.007539682539682541,0.013888888888888888,0.14168264233816175,0.19713430431779716,0.34048491371916234,0.06846508359655529,0.12521223588376695
2011-05-05,50,504,3892,0,0.0,0.008809523809523809,0.021825396825396824,0.12971185661597753,0.23114219195872293,0.4259412970546366,0.0710159338663208,0.1400460365428078
2011-05-05,100,488,3892,21,0.01,0.008053278688524589,0.022540983606557378,0.12653950617870652,0.26084164187800496,0.4466619580508609,0.06420788656656355,0.1410434445529743
2011-05-05,200,487,3892,42,0.01,0.00813141683778234,0.026694045174537988,0.05761031579348113,0.261320589377352,0.6558866279767823,0.06764462287850984,0.13998207060853574
2011-06-06,10,504,3901,0,0.0,0.008333333333333333,0.015873015873015872,0.12880428540506045,0.17994232618751743,0.29154543689615464,0.061744435603090696,0.11706791096831512
2011-06-06,50,504,3901,0,0.0,0.00849206349206349,0.023809523809523808,0.12880428540506045,0.22123954592752332,0.39250277869927735,0.060630589400889,0.1443272455603281
2011-06-06,100,504,3901,0,0.0,0.007936507936507936,0.023809523809523808,0.12880428540506045,0.24858302334384746,0.6108656554129658,0.05928555616884994,0.1443272455603281
2011-06-06,200,504,3901,0,0.0,0.008273809523809524,0.027777777777777776,0.05511415795263548,0.25213888317318645,0.6108656554129658,0.0617369534024515,0.15137205235898568
2011-07-06,10,504,3902,0,0.0,0.008134920634920636,0.015873015873015872,0.12725105558664204,0.1790120562683682,0.2874525890243986,0.07257492848114086,0.12350892570350538
2011-07-06,50,485,3902,0,0.0,0.008123711340206185,0.020618556701030927,0.12573077720995834,0.21343259866845188,0.806425513307691,0.061472976992223156,0.13241170383480366
2011-07-06,100,485,3902,0,0.0,0.007938144329896906,0.02268041237113402,0.12138886255085998,0.24300610482205087,0.806425513307691,0.06036661306568338,0.13241170383480366
2011-07-06,200,485,3902,0,0.0,0.008164948453608246,0.030927835051546393,0.05395322426104821,0.24662750853387957,0.806425513307691,0.06280195965514505,0.13656404085512588
2011-08-04,10,504,3897,0,0.0,0.00873015873015873,0.015873015873015872,0.12499455850447584,0.17688414955883813,0.27297192452623925,0.05304883702960961,0.11630560226315158
2011-08-04,50,504,3897,0,0.0,0.007857142857142856,0.01984126984126984,0.12499455850447584,0.20910576368078826,0.7925705860695798,0.04924601910465766,0.12475208932710412
2011-08-04,100,504,3897,0,0.0,0.007857142857142856,0.023809523809523808,0.12007754940439236,0.2427441097114704,0.7925705860695798,0.049115345397084,0.12475208932710412
2011-08-04,200,504,3897,0,0.0,0.00818452380952381,0.03373015873015873,0.05465411322751172,0.2469262752806639,0.7925705860695798,0.05062203678630873,0.1274630991356073
2011-09-02,10,504,3903,0,0.0,0.008531746031746033,0.015873015873015872,0.1384105200000012,0.19542315971808993,0.28353585927891717,0.051606384047122644,0.10881278689011299
2011-09-02,50,504,3903,0,0.0,0.007896825396825397,0.01984126984126984,0.1384105200000012,0.22245294201579235,0.4302212195033794,0.044118306301926265,0.11804595227042469
2011-09-02,100,504,3903,0,0.0,0.007658730158730157,0.023809523809523808,0.12860392444870453,0.2609213859708218,0.5716455518128823,0.0443570019657492,0.11804595227042469
2011-09-02,200,504,3903,0,0.0,0.007837301587301585,0.037698412698412696,0.06181195530373386,0.26375875291746786,0.5889635329553037,0.04644102800847233,0.1395151442337535
2011-10-04,10,504,3910,0,0.0,0.008531746031746033,0.015873015873015872,0.14112793721984643,0.20213941008416286,0.2811947794335158,0.040343601189667413,0.09307653471408811
2011-10-04,50,504,3910,0,0.0,0.00753968253968254,0.01984126984126984,0.14112793721984643,0.23345269891841144,0.4502760782894732,0.030974072213055127,0.11581065209748956
2011-10-04,100,504,3910,0,0.0,0.007678571428571428,0.031746031746031744,0.1297711232877837,0.26187828432445037,0.5400763861476715,0.03199219506237915,0.11581065209748956
2011-10-04,200,504,3910,0,0.0,0.007797619047619046,0.031746031746031744,0.06305697134494734,0.26306055425671104,0.5400763861476715,0.0323643170104265,0.1176454580814492
2011-11-02,10,504,3933,0,0.0,0.00873015873015873,0.015873015873015872,0.1388615501059926,0.20440415708209597,0.284521859268161,0.04360976446303225,0.09612704915386498
2011-11-02,50,504,3933,0,0.0,0.0077777777777777776,0.01984126984126984,0.1388615501059926,0.24009039627226686,0.4702006194424092,0.03976804946834829,0.11078418825971723
2011-11-02,100,504,3933,0,0.0,0.007103174603174603,0.01984126984126984,0.12954282861471136,0.2654241328958141,0.5415295011676675,0.03962644840632748,0.11078418825971723
2011-11-02,200,504,3933,0,0.0,0.007718253968253968,0.03373015873015873,0.06165537367742427,0.27536874391112365,0.5415295011676675,0.041511983064252043,0.11947240260073334
2011-12-02,10,504,3939,0,0.0,0.009126984126984126,0.01984126984126984,0.14203602796730216,0.20897823621678976,0.2861818054543705,0.03509293588667304,0.08861894752263991
2011-12-02,50,504,3939,0,0.0,0.00746031746031746,0.01984126984126984,0.14203602796730216,0.24330571252688038,0.47908164304567097,0.035538150757205705,0.11236285527824283
2011-12-02,100,504,3939,0,0.0,0.006984126984126982,0.01984126984126984,0.13000735700084198,0.2706086016377729,0.5172927984908351,0.034478792875946414,0.11236285527824283
2011-12-02,200,504,3939,0,0.0,0.007638888888888889,0.031746031746031744,0.06209359432039883,0.2750811825789914,0.5172927984908351,0.03645418785495128,0.11236285527824283
2012-01-04,10,504,3955,0,0.0,0.008928571428571428,0.01984126984126984,0.14193538699746527,0.21077057719337944,0.2900624485246339,0.042193299192922334,0.08602818043257021
2012-01-04,50,504,3955,0,0.0,0.007579365079365079,0.021825396825396824,0.14193538699746527,0.2462260420364756,0.4850060597094187,0.03774176819323063,0.10641519180187699
2012-01-04,100,504,3955,0,0.0,0.007043650793650793,0.021825396825396824,0.1321009808212717,0.2766524769735237,0.5144782036572099,0.03527732226151172,0.10641519180187699
2012-01-04,200,504,3955,0,0.0,0.007371031746031747,0.02976190476190476,0.06216961561964523,0.2766524769735237,0.5144782036572099,0.03645522817702685,0.10641519180187699
2012-02-03,10,504,3961,0,0.0,0.009523809523809523,0.021825396825396824,0.14115453653175952,0.20937850594742932,0.2856083832330692,0.04900829054477264,0.10843304435595133
2012-02-03,50,504,3961,0,0.0,0.007976190476190477,0.021825396825396824,0.14115453653175952,0.2443256514350051,0.48943698475454284,0.042087634182075465,0.10843304435595133
2012-02-03,100,504,3961,0,0.0,0.007281746031746031,0.021825396825396824,0.13017850012475532,0.2752875698542392,0.5123744958100095,0.04317926701668681,0.10843304435595133
2012-02-03,200,504,3961,0,0.0,0.007450396825396825,0.031746031746031744,0.062201278435539444,0.27779321354551223,0.5123744958100095,0.04304302294438609,0.10843304435595133
2012-03-06,10,504,3983,0,0.0,0.00873015873015873,0.017857142857142856,0.14218321877544265,0.20836919336665188,0.28313253989853426,0.05362489887256995,0.11650085298921867
2012-03-06,50,504,3983,0,0.0,0.007976190476190475,0.01984126984126984,0.14218321877544265,0.24372877410341393,0.489868728027629,0.04540935830236859,0.11650085298921867
2012-03-06,100,504,3983,0,0.0,0.0070634920634920625,0.01984126984126984,0.12752131320175333,0.27360587220025917,0.489868728027629,0.04185532248898774,0.11650085298921867
2012-03-06,200,504,3983,0,0.0,0.007142857142857142,0.02976190476190476,0.06188689355913222,0.27651755098754355,0.489868728027629,0.04143330132538185,0.11650085298921867
2012-04-04,10,504,3992,0,0.0,0.007539682539682539,0.017857142857142856,0.14156636626942543,0.22371921921581375,0.3617957081992584,0.05157109522646208,0.12423391898315604
2012-04-04,50,504,3992,0,0.0,0.007896825396825397,0.01984126984126984,0.14156636626942543,0.2454702546623119,0.49816752807519316,0.04443245806895349,0.12423391898315604
2012-04-04,100,504,3992,0,0.0,0.007023809523809523,0.021825396825396824,0.1274481449716655,0.2741139911573015,0.49816752807519316,0.040563450059394254,0.12423391898315604
2012-04-04,200,488,3992,0,0.0,0.007172131147540983,0.030737704918032786,0.06317904499797466,0.2780925482736612,0.5026627914923978,0.04254808334321474,0.14125556143195855
2012-05-04,10,504,4000,0,0.0,0.007738095238095238,0.017857142857142856,0.1439002650090652,0.20992708897660145,0.27893813811832935,0.04958867411639094,0.10413282881081525
2012-05-04,50,504,4000,0,0.0,0.007658730158730158,0.017857142857142856,0.1439002650090652,0.24684636444988756,0.5004727476954292,0.04604661819179601,0.120392477818942
2012-05-04,100,504,4000,0,0.0,0.0068849206349206335,0.021825396825396824,0.12634457897869103,0.2707420659992529,0.5004727476954292,0.0431636345133996,0.120392477818942
2012-05-04,200,504,4000,15,0.0035714285714285713,0.007311507936507936,0.047619047619047616,0.0623644316669057,0.2745614231215897,0.5004727476954292,0.04321597471650405,0.13496719052289094
2012-06-05,10,504,4005,0,0.0,0.007738095238095238,0.01984126984126984,0.13935536656064962,0.20235535296214335,0.26566981729110556,0.057742655274234445,0.10296838979825425
2012-06-05,50,504,4005,0,0.0,0.007976190476190475,0.01984126984126984,0.13935536656064962,0.23434164338147928,0.4941092896494654,0.05162238282606988,0.12943392098434553
2012-06-05,100,504,4005,0,0.0,0.0073809523809523795,0.031746031746031744,0.12021273293544284,0.25838068565898076,0.4941092896494654,0.04846943824156816,0.12943392098434553
2012-06-05,200,489,4005,21,0.005,0.007627811860940696,0.06134969325153374,0.037714851833156565,0.26459760675726773,0.4970147302410691,0.053098268569262794,0.14000163162454496
2012-07-05,10,504,4008,0,0.0,0.00734126984126984,0.01984126984126984,0.14427298099086383,0.201921652939083,0.2649871336090693,0.08263822166688428,0.11523281866114204
2012-07-05,50,504,4008,0,0.0,0.008015873015873014,0.01984126984126984,0.13896882274787445,0.23202154381783496,0.5003011046068565,0.06420977316517655,0.1457259899619038
2012-07-05,100,504,4008,0,0.0,0.00734126984126984,0.03373015873015873,0.12002122533009021,0.259585115294767,0.5003011046068565,0.05952517248378606,0.1457259899619038
2012-07-05,200,504,4008,21,0.005,0.007549603174603174,0.06547619047619048,0.03731875963882012,0.26309320725181884,0.5003011046068565,0.057361068290999274,0.15540884464380603
2012-08-03,10,504,4017,0,0.0,0.007142857142857143,0.01984126984126984,0.14190300941603426,0.20152982814015136,0.25989522304321017,0.07040929660405423,0.11007957224293165
2012-08-03,50,504,4017,0,0.0,0.007777777777777777,0.01984126984126984,0.13730540937063795,0.23043100870442135,0.4969655062653022,0.05402259460239475,0.1318224494688083
2012-08-03,100,504,4017,0,0.0,0.007202380952380951,0.031746031746031744,0.11576899701632193,0.25497044888639564,0.4969655062653022,0.047554218697055096,0.1318224494688083
2012-08-03,200,483,4017,36,0.008571428571428572,0.0075879917184265,0.06832298136645963,0.03771094039196641,0.26085634448247574,0.5025398527043389,0.04763583584325844,0.1474090612042944
2012-09-04,10,504,4027,0,0.0,0.007539682539682539,0.017857142857142856,0.13839327898304346,0.19931430841143943,0.2571573616711562,0.0718318487080867,0.12748988991910426
2012-09-04,50,504,4027,0,0.0,0.007619047619047619,0.017857142857142856,0.13839327898304346,0.2291783998194087,0.4948625632338037,0.059725576745880575,0.12748988991910426
2012-09-04,100,504,4027,0,0.0,0.00742063492063492,0.02976190476190476,0.11359456140045279,0.25370941138059633,0.4948625632338037,0.0535899129367971,0.12748988991910426
2012-09-04,200,489,4027,21,0.005,0.007423312883435583,0.06748466257668712,0.03713575864949381,0.2627575914480901,0.5054584441673438,0.05088041586527787,0.1424605759199979
2012-10-03,10,504,4027,0,0.0,0.0057539682539682535,0.017857142857142856,0.13887692947053823,0.21276086053952073,0.27037095977890185,0.0701321172042981,0.11421451368078159
2012-10-03,50,504,4027,0,0.0,0.007619047619047619,0.017857142857142856,0.1383937297511015,0.23132188753456803,0.49875502529998056,0.0566597168146332,0.11421451368078159
2012-10-03,100,504,4027,0,0.0,0.00732142857142857,0.027777777777777776,0.11470228856479665,0.25530757675090243,0.4995564379261745,0.051219009295603184,0.12003025883564886
2012-10-03,200,504,4027,0,0.0,0.007212301587301586,0.027777777777777776,0.036602821054604266,0.2584381745072634,0.4995564379261745,0.04861315376709968,0.14299823903178496
2012-11-05,10,504,4042,0,0.0,0.008333333333333333,0.021825396825396824,0.14020100189506923,0.20083146652283,0.2616833021800523,0.05474349957142839,0.08373356253795643
2012-11-05,50,504,4042,0,0.0,0.00753968253968254,0.021825396825396824,0.14020100189506923,0.23249280033698544,0.4958846499563827,0.04550673222189658,0.10803922150786359
2012-11-05,100,492,4042,0,0.0,0.007276422764227643,0.03048780487804878,0.1155494354572837,0.25273137509232757,0.5032872056603512,0.0430578777811672,0.11292903458131262
2012-11-05,200,492,4042,0,0.0,0.00728658536585366,0.03048780487804878,0.03598846284109097,0.25617602263961436,0.5032872056603512,0.04152146903896543,0.11292903458131262
2012-12-05,10,504,4039,0,0.0,0.007936507936507936,0.023809523809523808,0.13997512394166753,0.19984311876218483,0.2682664299386452,0.04956101940157663,0.07914605015474607
2012-12-05,50,504,4039,0,0.0,0.00753968253968254,0.023809523809523808,0.13997512394166753,0.22722808777876516,0.49510220201101984,0.046404754193151036,0.10587750261411165
2012-12-05,100,504,4039,0,0.0,0.00722222222222222,0.02976190476190476,0.11934639195469603,0.2524948111845602,0.5012217620969741,0.04030167737501245,0.10587750261411165
2012-12-05,200,504,4039,0,0.0,0.007251984126984126,0.02976190476190476,0.03524128307048494,0.257089478220783,0.5424188794088427,0.03884165897920372,0.12222648663124881
2013-01-07,10,504,4043,0,0.0,0.006349206349206349,0.023809523809523808,0.1399264910432891,0.2152579823832269,0.279585942125604,0.04449270473594681,0.06267327350622416
2013-01-07,50,504,4043,0,0.0,0.006944444444444444,0.023809523809523808,0.1399264910432891,0.2361173852764375,0.4940138033000723,0.042960260357355534,0.10397320273797701
2013-01-07,100,504,4043,0,0.0,0.006964285714285714,0.031746031746031744,0.1220426970683176,0.25550954615146626,0.5029144862680245,0.040470418563964675,0.10397320273797701
2013-01-07,200,504,4043,0,0.0,0.006984126984126984,0.031746031746031744,0.0333296943136904,0.25804417377752276,0.5029144862680245,0.03867876927202985,0.10817515517204392
2013-02-06,10,504,4056,0,0.0,0.007142857142857143,0.025793650793650792,0.13854458147632986,0.2127011608492608,0.29692056557321356,0.04165551787761283,0.0680634189072511
2013-02-06,50,504,4056,0,0.0,0.007182539682539682,0.025793650793650792,0.13854458147632986,0.23227715225241558,0.494606048522803,0.04711521547330473,0.10413420200631975
2013-02-06,100,497,4056,0,0.0,0.007344064386317908,0.03219315895372234,0.12185305018805753,0.2518175244087749,0.5074273936485404,0.04238215391425662,0.109130948034713
2013-02-06,200,497,4056,0,0.0,0.007132796780684103,0.03219315895372234,0.05416463470421072,0.25842297982866613,0.5074273936485404,0.03807958705769672,0.1106367236921985
2013-03-08,10,504,4061,0,0.0,0.007738095238095238,0.025793650793650792,0.1374244588183469,0.21160586735972867,0.2985590938706357,0.04714919582177761,0.08151987752492006
2013-03-08,50,504,4061,0,0.0,0.007142857142857142,0.025793650793650792,0.1374244588183469,0.23110322781139353,0.49557896745653673,0.050610633940701366,0.10206786223536653
2013-03-08,100,504,4061,0,0.0,0.0073809523809523795,0.03373015873015873,0.12096803137382067,0.2495755339930053,0.5062872142053009,0.04503173789280855,0.11082795652303226
2013-03-08,200,504,4061,0,0.0,0.007301587301587301,0.03373015873015873,0.05372733534915105,0.2545200126732403,0.5062872142053009,0.040395816570930984,0.11082795652303226
2013-04-09,10,504,4075,0,0.0,0.007738095238095238,0.023809523809523808,0.1368794088429649,0.20874340241712314,0.2980276869723748,0.04893999371100588,0.08969899707301139
2013-04-09,50,504,4075,0,0.0,0.007499999999999999,0.023809523809523808,0.1368794088429649,0.22803050325992522,0.4950053088370713,0.05242055509613884,0.1149755036529563
2013-04-09,100,504,4075,0,0.0,0.00734126984126984,0.03373015873015873,0.120192832259053,0.24972178577573148,0.5079982518505556,0.046771720228810744,0.11833244589249456
2013-04-09,200,504,4075,0,0.0,0.0073214285714285725,0.03373015873015873,0.05330647995055881,0.25184258704099083,0.5079982518505556,0.042393177301968496,0.1279232007569595
2013-05-08,10,504,4085,0,0.0,0.007936507936507936,0.023809523809523808,0.13545457004134073,0.2140023720781657,0.3034834476087793,0.05051944259810541,0.08303220660782654
2013-05-08,50,486,4085,0,0.0,0.007448559670781893,0.024691358024691357,0.13591363572641277,0.2345117676644471,0.5055135166847459,0.05283961084334767,0.116654761137688
2013-05-08,100,486,4085,0,0.0,0.007242798353909465,0.03497942386831276,0.1213252792782834,0.25402529526613304,0.5190648230993739,0.04875107753636431,0.12068595155056351
2013-05-08,200,486,4085,0,0.0,0.0072839506172839505,0.03497942386831276,0.054178621710923455,0.25591186496801005,0.5190648230993739,0.04533904235361012,0.14253984086718874
2013-06-07,10,504,4086,0,0.0,0.0067460317460317455,0.023809523809523808,0.1362842361476528,0.22547098648730424,0.30415319659543366,0.0551408450421795,0.08063348553765062
2013-06-07,50,504,4086,0,0.0,0.007261904761904763,0.023809523809523808,0.1362842361476528,0.23268103744475688,0.49695394274279125,0.056240379456871985,0.12438503331222198
2013-06-07,100,504,4086,0,0.0,0.007103174603174601,0.03373015873015873,0.12206492197219874,0.25136827724884725,0.5115508698025427,0.05042859655895841,0.12438503331222198
2013-06-07,200,489,4086,20,0.0047619047619047615,0.007188139059304703,0.034764826175869123,0.05482601432740919,0.25803686297849227,0.5162937759456164,0.049380890602281374,0.1261594665332923
2013-07-09,10,504,4083,0,0.0,0.009126984126984126,0.023809523809523808,0.1390452076068659,0.22468011119049536,0.30312895450945737,0.05512612670004328,0.08389604851362005
2013-07-09,50,504,4083,0,0.0,0.00753968253968254,0.023809523809523808,0.1390452076068659,0.23214821603567237,0.4957941139521063,0.05358200943760863,0.12062560918465749
2013-07-09,100,504,4083,0,0.0,0.007123015873015873,0.031746031746031744,0.1390452076068659,0.2541002051492992,0.5121251816839563,0.048691449071610056,0.12062560918465749
2013-07-09,200,484,4083,21,0.005,0.0070351239669421495,0.03305785123966942,0.1231356397910955,0.26014565219249025,0.5186236724535903,0.0449423048808201,0.12373022754192874
2013-08-07,10,504,4059,0,0.0,0.009126984126984126,0.021825396825396824,0.138606841416702,0.230064806297535,0.30335963510102903,0.06151274884718329,0.10924234556866737
2013-08-07,50,504,4059,0,0.0,0.007579365079365078,0.021825396825396824,0.138606841416702,0.23579010656820576,0.4932848174034472,0.06433085803579668,0.1384297799314496
2013-08-07,100,504,4059,0,0.0,0.007023809523809523,0.027777777777777776,0.138606841416702,0.2531221730104799,0.5034585621516198,0.06064007705148247,0.1384297799314496
2013-08-07,200,504,4059,0,0.0,0.006805555555555556,0.03373015873015873,0.12714685882858281,0.2577746875974377,0.5232832939446421,0.057217179544241256,0.1384297799314496
2013-09-06,10,504,4073,0,0.0,0.009523809523809523,0.023809523809523808,0.12728110579862828,0.21087736062432733,0.2945338473785905,0.06295755934843744,0.09194678602123911
2013-09-06,50,504,4073,0,0.0,0.007539682539682538,0.023809523809523808,0.12728110579862828,0.22147905814983554,0.4137511584775665,0.06753333015866103,0.13661414607947892
2013-09-06,100,504,4073,0,0.0,0.006984126984126984,0.025793650793650792,0.12728110579862828,0.23060340679868926,0.46909970890164077,0.06511226149534634,0.13661414607947892
2013-09-06,200,504,4073,0,0.0,0.0068551587301587304,0.03373015873015873,0.11983136272678477,0.23631326244612394,0.5871227918754067,0.06273845837930087,0.13661414607947892
2013-10-07,10,504,4066,0,0.0,0.009523809523809523,0.025793650793650792,0.12214157039232736,0.19797841645923064,0.29903004915441384,0.07376777581646646,0.10945129096708006
2013-10-07,50,504,4066,0,0.0,0.00738095238095238,0.025793650793650792,0.12214157039232736,0.214403786042886,0.3857394109140494,0.08364545585360339,0.15421425228156296
2013-10-07,100,504,4066,0,0.0,0.007162698412698411,0.025793650793650792,0.12214157039232736,0.22130500712344714,0.43398305548922694,0.08372002044666502,0.15421425228156296
2013-10-07,200,504,4066,4,0.0009523809523809524,0.0072817460317460315,0.051587301587301584,0.12173568575889954,0.22838030817816996,0.5874821716979254,0.08244665830930971,0.15421425228156296
2013-11-05,10,504,4067,0,0.0,0.009523809523809523,0.023809523809523808,0.11800976431465758,0.18587283084435163,0.29220449217768296,0.07590072758368852,0.12443154676320979
2013-11-05,50,504,4067,0,0.0,0.007976190476190475,0.023809523809523808,0.11800976431465758,0.1962092221132024,0.35004987057769116,0.08129426161803892,0.14157859757772193
2013-11-05,100,504,4067,0,0.0,0.007281746031746031,0.025793650793650792,0.11800976431465758,0.21108169078709937,0.3857451256218414,0.07819638192568905,0.14272044829878985
2013-11-05,200,500,4067,21,0.005,0.007340000000000001,0.058,0.11825984894683281,0.2179096859517296,0.45923398374551644,0.07752548650100245,0.14699852523897255
2013-12-05,10,504,4062,0,0.0,0.009523809523809523,0.021825396825396824,0.11265734243017983,0.17287978044391406,0.28911634754537185,0.08115435869824474,0.12645614013389686
2013-12-05,50,504,4062,0,0.0,0.008015873015873014,0.023809523809523808,0.11265734243017983,0.18946750359758843,0.33317747954747196,0.08079737412962971,0.1406397957772173
2013-12-05,100,504,4062,0,0.0,0.007480158730158729,0.025793650793650792,0.11265734243017983,0.1980474147210592,0.37385674504621813,0.07841214994464303,0.1406397957772173
2013-12-05,200,458,4062,21,0.005,0.0074781659388646286,0.06331877729257641,0.1149029268136673,0.20842404330555464,0.4508874132846868,0.08005635942168737,0.16396340034370102
2014-01-07,10,504,4070,0,0.0,0.00873015873015873,0.023809523809523808,0.11229990309028007,0.1833152511475571,0.2898092802049869,0.07255372417766151,0.11675087153368333
2014-01-07,50,504,4070,0,0.0,0.007896825396825397,0.023809523809523808,0.11229990309028007,0.18469608261878778,0.3217013604488362,0.07937626420960929,0.13561372908837482
2014-01-07,100,504,4070,0,0.0,0.007460317460317458,0.027777777777777776,0.11229990309028007,0.19231349834047756,0.3716710640972513,0.07962530512144853,0.1395884448587815
2014-01-07,200,504,4070,0,0.0,0.0072718253968253955,0.03373015873015873,0.11229990309028007,0.20372612039722124,0.48995569596183347,0.0777246496319602,0.1496200886805291
2014-02-06,10,504,4081,0,0.0,0.008531746031746033,0.021825396825396824,0.116913344832054,0.18410401204577737,0.29314649481612504,0.058958197441141745,0.10322776622069463
2014-02-06,50,504,4081,0,0.0,0.00738095238095238,0.021825396825396824,0.116913344832054,0.1848277006279213,0.3199728951879341,0.06813200787533097,0.12433533521351811
2014-02-06,100,504,4081,0,0.0,0.007440476190476188,0.023809523809523808,0.116913344832054,0.19640249595112746,0.372630783507503,0.06552744288877253,0.13919640277059142
2014-02-06,200,483,4081,0,0.0,0.007111801242236025,0.035196687370600416,0.11460055776446532,0.20648448497729757,0.6539010172416344,0.06525876065022394,0.15889898581173323
2014-03-10,10,504,4081,0,0.0,0.009722222222222224,0.025793650793650792,0.11999523670557112,0.18295539812360212,0.29095927692851714,0.06348551327452912,0.11600541948828437
2014-03-10,50,504,4081,0,0.0,0.007619047619047619,0.025793650793650792,0.11999523670557112,0.18603062178794116,0.30395870152276255,0.07221248884398004,0.14183598858904437
2014-03-10,100,504,4081,0,0.0,0.007678571428571428,0.025793650793650792,0.11999523670557112,0.1956010900318813,0.3687253360445019,0.07274281811955985,0.14505782547737575
2014-03-10,200,483,4081,0,0.0,0.007349896480331262,0.033126293995859216,0.11555894614891811,0.2068796681811878,0.6505128998394748,0.07323905267192293,0.1720790266140533
2014-04-08,10,504,4079,0,0.0,0.011309523809523808,0.025793650793650792,0.12167326112210702,0.16526060548023513,0.28691130768968587,0.055602580772733425,0.12305301211140238
2014-04-08,50,504,4079,0,0.0,0.007896825396825397,0.025793650793650792,0.12167326112210702,0.18164726943022189,0.30134325296808884,0.06480190439990037,0.12436062988204573
2014-04-08,100,498,4079,0,0.0,0.007610441767068273,0.02610441767068273,0.12094575017465209,0.20121321555071855,0.3682416064169801,0.0683430424179812,0.1313127984212374
2014-04-08,200,477,4079,0,0.0,0.00749475890985325,0.033542976939203356,0.11720197233999236,0.20583218496037736,0.6171257825249051,0.06907452346016889,0.15771393386405907
2014-05-08,10,504,4079,0,0.0,0.011507936507936505,0.027777777777777776,0.12371313598639419,0.1623306214533098,0.28043327934832646,0.06592437195188304,0.1309919711675984
2014-05-08,50,493,4079,0,0.0,0.0077079107505071,0.028397565922920892,0.12019499801420781,0.1802876054989627,0.5306491469822784,0.07997451148906648,0.14129981502992428
2014-05-08,100,493,4079,0,0.0,0.00746450304259635,0.028397565922920892,0.12019499801420781,0.2029460485424008,0.5306491469822784,0.08222082545733102,0.15369464939318597
2014-05-08,200,472,4079,0,0.0,0.007235169491525424,0.029661016949152543,0.11858528460315347,0.2041745957090462,0.6165518340782422,0.08437355888545392,0.17157034958524614
2014-06-09,10,504,4087,0,0.0,0.011706349206349206,0.02976190476190476,0.12273656231027712,0.15595659462442607,0.275025235024545,0.08408581835704086,0.1490652459996558
2014-06-09,50,504,4087,0,0.0,0.00761904761904762,0.02976190476190476,0.11696418169529584,0.17792102194030035,0.5074879974485772,0.08736207284974366,0.1490652459996558
2014-06-09,100,504,4087,0,0.0,0.007499999999999998,0.02976190476190476,0.11696418169529584,0.2029638716246332,0.5074879974485772,0.09022907168222036,0.15817100738755893
2014-06-09,200,483,4087,4,0.0009523809523809524,0.0074948240165631464,0.031055900621118012,0.11534845729468307,0.20103448220455467,0.6386843475311228,0.09290155018040867,0.1764125512218419
2014-07-09,10,504,4086,0,0.0,0.011706349206349206,0.02976190476190476,0.12185546170982757,0.15162345072106817,0.27388417436143214,0.07059003718344672,0.13374158969459227
2014-07-09,50,504,4086,0,0.0,0.007619047619047619,0.02976190476190476,0.11161331060560041,0.17565526317023838,0.5026681349707305,0.07620564309379514,0.1383465200422254
2014-07-09,100,504,4086,0,0.0,0.007638888888888887,0.02976190476190476,0.11161331060560041,0.19075363310711585,0.5026681349707305,0.08029569348549045,0.1419020059237425
2014-07-09,200,479,4086,21,0.005,0.0075156576200417526,0.029227557411273485,0.10993079561110275,0.19707020658500313,0.6387675196887088,0.08451886793492473,0.15007928974322926
2014-08-07,10,504,4084,0,0.0,0.011904761904761904,0.031746031746031744,0.12317106424300515,0.15072947055207397,0.2722251530211493,0.06513399761290864,0.11843273762069811
2014-08-07,50,504,4084,0,0.0,0.008055555555555555,0.031746031746031744,0.11020631293561084,0.1711897060961387,0.48634189116138193,0.07303185288202328,0.13755922488479766
2014-08-07,100,504,4084,0,0.0,0.007658730158730157,0.031746031746031744,0.11020631293561084,0.18959483958332324,0.48634189116138193,0.07811387182388073,0.14337650541803068
2014-08-07,200,458,4084,21,0.005,0.007467248908296944,0.03056768558951965,0.10843140221596537,0.1964322922055127,0.6116771395020878,0.0903267083249502,0.1576173016229854
2014-09-08,10,504,4102,0,0.0,0.011706349206349206,0.027777777777777776,0.12409868827698667,0.15013974078211992,0.2723616626188477,0.06708471161457555,0.13004690595051752
2014-09-08,50,504,4102,0,0.0,0.008015873015873014,0.027777777777777776,0.10956931028950417,0.17221381115767675,0.47289455531655383,0.07850943082965518,0.14978109186696553
2014-09-08,100,504,4102,0,0.0,0.007757936507936506,0.027777777777777776,0.10956931028950417,0.18919510350988808,0.47289455531655383,0.08113771037434324,0.14978109186696553
2014-09-08,200,473,4102,0,0.0,0.007494714587737844,0.02959830866807611,0.10694365122528851,0.1928822065426662,0.5978728067010726,0.07889469860528632,0.15598040232288374
2014-10-07,10,504,4135,0,0.0,0.011904761904761904,0.027777777777777776,0.1256468804615338,0.14822270635481122,0.27246047308641114,0.05730791449877213,0.1234205044549913
2014-10-07,50,504,4135,0,0.0,0.008015873015873014,0.02976190476190476,0.10966974886278189,0.17206066537221656,0.4578345898612234,0.07089404491562218,0.13046566553777791
2014-10-07,100,504,4135,0,0.0,0.007619047619047619,0.02976190476190476,0.10966974886278189,0.18465016312593902,0.4578345898612234,0.07261312165810356,0.13999390717096105
2014-10-07,200,483,4135,0,0.0,0.007670807453416148,0.031055900621118012,0.10762367938312056,0.1880368465439281,0.639993064229348,0.07547413417917177,0.15114746437656576
2014-11-05,10,504,4135,0,0.0,0.011309523809523808,0.027777777777777776,0.12656449707146164,0.14986963214957305,0.2677480850587992,0.06511621763260152,0.12065107378719404
2014-11-05,50,479,4135,0,0.0,0.007891440501043841,0.029227557411273485,0.11176443502833519,0.1786397860428603,0.4257739443031494,0.07851586650450594,0.13715519010527394
2014-11-05,100,479,4135,0,0.0,0.007411273486430062,0.029227557411273485,0.11176443502833519,0.18454502115605032,0.4257739443031494,0.0801363808876664,0.16021718467342608
2014-11-05,200,479,4135,5,0.0011904761904761904,0.007379958246346555,0.029227557411273485,0.11176443502833519,0.1925738964594101,0.6414701430219564,0.08060078756435148,0.16021718467342608
2014-12-05,10,504,4139,0,0.0,0.010912698412698412,0.025793650793650792,0.12840437029629875,0.14946571685316565,0.2598661521314581,0.07560496475092093,0.12353190642046201
2014-12-05,50,500,4139,0,0.0,0.00812,0.03,0.10990303016662165,0.1784737972696821,0.41867648048572,0.0822009844171058,0.14196815940697907
2014-12-05,100,500,4139,0,0.0,0.0076,0.03,0.10990303016662165,0.18683684300570197,0.41867648048572,0.08474120170101516,0.15573240493254364
2014-12-05,200,495,4139,21,0.005,0.007525252525252525,0.030303030303030304,0.1101941149827882,0.190810924103754,0.6333236767747474,0.08603602881100293,0.19628683253408935
2015-01-07,10,504,4130,0,0.0,0.010714285714285714,0.025793650793650792,0.12742477650630546,0.1553090038420053,0.25227043363351365,0.06338426968138972,0.10269146077165577
2015-01-07,50,504,4130,0,0.0,0.007976190476190477,0.031746031746031744,0.1111875291282469,0.17967876892449583,0.41247411675373397,0.07129017474067417,0.13871430770590468
2015-01-07,100,504,4130,0,0.0,0.007440476190476189,0.031746031746031744,0.1111875291282469,0.1891254748656686,0.41247411675373397,0.07277100233255326,0.14958431608476974
2015-01-07,200,504,4130,8,0.0019047619047619048,0.007549603174603174,0.03571428571428571,0.03136887952878106,0.18949884367354525,0.6301521253808618,0.07353913555090424,0.1779345452197268
2015-02-06,10,504,4111,0,0.0,0.010912698412698412,0.023809523809523808,0.13371192469591683,0.15832418763226902,0.23831287506187857,0.06218863896117788,0.10367118310760634
2015-02-06,50,504,4111,0,0.0,0.007579365079365079,0.031746031746031744,0.1148947728920108,0.18815034184110213,0.4051924856029815,0.07067864676833888,0.1444893791435983
2015-02-06,100,504,4111,0,0.0,0.007023809523809523,0.031746031746031744,0.1148947728920108,0.19328342227603335,0.4051924856029815,0.069789575638639,0.17077768086461814
2015-02-06,200,496,4111,21,0.005,0.007137096774193548,0.03225806451612903,0.11346668742024307,0.19182579477302417,0.6348236653206026,0.07427933585015546,0.1859198625348068
2015-03-10,10,504,4114,0,0.0,0.010317460317460317,0.023809523809523808,0.13473788615653248,0.15755938343404388,0.23577319943486874,0.05764358849056388,0.11032911648599503
2015-03-10,50,504,4114,0,0.0,0.00738095238095238,0.031746031746031744,0.11389384014269258,0.18421605089165033,0.4026360490713769,0.0662209334085656,0.14791601499533685
2015-03-10,100,504,4114,16,0.007619047619047619,0.006984126984126982,0.031746031746031744,0.11389384014269258,0.19134115205893662,0.4026360490713769,0.06771485622172867,0.17069332459904873
2015-03-10,200,504,4114,16,0.0038095238095238095,0.006865079365079365,0.031746031746031744,0.11389384014269258,0.19340480844842411,0.632985869716093,0.06980386120589067,0.17226455267834273
2015-04-09,10,504,4114,0,0.0,0.010317460317460317,0.023809523809523808,0.13796758115530133,0.15994249627489868,0.23860961807224065,0.052696845459851385,0.11032135759386262
2015-04-09,50,504,4114,0,0.0,0.0073412698412698395,0.031746031746031744,0.11581263811213927,0.189500627921179,0.40017930237589067,0.0631382379899401,0.1373658721093134
2015-04-09,100,488,4114,21,0.01,0.006926229508196721,0.03278688524590164,0.11585729299403648,0.19277146576184745,0.4051488103564598,0.06528875952085221,0.1639165337910451
2015-04-09,200,488,4114,21,0.005,0.0068954918032786885,0.03278688524590164,0.11585729299403648,0.1939140080606337,0.6417642929833824,0.0683500001813262,0.16647262721427775
2015-05-08,10,504,4127,0,0.0,0.010119047619047616,0.023809523809523808,0.1355397476563833,0.1584488447820253,0.24365618623198484,0.050813289140243724,0.10259057817620801
2015-05-08,50,504,4127,0,0.0,0.00738095238095238,0.031746031746031744,0.11378401644520382,0.18198880848480475,0.39519664972245566,0.057048492602297954,0.12433920469428475
2015-05-08,100,504,4127,0,0.0,0.006884920634920633,0.031746031746031744,0.11378401644520382,0.19086922544290025,0.39519664972245566,0.056701709483222375,0.13019099638088613
2015-05-08,200,504,4127,0,0.0,0.006825396825396825,0.03373015873015873,0.03367058946173813,0.19428979467494636,0.5684344422745009,0.06012138720332528,0.13900303167840655
2015-06-09,10,504,4151,0,0.0,0.010714285714285713,0.023809523809523808,0.12930762422331532,0.15546342894949577,0.24309853364533252,0.048067920453931906,0.1111844185495758
2015-06-09,50,504,4151,0,0.0,0.00742063492063492,0.031746031746031744,0.11317929529876798,0.17896481338532802,0.39182433011881856,0.05536190988909651,0.12536513636358734
2015-06-09,100,504,4151,0,0.0,0.006984126984126984,0.031746031746031744,0.11317929529876798,0.18954294898367505,0.39182433011881856,0.0565333042041972,0.12965304127656405
2015-06-09,200,504,4151,0,0.0,0.0068551587301587304,0.03571428571428571,0.034248339261959866,0.19178072131089097,0.5063287485129271,0.060982581911978286,0.13947218115805574
2015-07-09,10,504,4176,0,0.0,0.010515873015873017,0.021825396825396824,0.12705153903865046,0.15389390260286442,0.24158806182622639,0.04319250819158919,0.1140537490840036
2015-07-09,50,504,4176,0,0.0,0.0073412698412698395,0.03373015873015873,0.11143934649665314,0.17897842070391606,0.39102315660614595,0.05456188354168779,0.1310133435852914
2015-07-09,100,504,4176,0,0.0,0.007162698412698411,0.03373015873015873,0.11143934649665314,0.18721875260576376,0.39102315660614595,0.05376451895061365,0.1310133435852914
2015-07-09,200,504,4176,0,0.0,0.0069246031746031745,0.03571428571428571,0.032470675751764703,0.18796627379527056,0.4998658493221307,0.05722509508403647,0.14212161772259388
2015-08-07,10,504,4178,0,0.0,0.010119047619047616,0.021825396825396824,0.14006621208422212,0.1666692192748443,0.3220945766755809,0.045177837028939336,0.08939035519489219
2015-08-07,50,504,4178,0,0.0,0.007222222222222222,0.031746031746031744,0.112233269435297,0.18593395276046654,0.3296599210516425,0.05207782480137972,0.13568461149185032
2015-08-07,100,504,4178,17,0.008095238095238095,0.007519841269841268,0.05357142857142857,0.112233269435297,0.18769706097199776,0.44130305147623333,0.052005417388892035,0.13568461149185032
2015-08-07,200,504,4178,17,0.004047619047619047,0.00726190476190476,0.05357142857142857,0.03228759755994145,0.18842496595945368,0.48860029200594046,0.05433179085292201,0.13568461149185032
2015-09-08,10,504,4216,0,0.0,0.009722222222222222,0.01984126984126984,0.14916767464443564,0.18068449200340678,0.3321486909256461,0.03272953630445059,0.06937834443827919
2015-09-08,50,504,4216,0,0.0,0.0070634920634920625,0.02976190476190476,0.12577914822182892,0.19511426245397717,0.33400320502273634,0.04358585697581237,0.12071306542845898
2015-09-08,100,487,4216,42,0.02,0.007926078028747433,0.06365503080082136,0.11269931010781463,0.18915193004657838,0.3874820534627741,0.05822370574387896,0.14627946249377508
2015-09-08,200,487,4216,42,0.01,0.00731006160164271,0.06365503080082136,0.031779863247172524,0.19122318313521175,0.47928128499079437,0.05919616020309946,0.14627946249377508
2015-10-07,10,504,4233,0,0.0,0.008333333333333331,0.01984126984126984,0.15224251934514893,0.19397791852353324,0.33489688726244504,0.04222416585530285,0.07646618956255731
2015-10-07,50,504,4233,0,0.0,0.007103174603174603,0.03373015873015873,0.13047257521574973,0.19815864388665816,0.33489688726244504,0.044817285484519694,0.12199264453055043
2015-10-07,100,483,4233,21,0.01,0.007639751552795032,0.06418219461697723,0.12706085520699598,0.1969168355969479,0.3928862847061449,0.038129494099536504,0.13168337462096477
2015-10-07,200,483,4233,21,0.005,0.007080745341614906,0.06418219461697723,0.031580247376922124,0.19766491839597322,0.48356693618344276,0.040323462269841626,0.13168337462096477
2015-11-05,10,504,4231,0,0.0,0.00734126984126984,0.017857142857142856,0.15281661298470098,0.21827962374541893,0.32831608760636793,0.05432316533142356,0.08536925976326765
2015-11-05,50,504,4231,0,0.0,0.007222222222222221,0.03571428571428571,0.13042575243822938,0.19963346015300276,0.32831608760636793,0.047218078767335275,0.10813709053021896
2015-11-05,100,504,4231,0,0.0,0.006845238095238095,0.03571428571428571,0.13042575243822938,0.2012400762913,0.4564962929936888,0.04422360767219067,0.11206034991819802
2015-11-05,200,480,4231,0,0.0,0.006697916666666665,0.03958333333333333,0.03192420272391422,0.20254153399626082,0.48617402807512977,0.04317608460587158,0.13298009078942985
2015-12-07,10,504,4215,0,0.0,0.007539682539682539,0.017857142857142856,0.1547485022576147,0.2189966840285803,0.32829074356371074,0.049634576022980346,0.08779144320660939
2015-12-07,50,504,4215,0,0.0,0.007182539682539682,0.03571428571428571,0.1325169647662733,0.20031335858736532,0.32829074356371074,0.045679872458534394,0.10987621453339529
2015-12-07,100,504,4215,0,0.0,0.007043650793650792,0.03571428571428571,0.1325169647662733,0.2007947515910068,0.46353222557632723,0.04199247317971225,0.11535252322487545
2015-12-07,200,501,4215,0,0.0,0.006756487025948103,0.03992015968063872,0.03220648364404068,0.20332763717089158,0.48276726201549763,0.041381153725892454,0.12381974064277049
2016-01-07,10,504,4231,0,0.0,0.006944444444444445,0.015873015873015872,0.15545917507292614,0.22144712901416935,0.33286935607836543,0.03915213963694883,0.06955073418398525
2016-01-07,50,504,4231,0,0.0,0.006984126984126984,0.03571428571428571,0.13540262434647954,0.20345600834858718,0.33286935607836543,0.0371574957454764,0.10938532724216685
2016-01-07,100,504,4231,0,0.0,0.006706349206349205,0.03571428571428571,0.13540262434647954,0.20345600834858718,0.47216504862021025,0.0321392884531494,0.1220461174742853
2016-01-07,200,504,4231,15,0.0035714285714285713,0.006954365079365079,0.03968253968253968,0.03244483986313829,0.2056233550420712,0.4820525608105306,0.034670770687270064,0.13379576800923307
2016-02-08,10,504,4234,0,0.0,0.007738095238095238,0.017857142857142856,0.1435637223615268,0.2030486671945626,0.34160178393122653,0.041116879569786616,0.06113483774427587
2016-02-08,50,504,4234,0,0.0,0.006825396825396823,0.03373015873015873,0.1405640136301426,0.21071862463007995,0.34160178393122653,0.03619855511871526,0.1278078354431764
2016-02-08,100,504,4234,0,0.0,0.006666666666666666,0.03373015873015873,0.1405640136301426,0.21064905171564594,0.3841146534792315,0.03135107429507372,0.1278078354431764
2016-02-08,200,489,4234,21,0.005,0.006912065439672804,0.03680981595092025,0.032471987818243515,0.20310544571098427,0.465102274898322,0.03483036879629584,0.13948865099450605
2016-03-09,10,485,4233,0,0.0,0.006804123711340206,0.016494845360824743,0.148207166409712,0.23271178783055121,0.34850548542829857,0.037459636488113325,0.0709641974337866
2016-03-09,50,485,4233,0,0.0,0.006350515463917525,0.032989690721649485,0.1433441203813594,0.21129328638933473,0.34850548542829857,0.03288490175091585,0.11729161927908506
2016-03-09,100,485,4233,0,0.0,0.0062268041237113405,0.032989690721649485,0.1433441203813594,0.21539388209888136,0.3858271200749538,0.02807168671203809,0.12301090480852132
2016-03-09,200,485,4233,37,0.008809523809523809,0.007154639175257733,0.05979381443298969,0.03246097445615566,0.21457375392182,0.479882845263726,0.029031590166797308,0.12301090480852132
2016-04-08,10,504,4242,0,0.0,0.006547619047619047,0.015873015873015872,0.1468942460100982,0.23000846624086121,0.34393095527780965,0.044105120709735074,0.08139351582311119
2016-04-08,50,504,4242,0,0.0,0.00619047619047619,0.031746031746031744,0.14158642470655802,0.20830569429504192,0.34393095527780965,0.04009672544571662,0.1188551066836275
2016-04-08,100,504,4242,0,0.0,0.006031746031746031,0.031746031746031744,0.14158642470655802,0.212528887524069,0.3811832827533575,0.036447049570604635,0.11939567819339551
2016-04-08,200,485,4242,42,0.01,0.0072783505154639175,0.06391752577319587,0.032402664288247986,0.214501103939357,0.4786659969968993,0.03316685554417413,0.12575626518990254
2016-05-09,10,504,4262,0,0.0,0.006547619047619047,0.015873015873015872,0.14459387375140678,0.23079029396882067,0.3396132437642218,0.042518951845984435,0.0882688230954471
2016-05-09,50,504,4262,0,0.0,0.006587301587301587,0.031746031746031744,0.1416493122789504,0.20547617962377357,0.3396132437642218,0.037233245222228394,0.10522647593749548
2016-05-09,100,504,4262,14,0.006666666666666666,0.006011904761904761,0.031746031746031744,0.1416493122789504,0.21372216110741948,0.37557429288926286,0.03427484929598992,0.10707069948076779
2016-05-09,200,504,4262,14,0.003333333333333333,0.006666666666666666,0.037698412698412696,0.0324592596738258,0.21394024127557443,0.471077652519696,0.03467492711012268,0.1170339579669848
2016-06-08,10,504,4268,0,0.0,0.005952380952380952,0.015873015873015872,0.144135197027604,0.2319320146786116,0.3366278553051094,0.04042101995126763,0.08406377074826321
2016-06-08,50,504,4268,0,0.0,0.00626984126984127,0.02976190476190476,0.1432178869080476,0.2069117560691659,0.3366278553051094,0.035257404806401826,0.10520811487652987
2016-06-08,100,490,4268,21,0.01,0.00589795918367347,0.030612244897959183,0.14396389314625094,0.21576228712692025,0.37862649252440705,0.028629062824793435,0.10372380311400242
2016-06-08,200,490,4268,21,0.005,0.006316326530612244,0.03877551020408163,0.032627094107581085,0.21774041124773283,0.47342816027147633,0.028456860512004082,0.11038066155005057
2016-07-08,10,504,4283,0,0.0,0.005357142857142857,0.011904761904761904,0.1462500118128464,0.23334701920780654,0.3355695754229165,0.04055913160312959,0.08760084917950034
2016-07-08,50,504,4283,0,0.0,0.005793650793650793,0.02976190476190476,0.14491122138070364,0.21322607825865292,0.3355695754229165,0.03593410601573017,0.11109296052752637
2016-07-08,100,504,4283,0,0.0,0.005813492063492061,0.02976190476190476,0.14491122138070364,0.21485903989516278,0.3874585751906985,0.032255355349337406,0.11109296052752637
2016-07-08,200,504,4283,0,0.0,0.0062896825396825395,0.037698412698412696,0.03312528797437053,0.21901453821194028,0.4707102645624906,0.03315147066590868,0.11209198128678906
2016-08-08,10,504,4296,0,0.0,0.005158730158730159,0.011904761904761904,0.14422624839069997,0.2343872045944499,0.32447251166715546,0.04881049188772128,0.09669344056991863
2016-08-08,50,504,4296,0,0.0,0.006071428571428571,0.027777777777777776,0.1426600887616626,0.2133177869888712,0.32447251166715546,0.04061416903504842,0.11043511687027263
2016-08-08,100,504,4296,0,0.0,0.005853174603174602,0.027777777777777776,0.1426600887616626,0.21507558751119396,0.3895621840095385,0.039697638218711515,0.11043511687027263
2016-08-08,200,504,4296,1,0.0002380952380952381,0.00626984126984127,0.03571428571428571,0.033472186235655406,0.2191279775440012,0.480756574335032,0.03986199134887883,0.12426102571408965
2016-09-07,10,504,4308,0,0.0,0.0047619047619047615,0.013888888888888888,0.145519423648751,0.23360416699521547,0.3232604684680566,0.0426825785299932,0.09024003323083701
2016-09-07,50,504,4308,0,0.0,0.006031746031746031,0.025793650793650792,0.1413744470185449,0.21311889285560903,0.3232604684680566,0.0336388844359289,0.10369017085579536
2016-09-07,100,504,4308,21,0.01,0.0060515873015873,0.025793650793650792,0.1413744470185449,0.21628447094986103,0.4042864232759407,0.032220427019735425,0.10695227003732405
2016-09-07,200,503,4308,42,0.01,0.006182902584493042,0.03180914512922465,0.03362151659750518,0.22214498215393014,0.480509493792466,0.03313008579963225,0.12000537198868023
2016-10-06,10,504,4337,0,0.0,0.005158730158730159,0.015873015873015872,0.15061744368738522,0.24474684066710872,0.32211749417162017,0.04543012444062891,0.10423575516301319
2016-10-06,50,504,4337,0,0.0,0.005674603174603174,0.023809523809523808,0.14343271272561076,0.215411633923316,0.32211749417162017,0.03226883102101258,0.10423575516301319
2016-10-06,100,483,4337,21,0.01,0.005921325051759832,0.024844720496894408,0.14310963661658344,0.22034743492004136,0.41090150856711466,0.033725655180469744,0.10713067854384904
2016-10-06,200,482,4337,42,0.01,0.006089211618257262,0.03319502074688797,0.03395758956854184,0.22469500443554152,0.4878303265975247,0.035989380862100705,0.13265482636304424
2016-11-04,10,504,4322,0,0.0,0.004563492063492063,0.013888888888888888,0.14880586240371968,0.24055282142790235,0.31759306450394686,0.03732462380996819,0.10204143651868443
2016-11-04,50,504,4322,0,0.0,0.00615079365079365,0.025793650793650792,0.14134141272603268,0.20915186138291264,0.31759306450394686,0.02358263623191813,0.10204143651868443
2016-11-04,100,504,4322,0,0.0,0.006031746031746031,0.025793650793650792,0.14134141272603268,0.21468032354790845,0.4793918443145995,0.023687760396050535,0.10204143651868443
2016-11-04,200,504,4322,0,0.0,0.006408730158730158,0.03571428571428571,0.033593091882374415,0.21986447942436868,0.4793918443145995,0.024693185243772467,0.12716271312137825
2016-12-06,10,504,4317,0,0.0,0.004563492063492063,0.013888888888888888,0.15246001891023275,0.2457254418606314,0.3192594993387914,0.03984664266535966,0.09611300674982434
2016-12-06,50,504,4317,0,0.0,0.0054365079365079364,0.023809523809523808,0.1453256772229469,0.21761896337905062,0.3333844248214422,0.026195034024848164,0.09611300674982434
2016-12-06,100,504,4317,0,0.0,0.0055753968253968245,0.023809523809523808,0.1453256772229469,0.22122619778787966,0.3873340103598919,0.025136340354724198,0.09611300674982434
2016-12-06,200,504,4317,0,0.0,0.006170634920634921,0.03373015873015873,0.03478741932065959,0.22819797900418826,0.4792823764714808,0.026844011705479495,0.129456295883988
2017-01-06,10,504,4319,0,0.0,0.00496031746031746,0.013888888888888888,0.14993980596497827,0.24141376446666052,0.3171019669107181,0.051799611347907316,0.10639316805189668
2017-01-06,50,504,4319,0,0.0,0.005555555555555555,0.023809523809523808,0.14226001933676805,0.21045302041363495,0.3267464575639309,0.03667467736604758,0.10639316805189668
2017-01-06,100,504,4319,0,0.0,0.005773809523809523,0.023809523809523808,0.14226001933676805,0.22167530456582263,0.47614114358050275,0.03590827841119514,0.14143997759163435
2017-01-06,200,504,4319,0,0.0,0.006259920634920635,0.03373015873015873,0.034696943638840544,0.22616858652201033,0.47614114358050275,0.034508573808843666,0.14143997759163435
2017-02-07,10,504,4307,0,0.0,0.0047619047619047615,0.013888888888888888,0.1453186719941468,0.23530401592948696,0.2995728658914902,0.04986790171944653,0.0903166159064891
2017-02-07,50,504,4307,0,0.0,0.005595238095238094,0.025793650793650792,0.13882846492083506,0.20273155289289385,0.32377057910066803,0.03549059266576294,0.0903166159064891
2017-02-07,100,504,4307,0,0.0,0.005734126984126984,0.025793650793650792,0.13882846492083506,0.2173760116554897,0.45733941838147746,0.033257239923524355,0.14739819876782398
2017-02-07,200,504,4307,8,0.0019047619047619048,0.006309523809523809,0.03373015873015873,0.03451790156720106,0.2230765109564678,0.45733941838147746,0.030623686510023465,0.14739819876782398
2017-03-09,10,504,4309,0,0.0,0.005158730158730159,0.015873015873015872,0.14336003206650297,0.23501018541141214,0.2980884030473377,0.05250327449863855,0.09483185496037802
2017-03-09,50,504,4309,0,0.0,0.005952380952380952,0.027777777777777776,0.13849616809764245,0.2008423003543039,0.3238116032260884,0.04124527022863678,0.09483185496037802
2017-03-09,100,504,4309,0,0.0,0.005952380952380951,0.027777777777777776,0.13849616809764245,0.21602221884636277,0.4565823028100254,0.037071364399430144,0.12483535888733681
2017-03-09,200,496,4309,21,0.005,0.006421370967741935,0.03024193548387097,0.03380962014888108,0.22368221817554262,0.5673111874709509,0.035419626722306564,0.12856709990348777
2017-04-07,10,504,4319,0,0.0,0.005357142857142857,0.015873015873015872,0.14046596453763327,0.2327762668070727,0.2970101541035146,0.05511187018364477,0.10017636657455288
2017-04-07,50,504,4319,0,0.0,0.006031746031746031,0.027777777777777776,0.13539465689107194,0.20125254571998585,0.3184214384581611,0.043372183678423014,0.10146482087934679
2017-04-07,100,504,4319,0,0.0,0.00599206349206349,0.027777777777777776,0.13539465689107194,0.21629109038579897,0.45287389978202924,0.036962049791709556,0.1283473151991453
2017-04-07,200,504,4319,0,0.0,0.006448412698412698,0.02976190476190476,0.033554961659148334,0.22105336551178217,0.5629022214626531,0.03366629056119365,0.1283473151991453
2017-05-09,10,504,4332,0,0.0,0.0035714285714285713,0.013888888888888888,0.14117894458783609,0.2320977605413137,0.27845241034458984,0.06037690474426283,0.0991447397490975
2017-05-09,50,504,4332,0,0.0,0.006269841269841269,0.027777777777777776,0.1349362991536955,0.19654383782005772,0.2896751989539731,0.04494855307194922,0.10015536823701118
2017-05-09,100,504,4332,0,0.0,0.0061706349206349185,0.027777777777777776,0.1349362991536955,0.21210987914032964,0.4359917113058211,0.03994960389392117,0.12792697336050812
2017-05-09,200,504,4332,0,0.0,0.006557539682539681,0.02976190476190476,0.03352997373515442,0.22002031585143236,0.5632553132498797,0.03756754036309697,0.12792697336050812
2017-06-08,10,504,4356,0,0.0,0.0031746031746031746,0.011904761904761904,0.14107125527185105,0.23286906231030502,0.27780174935099533,0.06300582799319689,0.10731809225570788
2017-06-08,50,485,4356,0,0.0,0.006144329896907216,0.026804123711340205,0.1359143378562248,0.19785135381215993,0.3268900185295392,0.051488080491728275,0.11128314769225861
2017-06-08,100,485,4356,0,0.0,0.005938144329896907,0.026804123711340205,0.1359143378562248,0.21139908058193435,0.4462699771166087,0.045109242816953374,0.16172864545559115
2017-06-08,200,485,4356,0,0.0,0.00643298969072165,0.030927835051546393,0.03207871235025732,0.22210891467607852,0.5465138789155121,0.043922335393806765,0.16172864545559115
2017-07-10,10,504,4390,0,0.0,0.0031746031746031746,0.011904761904761904,0.1398094667830248,0.23425242470662386,0.2790759611116582,0.06324299772221519,0.10170580428040366
2017-07-10,50,504,4390,0,0.0,0.005992063492063492,0.025793650793650792,0.13365985340567785,0.19877566070445396,0.32473370249724043,0.0507204700417002,0.11330238984935496
2017-07-10,100,504,4390,10,0.0047619047619047615,0.005773809523809523,0.025793650793650792,0.13365985340567785,0.21385222092577724,0.44821495907258196,0.04418143282485729,0.15631194231673076
2017-07-10,200,504,4390,10,0.0023809523809523807,0.006369047619047619,0.031746031746031744,0.03173998834859057,0.2183337213886632,0.5373143084454304,0.044357526897082576,0.15631194231673076
2017-08-08,10,504,4405,0,0.0,0.002976190476190476,0.011904761904761904,0.14032667595212078,0.22309145298870292,0.2699193332114124,0.0581109741551427,0.08286111000618927
2017-08-08,50,504,4405,0,0.0,0.005952380952380951,0.025793650793650792,0.13255578483273486,0.19760969509516563,0.45054249880897473,0.05192813658831458,0.16413195513728718
2017-08-08,100,494,4405,25,0.011904761904761904,0.006032388663967613,0.02631578947368421,0.13327881547876264,0.2082261032466428,0.45352394388911693,0.04291876528695984,0.16365428555984576
2017-08-08,200,494,4405,25,0.005952380952380952,0.0065080971659919025,0.030364372469635626,0.031484690663283056,0.2154520835419229,0.5384603372295012,0.0436770020232926,0.16365428555984576
2017-09-07,10,504,4427,0,0.0,0.002976190476190476,0.011904761904761904,0.1309532101131496,0.2102424105687673,0.25707771765323056,0.07158142896694952,0.10346743085565648
2017-09-07,50,504,4427,0,0.0,0.0061111111111111106,0.025793650793650792,0.11943087329404051,0.1888781455675183,0.44180339941949887,0.06658952123167233,0.15943964041636585
2017-09-07,100,502,4427,42,0.02,0.006075697211155378,0.025896414342629483,0.11952583036564604,0.19673277050557503,0.4421175391192338,0.057950562794579816,0.16191337444554202
2017-09-07,200,502,4427,42,0.01,0.006683266932270916,0.029880478087649404,0.031044947303321583,0.2072219289426449,0.5292051016306429,0.05719536722566342,0.16191337444554202
2017-10-06,10,504,4446,0,0.0,0.005158730158730159,0.021825396825396824,0.12860605232190886,0.209770595730994,0.2816416062924295,0.07460904731181653,0.1042899449057481
2017-10-06,50,504,4446,0,0.0,0.006507936507936507,0.025793650793650792,0.11301366876256541,0.1833492764144421,0.4439092954274814,0.06472818957182307,0.15293893033583433
2017-10-06,100,481,4446,42,0.02,0.006216216216216217,0.02494802494802495,0.11506117426720051,0.19574678664773415,0.4477092997172667,0.05444978184850788,0.1541385688627612
2017-10-06,200,481,4446,42,0.01,0.006756756756756758,0.029106029106029108,0.030669774082842487,0.20188645649054532,0.5223825879575208,0.055855191103599856,0.1541385688627612
2017-11-06,10,504,4423,0,0.0,0.005357142857142857,0.017857142857142856,0.12904191570370518,0.20342290086046266,0.27795762345212877,0.06836309605004542,0.09496454968797233
2017-11-06,50,504,4423,0,0.0,0.006666666666666666,0.025793650793650792,0.11078480208535316,0.17847356788036836,0.44267177354452053,0.058404257987697876,0.15748933789526287
2017-11-06,100,504,4423,0,0.0,0.006369047619047618,0.025793650793650792,0.11078480208535316,0.19106132008125695,0.44267177354452053,0.051239338120053796,0.15748933789526287
2017-11-06,200,504,4423,0,0.0,0.006736111111111109,0.027777777777777776,0.030082229354518125,0.19696631864783934,0.5030270503524019,0.05321818899447418,0.15748933789526287
2017-12-06,10,504,4406,0,0.0,0.005158730158730159,0.017857142857142856,0.12699335161763203,0.20152186663354538,0.2773949553427464,0.06596846837467096,0.09288741841090509
2017-12-06,50,504,4406,0,0.0,0.006388888888888888,0.025793650793650792,0.10756452092360487,0.18140548072434853,0.4377442833313307,0.06091031195556617,0.13774192943122382
2017-12-06,100,504,4406,0,0.0,0.006249999999999998,0.025793650793650792,0.10756452092360487,0.19017610369623544,0.4377442833313307,0.05476298770567389,0.13774192943122382
2017-12-06,200,504,4406,0,0.0,0.006785714285714285,0.02976190476190476,0.029512650046667584,0.19652520858869638,0.49689837130200437,0.05602477951482997,0.13774192943122382
2018-01-08,10,504,4399,0,0.0,0.005158730158730159,0.015873015873015872,0.12403553163398955,0.19826969376618475,0.27241083520581627,0.08467044595681293,0.10499745518585246
2018-01-08,50,504,4399,0,0.0,0.006428571428571428,0.025793650793650792,0.10231060630812375,0.17878754920970605,0.43898656959828974,0.0795559514933332,0.15222262493246672
2018-01-08,100,504,4399,0,0.0,0.00611111111111111,0.025793650793650792,0.10231060630812375,0.18711755712082362,0.43898656959828974,0.07091892442851724,0.15222262493246672
2018-01-08,200,504,4399,0,0.0,0.006666666666666666,0.027777777777777776,0.029290280693693525,0.19435660493154946,0.4684437027486224,0.07036576906888971,0.15222262493246672
2018-02-07,10,504,4403,0,0.0,0.005158730158730159,0.015873015873015872,0.12660084389159967,0.18867708542493666,0.26237378290343816,0.09782070578472982,0.1523573768012534
2018-02-07,50,504,4403,0,0.0,0.0063492063492063475,0.025793650793650792,0.09894595427934175,0.17181645281458796,0.43831936111789477,0.08286803542340809,0.1728166749191037
2018-02-07,100,504,4403,0,0.0,0.005972222222222221,0.025793650793650792,0.09894595427934175,0.18237656613742736,0.43831936111789477,0.07963715527615198,0.1728166749191037
2018-02-07,200,504,4403,0,0.0,0.00675595238095238,0.027777777777777776,0.02959685408566248,0.18918446861562005,0.43831936111789477,0.07825028345392546,0.1728166749191037
2018-03-09,10,504,4405,0,0.0,0.005357142857142857,0.015873015873015872,0.1331640244699979,0.18590786255622865,0.24479727435971746,0.09573880263505946,0.1491266150605616
2018-03-09,50,504,4405,0,0.0,0.006547619047619047,0.021825396825396824,0.10065069091465718,0.1753474160698961,0.43752496158172566,0.07598202835734012,0.17798470004166012
2018-03-09,100,504,4405,0,0.0,0.0061706349206349185,0.021825396825396824,0.10060932509021668,0.1841239554658468,0.43752496158172566,0.07351592448285157,0.17798470004166012
2018-03-09,200,504,4405,0,0.0,0.0065277777777777764,0.02976190476190476,0.02949703818157319,0.18909841826997525,0.43752496158172566,0.07133742448296315,0.17798470004166012
2018-04-10,10,504,4405,0,0.0,0.0057539682539682535,0.017857142857142856,0.1421352023048243,0.19610249988360232,0.24903522079545456,0.07614269948089777,0.12288389977436011
2018-04-10,50,504,4405,0,0.0,0.006468253968253968,0.021825396825396824,0.10887297832482437,0.18203560109510353,0.44818630150914585,0.05819960217793585,0.15391955498014664
2018-04-10,100,504,4405,0,0.0,0.00599206349206349,0.021825396825396824,0.10880279612332046,0.18909148278931903,0.44818630150914585,0.05707311764101867,0.15391955498014664
2018-04-10,200,504,4405,0,0.0,0.006607142857142856,0.031746031746031744,0.029308530299223378,0.19250824238268463,0.44818630150914585,0.05812838456153705,0.15391955498014664
2018-05-09,10,504,4415,0,0.0,0.006349206349206349,0.017857142857142856,0.14428538442822497,0.1937235827285116,0.24631101701279529,0.08128522710416411,0.1246806577607741
2018-05-09,50,504,4415,0,0.0,0.006468253968253968,0.021825396825396824,0.11029781466560029,0.1887896700158807,0.452299263350863,0.058674138388122125,0.15094508055226682
2018-05-09,100,504,4415,0,0.0,0.006091269841269839,0.021825396825396824,0.11025687738967757,0.19238629727667333,0.452299263350863,0.056622146702931885,0.15094508055226682
2018-05-09,200,504,4415,1,0.0002380952380952381,0.006617063492063491,0.03373015873015873,0.029223603765721536,0.19506300981539132,0.452299263350863,0.05786019556277659,0.15094508055226682
2018-06-08,10,504,4411,0,0.0,0.006349206349206349,0.01984126984126984,0.14631493249949093,0.19378071416004888,0.2454241309656081,0.08317244018931505,0.12376919245148933
2018-06-08,50,504,4411,0,0.0,0.006785714285714285,0.023809523809523808,0.11040816822039162,0.190122331691641,0.44108150990334866,0.06311385198638773,0.1621290743441179
2018-06-08,100,504,4411,16,0.007619047619047619,0.006230158730158729,0.023809523809523808,0.11036807635606036,0.19347127230131245,0.44108150990334866,0.05893310880922892,0.1621290743441179
2018-06-08,200,503,4411,37,0.008809523809523809,0.00662027833001988,0.03578528827037773,0.029683376845804743,0.19344991235089265,0.44143412330040765,0.05930598906025259,0.16355319872719923
2018-07-10,10,504,4409,0,0.0,0.006349206349206349,0.01984126984126984,0.14595826911807036,0.19228804130606444,0.2304415832324268,0.08905812796427011,0.12726704523629817
2018-07-10,50,504,4409,0,0.0,0.007023809523809523,0.021825396825396824,0.1051228786792764,0.1836152114906449,0.4414137274446002,0.06302425597836356,0.16036749034785353
2018-07-10,100,488,4409,21,0.01,0.00612704918032787,0.022540983606557378,0.1035235269773241,0.18954277536968558,0.44399488416708865,0.0626329886818668,0.17305592886815155
2018-07-10,200,482,4409,42,0.01,0.006804979253112033,0.03734439834024896,0.02955450232817708,0.19002967037241536,0.4464577552917359,0.06270558690249334,0.1784635574204998
2018-08-08,10,504,4408,0,0.0,0.006150793650793651,0.017857142857142856,0.1505600379275906,0.19434271947961002,0.2632937917868116,0.08331769588430486,0.12818255651383817
2018-08-08,50,504,4408,0,0.0,0.006825396825396823,0.021825396825396824,0.10510345402263124,0.18645984846467506,0.4407522221208342,0.06225996843983105,0.1565345041441472
2018-08-08,100,504,4408,0,0.0,0.005952380952380951,0.021825396825396824,0.10303142709816536,0.19072976811719983,0.4407522221208342,0.05668734090357472,0.1565345041441472
2018-08-08,200,504,4408,17,0.004047619047619047,0.006527777777777778,0.03373015873015873,0.028793676926311598,0.1898274388661111,0.4407522221208342,0.05862157192083491,0.1565345041441472
2018-09-07,10,504,4444,0,0.0,0.005952380952380952,0.017857142857142856,0.1518989908430034,0.19708684781140667,0.26617475045696254,0.07997577911306045,0.12978726199451876
2018-09-07,50,504,4444,0,0.0,0.006547619047619048,0.021825396825396824,0.10571819903471566,0.18784412713818494,0.44152139400959,0.06583541569112394,0.15289872478851238
2018-09-07,100,504,4444,0,0.0,0.005853174603174602,0.023809523809523808,0.10521943881169274,0.19047448999547145,0.44152139400959,0.05930672330729173,0.15289872478851238
2018-09-07,200,487,4444,21,0.005,0.006375770020533882,0.03490759753593429,0.02885195490149064,0.19198167679997954,0.4452152215363117,0.056801337404971335,0.15252700472803188
2018-10-08,10,504,4464,0,0.0,0.004365079365079365,0.013888888888888888,0.1516987832373112,0.19368252616962764,0.2688152737089855,0.07848513865750914,0.12298459711539522
2018-10-08,50,504,4464,0,0.0,0.006666666666666666,0.021825396825396824,0.1025402885179747,0.18656575150367688,0.44167457068491744,0.07090546801378621,0.16429707820452183
2018-10-08,100,504,4464,0,0.0,0.00595238095238095,0.021825396825396824,0.10181246619848301,0.18798348720892416,0.44167457068491744,0.06439134549935241,0.16429707820452183
2018-10-08,200,504,4464,4,0.0009523809523809524,0.006408730158730158,0.03571428571428571,0.028575184002210756,0.1896621969851625,0.45042450090175806,0.06186807704651768,0.1721625123600608
2018-11-06,10,504,4465,0,0.0,0.004563492063492063,0.013888888888888888,0.15353898023134294,0.2091322728087165,0.27568642745718436,0.0679226132783675,0.10417836141404971
2018-11-06,50,504,4465,0,0.0,0.006507936507936507,0.021825396825396824,0.11228409172648977,0.19810873261300793,0.46568562334908525,0.06786315700351082,0.14339078837153857
2018-11-06,100,504,4465,4,0.0019047619047619048,0.005694444444444444,0.021825396825396824,0.10764327353457682,0.19851320980945364,0.46568562334908525,0.06006220394855685,0.14339078837153857
2018-11-06,200,500,4465,25,0.005952380952380952,0.006140000000000001,0.036,0.028719062056945126,0.19782500940969566,0.4695638260519226,0.055312498539623896,0.1601340003570815
2018-12-07,10,504,4463,0,0.0,0.004365079365079365,0.013888888888888888,0.15381480652252763,0.21552549262560733,0.27893636052851967,0.05905324344739434,0.10081297260331475
2018-12-07,50,504,4463,0,0.0,0.006587301587301586,0.021825396825396824,0.11882040234705388,0.1907685094284134,0.3687469227737275,0.06071878765843439,0.122482254437585
2018-12-07,100,500,4463,21,0.01,0.005640000000000001,0.022,0.10983977241401302,0.20081980716153203,0.47089684627197154,0.05469740580082697,0.12865559034806312
2018-12-07,200,479,4463,53,0.012619047619047618,0.006096033402922756,0.037578288100208766,0.02724313369881849,0.1955869718790305,0.47420107967152036,0.049457319458835726,0.15489949964846453
2019-01-09,10,504,4465,0,0.0,0.003968253968253968,0.00992063492063492,0.17582379329775719,0.22927059528287091,0.2984411528246974,0.045402257833528616,0.08896986135985023
2019-01-09,50,504,4465,0,0.0,0.0063492063492063475,0.021825396825396824,0.12493587202548223,0.2055155899519471,0.3895825158159869,0.04675084715029868,0.10671680279004356
2019-01-09,100,479,4465,21,0.01,0.005908141962421712,0.022964509394572025,0.026515235999083606,0.20054937334187647,0.44461995681832456,0.049705259351340715,0.126903827517015
2019-01-09,200,479,4465,42,0.01,0.006210855949895615,0.033402922755741124,0.026515235999083606,0.20054937334187647,0.4768166581059621,0.04735496955108157,0.126903827517015
2019-02-08,10,504,4442,0,0.0,0.004365079365079365,0.00992063492063492,0.1769470014536518,0.23365770283752277,0.3108113542044734,0.049022605161870736,0.0811716643039979
2019-02-08,50,504,4442,0,0.0,0.006230158730158729,0.021825396825396824,0.12696431655768106,0.2076758998355185,0.3961466343331412,0.04993296059333351,0.12285170517100828
2019-02-08,100,504,4442,0,0.0,0.005694444444444444,0.023809523809523808,0.11746615606484813,0.20919656059042907,0.4701595201512237,0.04164829350834202,0.12285170517100828
2019-02-08,200,504,4442,0,0.0,0.0060019841269841265,0.03373015873015873,0.026228196649854173,0.20950643675021136,0.4983108355867706,0.0421536495588387,0.12285170517100828
2019-03-12,10,504,4442,0,0.0,0.004166666666666667,0.007936507936507936,0.17674044815530182,0.235068433859832,0.31260971201069643,0.04958557681729491,0.08662224178518156
2019-03-12,50,504,4442,0,0.0,0.005873015873015872,0.017857142857142856,0.1349820745267417,0.20563010273634946,0.3979847878258066,0.047679325432003816,0.10673885162331159
2019-03-12,100,504,4442,0,0.0,0.0054365079365079364,0.021825396825396824,0.11822922806228417,0.20892660824964943,0.4657545845863754,0.04333465792531232,0.10673885162331159
2019-03-12,200,504,4442,0,0.0,0.005704365079365079,0.027777777777777776,0.025835126335427363,0.2109963926799958,0.5006117665846063,0.04146617517819243,0.11258486529398376
2019-04-10,10,504,4444,0,0.0,0.003968253968253968,0.007936507936507936,0.17718524553200407,0.23644435371354997,0.3161445745814496,0.0524145697200223,0.09206414283271666
2019-04-10,50,504,4444,0,0.0,0.005555555555555555,0.015873015873015872,0.13596655296456078,0.20705008231879818,0.4009578851597508,0.05280695977139758,0.10970567945719611
2019-04-10,100,504,4444,0,0.0,0.005297619047619047,0.021825396825396824,0.11904077914022265,0.20887431149803856,0.46623630092386115,0.04660825483105033,0.11197180376069506
2019-04-10,200,504,4444,15,0.003571428571428571,0.005892857142857143,0.04563492063492063,0.025747900712703768,0.21266569901389884,0.5020467900306659,0.04607613094820178,0.11197180376069506
2019-05-10,10,504,4434,0,0.0,0.003968253968253968,0.007936507936507936,0.17669033003762674,0.2402267332858447,0.31919430293830287,0.04697166653096536,0.09171530858515067
2019-05-10,50,504,4434,0,0.0,0.005476190476190476,0.017857142857142856,0.13524940117631232,0.21013999503066838,0.4021094293420505,0.04935650355085392,0.10977486513046013
2019-05-10,100,504,4434,0,0.0,0.005158730158730158,0.01984126984126984,0.11814526516448605,0.21349400657072032,0.4673392817916408,0.04384373497059983,0.10977486513046013
2019-05-10,200,496,4434,42,0.01,0.0060080645161290315,0.07258064516129033,0.025514191418553735,0.21659262117742684,0.5050610278501777,0.0454489112238712,0.11426244795936162
2019-06-11,10,504,4448,0,0.0,0.003968253968253968,0.007936507936507936,0.17958549782905708,0.24580704727972444,0.3267060997899992,0.04093011083714827,0.09106286634713483
2019-06-11,50,504,4448,0,0.0,0.005436507936507935,0.01984126984126984,0.13830440591062065,0.21199357534789154,0.40535434861982766,0.04966706353803058,0.10889621546529331
2019-06-11,100,504,4448,0,0.0,0.005119047619047618,0.01984126984126984,0.025419942893590626,0.21375749774820274,0.45097307139739523,0.04238308033164248,0.1113375362458123
2019-06-11,200,504,4448,0,0.0,0.005277777777777777,0.031746031746031744,0.025419942893590626,0.2188656155710463,0.5954679055851249,0.041479900343147774,0.11217952269138504
2019-07-11,10,504,4445,0,0.0,0.004166666666666667,0.007936507936507936,0.18063031781802302,0.24427275938576085,0.32751424597240414,0.050191345657353316,0.10192904942003808
2019-07-11,50,504,4445,0,0.0,0.005238095238095237,0.01984126984126984,0.13839184333198093,0.2088832520685391,0.4023050166050091,0.056663032690906195,0.11674148398868428
2019-07-11,100,504,4445,0,0.0,0.005257936507936507,0.01984126984126984,0.025741108443961876,0.21216001469196297,0.44616686581006315,0.04748322253237237,0.11674148398868428
2019-07-11,200,504,4445,7,0.0016666666666666666,0.005376984126984127,0.031746031746031744,0.025741108443961876,0.21621652303768057,0.585160833745314,0.04671856637332342,0.11674148398868428
2019-08-09,10,504,4452,0,0.0,0.004563492063492063,0.00992063492063492,0.1835593325168737,0.2508376778700416,0.3292381559083095,0.05096338554077888,0.09644118031193527
2019-08-09,50,504,4452,0,0.0,0.004960317460317459,0.01984126984126984,0.14174299648349203,0.21256517011103374,0.4010901916139161,0.04804220818477166,0.10739945855575245
2019-08-09,100,504,4452,0,0.0,0.004781746031746031,0.01984126984126984,0.026349586310755287,0.21502050449502935,0.4480856284958934,0.04341470689477454,0.10756272694514588
2019-08-09,200,478,4452,42,0.01,0.005303347280334727,0.03556485355648536,0.025932138173594445,0.21798706508877674,0.5912738018714315,0.04593347539607375,0.11008983672670115
2019-09-10,10,504,4470,0,0.0,0.004563492063492063,0.00992063492063492,0.18526854666930032,0.25389184402562176,0.3327217994689625,0.05283186272245908,0.09211351644883074
2019-09-10,50,504,4470,0,0.0,0.0048015873015873015,0.01984126984126984,0.14556764009266135,0.21539236391542804,0.4017537806333552,0.051380341329374385,0.10746020188034737
2019-09-10,100,504,4470,0,0.0,0.0049007936507936495,0.01984126984126984,0.027207172985159057,0.2163335033953716,0.45371899129686777,0.0459309417985504,0.10746020188034737
2019-09-10,200,483,4470,26,0.006190476190476191,0.005238095238095237,0.037267080745341616,0.02647264572857005,0.21913346227567038,0.5235222633030804,0.04303333907251959,0.11125312326345392
2019-10-09,10,504,4514,0,0.0,0.003968253968253968,0.007936507936507936,0.17674692406628237,0.2550038604367382,0.3322568549985727,0.04685962502799853,0.08561763239955364
2019-10-09,50,504,4514,0,0.0,0.005634920634920635,0.057539682539682536,0.07640670189925217,0.21585632621083542,0.4022822167368149,0.040375324852731376,0.09569467096699692
2019-10-09,100,504,4514,0,0.0,0.0051190476190476186,0.057539682539682536,0.02821672046966323,0.21786500378174678,0.4521625323553779,0.03712434688106286,0.1053210253846034
2019-10-09,200,504,4514,0,0.0,0.005188492063492063,0.057539682539682536,0.02821672046966323,0.22294447455752828,0.522721397689376,0.03491411081733105,0.10623949880619418
2019-11-07,10,504,4525,0,0.0,0.0031746031746031746,0.005952380952380952,0.19206775229862116,0.25368488872112355,0.33380239311925286,0.042888322665757664,0.08075052810595722
2019-11-07,50,504,4525,0,0.0,0.005476190476190476,0.05555555555555555,0.07683700187911512,0.21431443757558064,0.4547946544074533,0.045370342955770714,0.10401691746728589
2019-11-07,100,504,4525,11,0.005238095238095239,0.004781746031746031,0.05555555555555555,0.07683700187911512,0.2189255966835988,0.4547946544074533,0.04133293507679726,0.10401691746728589
2019-11-07,200,504,4525,11,0.0026190476190476194,0.005029761904761905,0.05555555555555555,0.02875229067852821,0.22759421863986443,0.5889080268333695,0.03946589408966796,0.10401691746728589
2019-12-09,10,504,4539,0,0.0,0.0035714285714285713,0.00992063492063492,0.19336235851928724,0.252491081196163,0.33274584358140313,0.05182322741090343,0.09172631752380013
2019-12-09,50,504,4539,0,0.0,0.0047619047619047615,0.027777777777777776,0.10062778953068574,0.21655330982542292,0.4514558668898813,0.04349520047813821,0.09641154234300854
2019-12-09,100,493,4539,21,0.01,0.004989858012170386,0.05070993914807302,0.07703963754757377,0.22057666962222547,0.45395512109642044,0.03996268379062546,0.09846490543911707
2019-12-09,200,493,4539,21,0.005,0.005050709939148072,0.05070993914807302,0.02903428795935974,0.22965147894155402,0.5891965264377316,0.03913798883064519,0.09846490543911707
2020-01-09,10,504,4547,0,0.0,0.0035714285714285713,0.00992063492063492,0.1933527351828873,0.2523775112955725,0.3333074949774026,0.050028440939781614,0.08871578221867298
2020-01-09,50,504,4547,0,0.0,0.004603174603174604,0.017857142857142856,0.1482370938420184,0.21679566079473095,0.4484364538508361,0.04122965238479841,0.09135175467374355
2020-01-09,100,504,4547,0,0.0,0.004722222222222221,0.04563492063492063,0.029343801071893442,0.21878768725649128,0.5423341304270433,0.041562293978640134,0.1088754337882762
2020-01-09,200,504,4547,0,0.0,0.004910714285714286,0.04563492063492063,0.029343801071893442,0.228542003706206,0.583375599939751,0.039202449166926244,0.1088754337882762
2020-02-10,10,504,4530,0,0.0,0.0035714285714285713,0.00992063492063492,0.1852178604798825,0.2502066945239248,0.33307794440221666,0.056190459441108676,0.10268046103518239
2020-02-10,50,504,4530,0,0.0,0.004603174603174604,0.017857142857142856,0.1456615622147187,0.21059302638258276,0.44372102448430245,0.0477590633780328,0.10796583361694678
2020-02-10,100,504,4530,0,0.0,0.004841269841269842,0.04563492063492063,0.02910115966251953,0.21686393105801194,0.59054245067169,0.04828835403880751,0.1374638847183459
2020-02-10,200,504,4530,0,0.0,0.0050099206349206345,0.04563492063492063,0.02910115966251953,0.22496968087048863,0.59054245067169,0.0449604706162438,0.1374638847183459
2020-03-11,10,504,4527,0,0.0,0.0037698412698412695,0.00992063492063492,0.1898168750917127,0.2669909419494631,0.3409489769845126,0.03721304194272428,0.07523894157087949
2020-03-11,50,504,4527,0,0.0,0.0054365079365079364,0.04563492063492063,0.0787564371457456,0.2371833063237042,0.46268991853320973,0.028309459157060624,0.10848987710927158
2020-03-11,100,504,4527,0,0.0,0.0047619047619047615,0.04563492063492063,0.03117005439287346,0.23857446035772628,0.6154682837893057,0.028957774002057946,0.14499334941063213
2020-03-11,200,504,4527,4,0.0009523809523809524,0.004910714285714286,0.04563492063492063,0.03117005439287346,0.2415535520233697,0.6154682837893057,0.026713855987700787,0.14499334941063213
2020-04-09,10,504,4528,0,0.0,0.0037698412698412695,0.00992063492063492,0.24380369449772743,0.32114402765123873,0.3795370815687307,0.03818842614075161,0.07055664578273753
2020-04-09,50,504,4528,0,0.0,0.004365079365079364,0.015873015873015872,0.21968141540086614,0.3045010389896773,0.5248496419194884,0.028933551219181473,0.08475662044962243
2020-04-09,100,504,4528,0,0.0,0.004246031746031745,0.023809523809523808,0.06234096836621879,0.31995080790463876,0.6653634789789901,0.026728988812313347,0.08475662044962243
2020-04-09,200,500,4528,21,0.005,0.00466,0.03,0.062497052168694535,0.3190001636210583,0.6637211750018658,0.014850584676785333,0.09773030085992877
2020-05-11,10,504,4490,0,0.0,0.0031746031746031746,0.00992063492063492,0.24751622663042794,0.3237680967191342,0.381146662850897,0.04997452539552465,0.07524028245338894
2020-05-11,50,504,4490,0,0.0,0.003928571428571429,0.015873015873015872,0.21686281308571284,0.30960281670783896,0.6881196400350806,0.035302671752345895,0.08683980958609602
2020-05-11,100,504,4490,20,0.009523809523809523,0.00369047619047619,0.017857142857142856,0.06326278611971856,0.3227306975117479,0.6881196400350806,0.031957285777049545,0.08683980958609602
2020-05-11,200,479,4490,41,0.009761904761904762,0.004634655532359081,0.031315240083507306,0.06366085607550617,0.32294256937236254,0.6726156354329257,0.014160469229433661,0.09057397643235794
2020-06-10,10,504,4493,0,0.0,0.002976190476190476,0.007936507936507936,0.24490918089951655,0.3321897748626314,0.3852216892915511,0.04508129238645844,0.07266315662663253
2020-06-10,50,504,4493,0,0.0,0.0038095238095238095,0.017857142857142856,0.2182997048356675,0.3125785713882491,0.6872731842364403,0.03543995277493297,0.07362343002444711
2020-06-10,100,504,4493,0,0.0,0.00369047619047619,0.017857142857142856,0.06303772253117058,0.33106743065633737,0.6872731842364403,0.034177399161759096,0.0793424995429207
2020-06-10,200,484,4493,21,0.005,0.004462809917355373,0.030991735537190084,0.06409989111229594,0.3376384268378468,0.695763532788162,0.02353572954641578,0.10775573472315284
2020-07-10,10,504,4497,0,0.0,0.0027777777777777775,0.007936507936507936,0.25049354116370365,0.32881525626688085,0.39282743808022297,0.05286277840174562,0.08231600815011937
2020-07-10,50,504,4497,0,0.0,0.0035714285714285713,0.015873015873015872,0.2181888010580316,0.3181903425903182,0.6982088415585753,0.03636994452159582,0.08851157631455238
2020-07-10,100,504,4497,0,0.0,0.0033730158730158723,0.017857142857142856,0.0631023386466038,0.3308228284806376,0.6982088415585753,0.033335995421113464,0.08851157631455238
2020-07-10,200,504,4497,5,0.0011904761904761904,0.004166666666666667,0.027777777777777776,0.0631023386466038,0.3400843647689088,0.6982088415585753,0.030765620371104915,0.0999237286939009
2020-08-10,10,504,4495,0,0.0,0.0025793650793650793,0.005952380952380952,0.25141034428033504,0.3301800154781275,0.37501223287778745,0.05159526685283502,0.07920597216006879
2020-08-10,50,504,4495,0,0.0,0.0033333333333333327,0.015873015873015872,0.21845327066441714,0.31708432635986383,0.6976720683180535,0.03863786301953595,0.08947437843158093
2020-08-10,100,504,4495,0,0.0,0.003392857142857142,0.017857142857142856,0.06301843753411686,0.33200584159309976,0.6976720683180535,0.036160712804644404,0.11621670026255647
2020-08-10,200,499,4495,21,0.005,0.004198396793587174,0.026052104208416832,0.06328954104030166,0.34357580683736677,0.7004397415463536,0.03226169337026206,0.11163941318091884
2020-09-09,10,504,4496,0,0.0,0.0023809523809523807,0.005952380952380952,0.25134461410780584,0.3336621335087716,0.3827522155908302,0.051725397154363875,0.07316361149747419
2020-09-09,50,504,4496,0,0.0,0.0032936507936507935,0.015873015873015872,0.2173221221753602,0.32415687031121965,0.7319370934286689,0.035778495830769426,0.09936319787510103
2020-09-09,100,504,4496,0,0.0,0.003234126984126984,0.017857142857142856,0.06332499065758354,0.3367845615335687,0.7319370934286689,0.034191443309769365,0.1017042833802262
2020-09-09,200,504,4496,0,0.0,0.003898809523809524,0.025793650793650792,0.06332499065758354,0.3439228043175442,0.7319370934286689,0.03259229582556213,0.1017042833802262
2020-10-08,10,504,4525,0,0.0,0.0017857142857142857,0.003968253968253968,0.2531192597511418,0.34392285874697076,0.7273460872182973,0.05941508174490732,0.1137553189240603
2020-10-08,50,504,4525,0,0.0,0.0031746031746031746,0.015873015873015872,0.21650465453120454,0.32168098568664405,0.7273460872182973,0.04049727407088575,0.1137553189240603
2020-10-08,100,504,4525,0,0.0,0.003194444444444444,0.017857142857142856,0.06309426969025177,0.3409105719879431,0.7273460872182973,0.036208786095876494,0.1137553189240603
2020-10-08,200,504,4525,0,0.0,0.003869047619047619,0.02976190476190476,0.06309426969025177,0.3510612025703588,0.7273460872182973,0.03550940967227423,0.1137553189240603
2020-11-06,10,504,4520,0,0.0,0.0017857142857142857,0.005952380952380952,0.25131628439575826,0.33757428951919954,0.7195369346444347,0.0665557823334458,0.10418710332513044
2020-11-06,50,504,4520,0,0.0,0.0033730158730158727,0.015873015873015872,0.2125660940131205,0.3231030284015388,0.7195369346444347,0.046822050236704875,0.10677743233292805
2020-11-06,100,504,4520,0,0.0,0.003035714285714285,0.015873015873015872,0.06323691327842339,0.3422724155065815,0.7195369346444347,0.041580506047385224,0.10677743233292805
2020-11-06,200,504,4520,0,0.0,0.0038095238095238095,0.025793650793650792,0.06323691327842339,0.346882034795037,0.7195369346444347,0.040978263203465565,0.1202208593712395
2020-12-08,10,504,4515,0,0.0,0.001984126984126984,0.005952380952380952,0.24979145918779663,0.34001060544178835,0.7277076998211784,0.06685486281230296,0.11742836509153347
2020-12-08,50,504,4515,0,0.0,0.0029761904761904756,0.015873015873015872,0.210081228503517,0.3246934963175643,0.7277076998211784,0.04929132751892881,0.11742836509153347
2020-12-08,100,504,4515,0,0.0,0.0029761904761904756,0.015873015873015872,0.0634887042427794,0.34677543905745134,0.7277076998211784,0.04779777095490743,0.11742836509153347
2020-12-08,200,503,4515,0,0.0,0.0036679920477137172,0.02385685884691849,0.06354794753476468,0.34801305536499283,0.834634333556299,0.04830978820884079,0.1220281373412772
2021-01-08,10,504,4502,0,0.0,0.001984126984126984,0.005952380952380952,0.24273033455208912,0.3289490102720115,0.7232226773958929,0.07435082829023369,0.13187141302744268
2021-01-08,50,504,4502,0,0.0,0.003134920634920635,0.015873015873015872,0.20580668167350236,0.3180818531898768,0.7232226773958929,0.055520558312855864,0.13187141302744268
2021-01-08,100,504,4502,0,0.0,0.0030158730158730152,0.015873015873015872,0.0634083898042366,0.3385766946404778,0.7232226773958929,0.05455602553861761,0.13187141302744268
2021-01-08,200,504,4502,0,0.0,0.003660714285714285,0.021825396825396824,0.0634083898042366,0.3491750342603433,0.8378837434179026,0.053303372119665744,0.13187141302744268
2021-02-09,10,504,4497,0,0.0,0.0015873015873015873,0.005952380952380952,0.24480876456546347,0.3321128772996963,0.7231938873313176,0.07699522050973948,0.13810788202470933
2021-02-09,50,504,4497,0,0.0,0.0028968253968253963,0.015873015873015872,0.20462273764850084,0.324825230167642,0.7231938873313176,0.05416981144122144,0.13810788202470933
2021-02-09,100,490,4497,0,0.0,0.002959183673469388,0.0163265306122449,0.0641797513577096,0.3446673101013065,0.7311884480808389,0.049634202231673544,0.13861190366626722
2021-02-09,200,470,4497,0,0.0,0.003702127659574468,0.031914893617021274,0.0651924288406898,0.3556157979781328,0.809239488524152,0.044814253894860254,0.13962614126835646
2021-03-11,10,504,4467,0,0.0,0.0017857142857142857,0.005952380952380952,0.24671094968140048,0.3367595709576493,0.7445553383416478,0.0677590735871539,0.1268415426356759
2021-03-11,50,504,4467,0,0.0,0.0032539682539682534,0.015873015873015872,0.2085501592181516,0.32747757282996237,0.7445553383416478,0.04723196801786909,0.1268415426356759
2021-03-11,100,504,4467,0,0.0,0.0029761904761904756,0.015873015873015872,0.06428668053305805,0.3446157950842015,0.7445553383416478,0.04748466471755886,0.1268415426356759
2021-03-11,200,477,4467,0,0.0,0.0037631027253668767,0.033542976939203356,0.06564126208728109,0.35387259194618026,0.8116106589521731,0.04149033899751084,0.13132184595823793
2021-04-12,10,504,4480,0,0.0,0.0015873015873015873,0.005952380952380952,0.24656326788042854,0.33700318757140674,0.7462111889588732,0.07222193898223882,0.13003062355428388
2021-04-12,50,504,4480,0,0.0,0.003134920634920635,0.013888888888888888,0.2080008595398474,0.3305790022413385,0.7462111889588732,0.048726337478071924,0.13003062355428388
2021-04-12,100,482,4480,0,0.0,0.0029460580912863067,0.014522821576763486,0.06565716430895653,0.35288000116608886,0.7572405729510363,0.05118412535914582,0.1392476174912205
2021-04-12,200,462,4480,0,0.0,0.0036038961038961036,0.0367965367965368,0.06672552297538156,0.35949420807367155,0.8131869684061452,0.045031322961341026,0.14031282182629834
2021-05-11,10,504,4478,0,0.0,0.0017857142857142857,0.005952380952380952,0.2475568401197449,0.35938500987692507,0.7496615696842397,0.07128457681570234,0.1315294795325573
2021-05-11,50,504,4478,0,0.0,0.0030952380952380953,0.013888888888888888,0.2073995165792116,0.3270276995903617,0.7496615696842397,0.05097190584055739,0.1315294795325573
2021-05-11,100,504,4478,0,0.0,0.0028373015873015867,0.013888888888888888,0.06439332364855299,0.34601375747329605,0.7496615696842397,0.05152930019597696,0.1315294795325573
2021-05-11,200,483,4478,0,0.0,0.0035921325051759836,0.037267080745341616,0.0654488354558608,0.3513300328494411,0.8082259799847133,0.0463201012950715,0.13289116723505728
2021-06-10,10,504,4468,0,0.0,0.0017857142857142857,0.005952380952380952,0.24546687061535072,0.3586536229526459,0.7457025991688132,0.08137191692817926,0.13532468529416108
2021-06-10,50,504,4468,0,0.0,0.0030952380952380953,0.013888888888888888,0.20178432439923316,0.33259609916356636,0.7457025991688132,0.05061135772141188,0.13532468529416108
2021-06-10,100,504,4468,0,0.0,0.0029166666666666664,0.013888888888888888,0.20178432439923316,0.3471582470307347,0.7457025991688132,0.051127919132554524,0.13532468529416108
2021-06-10,200,484,4468,0,0.0,0.0035640495867768594,0.0371900826446281,0.0654390756975052,0.3515648315124673,0.8037044764201922,0.045928652371773335,0.1362108294455012
2021-07-12,10,504,4472,0,0.0,0.0015873015873015873,0.005952380952380952,0.24544863278579368,0.3585387577170551,0.7451746121901124,0.08191468703277884,0.13442270883243412
2021-07-12,50,504,4472,0,0.0,0.0031349206349206337,0.013888888888888888,0.19985204565774903,0.32642130697303434,0.7451746121901124,0.05127476543318785,0.13442270883243412
2021-07-12,100,504,4472,0,0.0,0.0027579365079365074,0.013888888888888888,0.06450659497813192,0.34983665976411704,0.8362912534572283,0.052363756121780146,0.13442270883243412
2021-07-12,200,484,4472,0,0.0,0.003202479338842975,0.030991735537190084,0.06549658728860283,0.35278396973740744,0.8038021695599614,0.0458991269463364,0.13527971193744348
2021-08-10,10,504,4470,0,0.0,0.0015873015873015873,0.003968253968253968,0.24258585701410063,0.3564057769469292,0.7391892558101631,0.08581853102968148,0.13875736314306059
2021-08-10,50,504,4470,0,0.0,0.0029761904761904756,0.011904761904761904,0.1980122950795445,0.326221328934717,0.8536995097007956,0.0580488282013629,0.1595246164445955
2021-08-10,100,504,4470,0,0.0,0.0026587301587301586,0.011904761904761904,0.06447468181579574,0.34670773360549056,0.8536995097007956,0.057016931682709625,0.1595246164445955
2021-08-10,200,484,4470,0,0.0,0.0029958677685950415,0.030991735537190084,0.06546285152692731,0.3517205360856599,0.822882102321882,0.04926261647388928,0.15759115668826498
2021-09-09,10,504,4499,0,0.0,0.0015873015873015873,0.003968253968253968,0.2414240711925165,0.3536712884285217,0.7368496842270295,0.08887624467662339,0.14258929800243747
2021-09-09,50,504,4499,0,0.0,0.0030158730158730152,0.013888888888888888,0.19677278359865477,0.3159370146024364,0.7368496842270295,0.05783193637003725,0.14258929800243747
2021-09-09,100,504,4499,0,0.0,0.002817460317460317,0.013888888888888888,0.06413538834833574,0.33649666293126856,0.8651522944586685,0.055679071250401294,0.14604092545044017
2021-09-09,200,484,4499,0,0.0,0.0030888429752066117,0.026859504132231406,0.06511462529704318,0.34818839927521744,0.8351634291496816,0.04948236705855177,0.14370511155766313
2021-10-08,10,504,4508,0,0.0,0.0015873015873015873,0.003968253968253968,0.24086614301008658,0.3546242618540697,0.7328260505740944,0.08582714332276761,0.14382275049937931
2021-10-08,50,504,4508,0,0.0,0.0030158730158730157,0.013888888888888888,0.19560966002537047,0.31626674779723585,0.7328260505740944,0.0569394392070235,0.14382275049937931
2021-10-08,100,504,4508,0,0.0,0.0026984126984126978,0.013888888888888888,0.19560966002537047,0.3464991073401271,0.8733615907004617,0.05542060837844492,0.14382275049937931
2021-10-08,200,484,4508,0,0.0,0.0030578512396694213,0.026859504132231406,0.06491914881820497,0.3510871121943174,0.8439448365160607,0.04948215300544435,0.14497742353775472
2021-11-08,10,504,4515,0,0.0,0.0017857142857142857,0.005952380952380952,0.23550561119107907,0.35441314254099593,0.7279697967199603,0.08588108315479367,0.14991528788784014
2021-11-08,50,504,4515,0,0.0,0.002936507936507937,0.013888888888888888,0.1976653296446398,0.3182687022295304,0.7279697967199603,0.05780846407978288,0.14991528788784014
2021-11-08,100,504,4515,0,0.0,0.0027579365079365074,0.013888888888888888,0.1976653296446398,0.34284166573343955,0.8876005269339675,0.05460951062516905,0.14991528788784014
2021-11-08,200,484,4515,0,0.0,0.0030681818181818184,0.024793388429752067,0.06490801985805834,0.35064070418655313,0.8591930694438371,0.04946579660564863,0.15126773969193488
2021-12-08,10,504,4510,0,0.0,0.0017857142857142857,0.005952380952380952,0.31768757260132674,0.36881486465318125,0.7387430303223327,0.08418279572453222,0.1407830738348547
2021-12-08,50,504,4510,0,0.0,0.002698412698412698,0.011904761904761904,0.19918373090727867,0.3232497622593522,0.7387430303223327,0.05543378231312771,0.1407830738348547
2021-12-08,100,504,4510,0,0.0,0.0026984126984126978,0.013888888888888888,0.19918373090727867,0.3459293029982434,0.9098770609503303,0.051090553104798736,0.1407830738348547
2021-12-08,200,484,4510,0,0.0,0.002933884297520661,0.022727272727272728,0.06544053318855705,0.3521239892619289,0.8831415257526376,0.04573606672003441,0.1418412191255668
2022-01-07,10,504,4505,0,0.0,0.0015873015873015873,0.003968253968253968,0.23732572741247504,0.36049244068763187,0.7500983742614648,0.07218581679572558,0.12372013805763651
2022-01-07,50,504,4505,0,0.0,0.00246031746031746,0.013888888888888888,0.20131296215561847,0.32751814214325004,0.7500983742614648,0.05323757999432407,0.12372013805763651
2022-01-07,100,484,4505,0,0.0,0.002789256198347107,0.01859504132231405,0.20046205096453532,0.3477257950747479,0.7572320332544361,0.04501852079165894,0.12423995674861298
2022-01-07,200,484,4505,0,0.0,0.002954545454545454,0.01859504132231405,0.06554729452140363,0.35319295442184706,0.8914495865106545,0.04202060207313816,0.12423995674861298
2022-02-08,10,504,4504,0,0.0,0.0013888888888888887,0.003968253968253968,0.3265187460105737,0.36979367012202413,0.7258770517514231,0.06279859191738149,0.10114778334099639
2022-02-08,50,504,4504,0,0.0,0.002738095238095238,0.013888888888888888,0.20326249447257697,0.3312945665597455,0.7258770517514231,0.04632968264170643,0.10114778334099639
2022-02-08,100,504,4504,0,0.0,0.002579365079365079,0.013888888888888888,0.06511091550241985,0.34924120074142617,0.7258770517514231,0.041588939751788304,0.10114778334099639
2022-02-08,200,484,4504,17,0.004047619047619047,0.002851239669421488,0.01859504132231405,0.06611037469730616,0.35935695114565747,0.8903330251885946,0.03598040106339102,0.10091514636791343
2022-03-10,10,504,4498,0,0.0,0.0013888888888888887,0.003968253968253968,0.23069340339798391,0.34224178397473026,0.7101748892948058,0.06875880750017503,0.10647584207617419
2022-03-10,50,504,4498,0,0.0,0.0026190476190476185,0.013888888888888888,0.19431934034124168,0.32050689158766443,0.7101748892948058,0.052807466706485326,0.10647584207617419
2022-03-10,100,504,4498,0,0.0,0.0025595238095238093,0.013888888888888888,0.065839968103291,0.3398020933551028,0.7101748892948058,0.04938249267041192,0.10647584207617419
2022-03-10,200,467,4498,21,0.005,0.0031477516059957174,0.02569593147751606,0.0408214075939115,0.34568122223026665,0.8597026315405026,0.0475966596251104,0.10927511929454332
2022-04-08,10,504,4505,0,0.0,0.0013888888888888887,0.003968253968253968,0.1655207147505682,0.2922911270250566,0.6602219839642701,0.0869835277217745,0.12889571447400353
2022-04-08,50,504,4505,0,0.0,0.002738095238095238,0.013888888888888888,0.15487150171576916,0.25656596977479146,0.6602219839642701,0.07224039794315529,0.13421288230368456
2022-04-08,100,504,4505,0,0.0,0.002599206349206349,0.013888888888888888,0.15487150171576916,0.2675034825322099,0.6602219839642701,0.06856653544476513,0.13421288230368456
2022-04-08,200,484,4505,0,0.0,0.0029958677685950415,0.01859504132231405,0.04074589269062754,0.26664294683353396,0.833080725812967,0.06311033553540431,0.132423009392237
2022-05-10,10,504,4510,0,0.0,0.0013888888888888887,0.003968253968253968,0.16348066228297306,0.29536448062323145,0.6500077705225099,0.056325464110671186,0.09650450107514953
2022-05-10,50,504,4510,0,0.0,0.0028571428571428563,0.013888888888888888,0.1625228770659177,0.2528865004622434,0.6500077705225099,0.05397694385752501,0.10331873936372882
2022-05-10,100,504,4510,0,0.0,0.002837301587301587,0.015873015873015872,0.04207872641526306,0.26806801987189355,0.6500077705225099,0.049416985939110966,0.11112525848446336
2022-05-10,200,490,4510,0,0.0,0.0032551020408163266,0.022448979591836733,0.036328120993926474,0.2612732332250293,0.8067483163356028,0.04492711702067607,0.11569845462407483
2022-06-09,10,504,4525,0,0.0,0.0013888888888888887,0.003968253968253968,0.164084248609004,0.30380206921149533,0.6655921885759858,0.051744318363738696,0.08483084392281043
2022-06-09,50,504,4525,0,0.0,0.002658730158730158,0.013888888888888888,0.1587323916803597,0.2632373314290426,0.6655921885759858,0.04731810838519473,0.08492129950381615
2022-06-09,100,504,4525,0,0.0,0.0026984126984126978,0.017857142857142856,0.15855099392051764,0.27022360151021213,0.6655921885759858,0.04314894031770117,0.0881003918657811
2022-06-09,200,504,4525,0,0.0,0.003075396825396825,0.017857142857142856,0.04359408950278671,0.27022360151021213,0.804560964291885,0.042805022652205996,0.11722666909416529
2022-07-12,10,504,4562,0,0.0,0.0013888888888888887,0.003968253968253968,0.16275135542018543,0.30831624027862126,0.6615513855415035,0.04153527982583231,0.09042550028010028
2022-07-12,50,504,4562,0,0.0,0.0026587301587301586,0.015873015873015872,0.1588397044530401,0.25896561623324044,0.6615513855415035,0.04385989123575877,0.09042550028010028
2022-07-12,100,504,4562,0,0.0,0.002976190476190476,0.015873015873015872,0.047839781969087766,0.2620931647031617,0.6615513855415035,0.039718432486629256,0.09042550028010028
2022-07-12,200,504,4562,0,0.0,0.0030853174603174605,0.01984126984126984,0.04238352338262148,0.25896561623324044,0.8116231395268555,0.04019438463617627,0.11829364535176834
2022-08-10,10,504,4587,0,0.0,0.0013888888888888887,0.003968253968253968,0.16358043761121985,0.30774988976036977,0.6538376884631971,0.04267449421717033,0.08311027297791834
2022-08-10,50,504,4587,0,0.0,0.002579365079365079,0.015873015873015872,0.16358043761121985,0.2622152028455293,0.6538376884631971,0.04207044128093074,0.08844488062235394
2022-08-10,100,504,4587,0,0.0,0.0029563492063492064,0.015873015873015872,0.050571743145718,0.26949449760147,0.6538376884631971,0.0383207997254995,0.09189646543225698
2022-08-10,200,504,4587,0,0.0,0.003115079365079365,0.017857142857142856,0.04406177764122072,0.25888354393184726,0.7949145724503733,0.03856330778198508,0.12050608854674823
2022-09-09,10,504,4644,0,0.0,0.0011904761904761904,0.003968253968253968,0.164229159025968,0.29944975774834837,0.6110287266128427,0.04750758523222691,0.10335438084887162
2022-09-09,50,504,4644,0,0.0,0.0025,0.017857142857142856,0.164229159025968,0.2676587032318405,0.6110287266128427,0.03920360624828562,0.10335438084887162
2022-09-09,100,488,4644,0,0.0,0.003135245901639344,0.018442622950819672,0.05296678332216841,0.2652797289948572,0.5978077399071738,0.03587675701279708,0.11612288709687033
2022-09-09,200,488,4644,0,0.0,0.003084016393442623,0.018442622950819672,0.04682455697102655,0.2652797289948572,0.7989039631423397,0.03895805681790424,0.13919317371255502
2022-10-10,10,504,4682,0,0.0,0.0011904761904761904,0.003968253968253968,0.16462429742815457,0.3010362670727942,0.5966382009506189,0.04303934201979989,0.11963356461575517
2022-10-10,50,504,4682,0,0.0,0.0024206349206349204,0.017857142857142856,0.16462429742815457,0.26972964082088213,0.5966382009506189,0.02855588488778154,0.11963356461575517
2022-10-10,100,504,4682,0,0.0,0.0029166666666666664,0.017857142857142856,0.055771299603984796,0.27221374585849895,0.5966382009506189,0.021837552551566154,0.11963356461575517
2022-10-10,200,504,4682,0,0.0,0.0033531746031746027,0.061507936507936505,0.02732076327283654,0.26971736333620255,0.792504420809126,0.02527119479853925,0.1362489723277353
2022-11-08,10,504,4734,0,0.0,0.000992063492063492,0.003968253968253968,0.16283761470865052,0.3041662439652417,0.6020315259409352,0.03304837728369596,0.13286218341960165
2022-11-08,50,504,4734,0,0.0,0.002301587301587302,0.021825396825396824,0.16283761470865052,0.2662271598735303,0.6020315259409352,0.03514411011516329,0.13286218341960165
2022-11-08,100,504,4734,0,0.0,0.0028174603174603175,0.021825396825396824,0.1603283614765231,0.27035809113624665,0.6020315259409352,0.033367884975575204,0.13286218341960165
2022-11-08,200,504,4734,0,0.0,0.003045634920634921,0.021825396825396824,0.050603314759199956,0.2663338141215841,0.7975533064703575,0.033189040457554796,0.13562670648035213
2022-12-08,10,504,4771,0,0.0,0.0011904761904761904,0.001984126984126984,0.16226295171275174,0.3134489701823489,0.6014702419891772,0.02978349882382928,0.10995541749965655
2022-12-08,50,504,4771,0,0.0,0.0025396825396825397,0.021825396825396824,0.16226295171275174,0.26390417426618534,0.6014702419891772,0.03165618993616685,0.10995541749965655
2022-12-08,100,504,4771,0,0.0,0.0028968253968253963,0.021825396825396824,0.06091061024018636,0.268646643797536,0.6014702419891772,0.027948985731174728,0.10995541749965655
2022-12-08,200,504,4771,0,0.0,0.0030158730158730157,0.021825396825396824,0.05265616334820938,0.26523111977352876,0.7580413773169965,0.028743244260078172,0.11589364943784458
2023-01-10,10,504,4808,0,0.0,0.0007936507936507937,0.001984126984126984,0.1609683532600086,0.3000543535495517,0.39334142955979284,0.02730260514956412,0.10577340673206041
2023-01-10,50,504,4808,0,0.0,0.0025396825396825397,0.021825396825396824,0.1609683532600086,0.2709663827674348,0.6160309311535743,0.026592115624573663,0.10577340673206041
2023-01-10,100,504,4808,0,0.0,0.0028769841269841267,0.021825396825396824,0.0626596514645873,0.2703726018646273,0.6160309311535743,0.023341785467018566,0.10577340673206041
2023-01-10,200,504,4808,0,0.0,0.0030753968253968257,0.021825396825396824,0.05399865171599496,0.2658516764873062,0.7629165122952772,0.025113739879066718,0.11052134516049458
2023-02-09,10,504,4838,0,0.0,0.0013888888888888887,0.003968253968253968,0.1584107599967287,0.32280030403699844,0.6257391071435412,0.0249906186153356,0.09750618740622512
2023-02-09,50,504,4838,0,0.0,0.002261904761904762,0.021825396825396824,0.1584107599967287,0.2711692651088754,0.6257391071435412,0.025746643545009964,0.09750618740622512
2023-02-09,100,504,4838,0,0.0,0.002857142857142857,0.021825396825396824,0.06432580222350691,0.27400835425711145,0.6257391071435412,0.024432383838131563,0.09750618740622512
2023-02-09,200,504,4838,1,0.0002380952380952381,0.0030456349206349205,0.021825396825396824,0.05554412391864661,0.27067184943551226,0.7492158221387051,0.024262373461242784,0.10542621892345996
2023-03-13,10,504,4882,0,0.0,0.000992063492063492,0.001984126984126984,0.21994672821377695,0.32906914179361396,0.6071026457375635,0.01991050370110098,0.07494369398018727
2023-03-13,50,504,4882,0,0.0,0.0025396825396825397,0.01984126984126984,0.15737546128813967,0.2690853743046556,0.6071026457375635,0.01924095755467848,0.07543072083617014
2023-03-13,100,504,4882,0,0.0,0.002936507936507936,0.01984126984126984,0.06511794713731936,0.2711151396371174,0.6071026457375635,0.015186194354160154,0.07543072083617014
2023-03-13,200,503,4882,0,0.0,0.0029622266401590457,0.019880715705765408,0.05580478873487645,0.26999905971620475,0.740635623492614,0.01662353734128264,0.0936965469351538
2023-04-12,10,504,4950,0,0.0,0.000992063492063492,0.001984126984126984,0.22195670208146795,0.33188281817163356,0.6064860180426705,0.023675842973284532,0.09107922355586849
2023-04-12,50,504,4950,0,0.0,0.0024206349206349204,0.017857142857142856,0.16135162896292232,0.2667076466476007,0.6064860180426705,0.021436433587389222,0.09107922355586849
2023-04-12,100,504,4950,0,0.0,0.0027777777777777775,0.017857142857142856,0.06710307988007914,0.27385556023442925,0.6064860180426705,0.017815093440865678,0.09107922355586849
2023-04-12,200,503,4950,0,0.0,0.0029622266401590457,0.017892644135188866,0.057605062736624635,0.26689184136145433,0.7280885045605787,0.018244262300963408,0.10155028642012483
2023-05-11,10,504,4998,0,0.0,0.000992063492063492,0.001984126984126984,0.22267075941280037,0.33383008699569366,0.6046064806263348,0.025027286340857335,0.0729292524044807
2023-05-11,50,504,4998,0,0.0,0.002341269841269841,0.015873015873015872,0.16115986477833158,0.2688956912288066,0.6046064806263348,0.019126594668118228,0.10305575406859316
2023-05-11,100,504,4998,0,0.0,0.0028769841269841267,0.017857142857142856,0.06871563402794996,0.27393874769560467,0.6046064806263348,0.014029261223496133,0.10305575406859316
2023-05-11,200,503,4998,0,0.0,0.002842942345924453,0.017892644135188866,0.058839082574106624,0.2677962863318594,0.7194472488099284,0.01524976766094254,0.10311160477604045
2023-06-12,10,504,5057,0,0.0,0.0013888888888888887,0.003968253968253968,0.1902451247863461,0.3358307651757298,0.604528171647797,0.026487505054033626,0.06156589217794427
2023-06-12,50,504,5057,0,0.0,0.0021031746031746033,0.007936507936507936,0.1607060917922788,0.2717459894987213,0.604528171647797,0.022983914646875797,0.09091406578680379
2023-06-12,100,504,5057,0,0.0,0.0028174603174603175,0.017857142857142856,0.06933492647383144,0.2739993196510967,0.604528171647797,0.014979599238294214,0.09091406578680379
2023-06-12,200,503,5057,0,0.0,0.0027435387673956256,0.017892644135188866,0.059452755217479385,0.27380850992465,0.7156072569050582,0.015324523208214957,0.11143549855013715
2023-07-13,10,504,5101,0,0.0,0.0013888888888888887,0.003968253968253968,0.18797201676898526,0.3381144166543735,0.6096793816155458,0.021663796598127102,0.06043081579528399
2023-07-13,50,504,5101,0,0.0,0.0022222222222222222,0.011904761904761904,0.16020521815125405,0.2730094291977069,0.6096793816155458,0.022033700267426824,0.0864357456461322
2023-07-13,100,504,5101,0,0.0,0.002757936507936507,0.017857142857142856,0.07017105777975773,0.27450360901717036,0.6096793816155458,0.015201220691475963,0.0864357456461322
2023-07-13,200,503,5101,0,0.0,0.002693836978131212,0.017892644135188866,0.05994563674231615,0.27482554051502406,0.7114125254120188,0.016917522703149487,0.11828717841511814
2023-08-11,10,504,5133,0,0.0,0.0013888888888888887,0.003968253968253968,0.18873783969438207,0.3419671067003819,0.6138449422970501,0.027928627634042642,0.08614427093228409
2023-08-11,50,504,5133,0,0.0,0.0022222222222222222,0.011904761904761904,0.16868705202886924,0.2749843110708434,0.6138449422970501,0.021225186179109738,0.08614427093228409
2023-08-11,100,504,5133,0,0.0,0.0029166666666666664,0.01984126984126984,0.07109473856473607,0.27436278205077885,0.6138449422970501,0.015832440961922215,0.08614427093228409
2023-08-11,200,503,5133,0,0.0,0.002783300198807157,0.019880715705765408,0.06048658126242508,0.2760572797515273,0.7008970601576539,0.018208341440172585,0.11983699564044833
2023-09-12,10,504,5223,0,0.0,0.0013888888888888887,0.003968253968253968,0.188527477507725,0.3432281130251384,0.6234792731836495,0.030192453951824627,0.10616038160469563
2023-09-12,50,504,5223,0,0.0,0.0020634920634920633,0.00992063492063492,0.16798955881979807,0.2787679456503077,0.6234792731836495,0.01998883294585256,0.10616038160469563
2023-09-12,100,504,5223,0,0.0,0.0027976190476190475,0.021825396825396824,0.07176430644808268,0.2733719437665371,0.6234792731836495,0.015624488220109452,0.10616038160469563
2023-09-12,200,503,5223,0,0.0,0.002783300198807157,0.02186878727634195,0.0610427725970111,0.2789109918334028,0.6991417910191255,0.017646658061552703,0.1093211923195068
2023-10-11,10,504,5262,0,0.0,0.0017857142857142857,0.003968253968253968,0.23298221219124815,0.34316536048366875,0.6257751260376954,0.03277488480644452,0.11397139579001717
2023-10-11,50,504,5262,0,0.0,0.002182539682539682,0.00992063492063492,0.17029236275486553,0.2708470704711833,0.6257751260376954,0.017944171467010824,0.11397139579001717
2023-10-11,100,504,5262,0,0.0,0.0027380952380952374,0.021825396825396824,0.07280153727340188,0.274813725949608,0.6257751260376954,0.01279600406431718,0.11397139579001717
2023-10-11,200,503,5262,19,0.004523809523809524,0.002773359840954274,0.02186878727634195,0.061251589265716576,0.27859883343919933,0.6997441809941136,0.015587275380266481,0.12463713036403382
2023-11-09,10,504,5314,0,0.0,0.0015873015873015873,0.003968253968253968,0.23051039130120868,0.3476396913288219,0.6218896190187017,0.023145090696997096,0.10495816856595223
2023-11-09,50,504,5314,0,0.0,0.002261904761904762,0.011904761904761904,0.17094519753459148,0.27254037513644225,0.6218896190187017,0.010592544643229491,0.10495816856595223
2023-11-09,100,504,5314,0,0.0,0.0026984126984126978,0.021825396825396824,0.07443132045040037,0.27633982559203346,0.6218896190187017,0.008244853447208376,0.10495816856595223
2023-11-09,200,484,5314,33,0.007857142857142858,0.0028202479338842977,0.022727272727272728,0.0621469802581721,0.27582572430918917,0.711365085708325,0.009429766356187275,0.11612791146100743
2023-12-11,10,504,5349,0,0.0,0.0013888888888888887,0.003968253968253968,0.22789177714963038,0.34863171608078275,0.6129998161897499,0.025633503988759205,0.10881709046492853
2023-12-11,50,504,5349,0,0.0,0.0022222222222222222,0.011904761904761904,0.1693571388459138,0.2656728529175866,0.6129998161897499,0.015624546657562154,0.10881709046492853
2023-12-11,100,504,5349,0,0.0,0.0028571428571428563,0.021825396825396824,0.07560742734013241,0.2732977762943085,0.6129998161897499,0.013359323679211976,0.10881709046492853
2023-12-11,200,491,5349,21,0.005,0.0027087576374745415,0.020366598778004074,0.06253285612875129,0.27603503876774793,0.6946995711251336,0.01461083301030481,0.11155345249466823
2024-01-11,10,504,5374,0,0.0,0.0015873015873015873,0.003968253968253968,0.2801671413805195,0.3480598963830701,0.5981864081154249,0.03383326897900062,0.11119155381894455
2024-01-11,50,504,5374,0,0.0,0.002261904761904762,0.00992063492063492,0.16794736190204612,0.26993381846372433,0.5981864081154249,0.01967725601799879,0.11119155381894455
2024-01-11,100,504,5374,0,0.0,0.002936507936507936,0.021825396825396824,0.07650623552222224,0.2761239785096181,0.5981864081154249,0.016539495421809543,0.11119155381894455
2024-01-11,200,503,5374,0,0.0,0.002673956262425447,0.02186878727634195,0.06328922866910261,0.27400418332442444,0.6812947241162239,0.01883049598566202,0.11111450593305452
2024-02-12,10,504,5378,0,0.0,0.0015873015873015873,0.003968253968253968,0.280882390926708,0.34443874417262454,0.5903109955222966,0.04794244969917007,0.13607569125337815
2024-02-12,50,504,5378,0,0.0,0.001984126984126984,0.00992063492063492,0.16835715570820942,0.2686162228176451,0.5903109955222966,0.03064601201524049,0.13607569125337815
2024-02-12,100,504,5378,0,0.0,0.0027579365079365074,0.021825396825396824,0.07704663624823425,0.27558411985078873,0.5903109955222966,0.025963064619730556,0.13607569125337815
2024-02-12,200,503,5378,0,0.0,0.0026938369781312134,0.02186878727634195,0.06340642718395886,0.27413548040568,0.6756391450832813,0.02762443851403964,0.13602400203789247
2024-03-13,10,504,5387,0,0.0,0.0015873015873015873,0.003968253968253968,0.28254878884415957,0.3452496052718931,0.5844190307493716,0.05014203646459867,0.12825668731330417
2024-03-13,50,504,5387,0,0.0,0.002182539682539682,0.00992063492063492,0.16169312609544112,0.27092853511251636,0.5844190307493716,0.0408722992431503,0.12825668731330417
2024-03-13,100,504,5387,0,0.0,0.002956349206349206,0.021825396825396824,0.07600924529406117,0.27135420340430744,0.5844190307493716,0.034419466980692315,0.12825668731330417
2024-03-13,200,503,5387,0,0.0,0.0027634194831013914,0.02186878727634195,0.07606774195565567,0.2702006325131271,0.8332266013700064,0.0368744255730981,0.15118029437617192
2024-04-12,10,504,5396,0,0.0,0.0015873015873015873,0.005952380952380952,0.23388407088190424,0.3404269675861433,0.5447298779524091,0.057255873723754146,0.11181638701672585
2024-04-12,50,504,5396,0,0.0,0.0021428571428571425,0.00992063492063492,0.16030351213051072,0.2702023698086035,0.5782774767322665,0.032874387337099645,0.11181638701672585
2024-04-12,100,504,5396,0,0.0,0.002936507936507936,0.015873015873015872,0.07540162645317365,0.26957482301883073,0.5782774767322665,0.0290323000650221,0.12269053849449758
2024-04-12,200,503,5396,6,0.0014285714285714286,0.002952286282306163,0.02186878727634195,0.06114369666455871,0.2697347402135064,0.841098729336731,0.03234277423297277,0.14820713269924252
2024-05-13,10,504,5383,0,0.0,0.0015873015873015873,0.005952380952380952,0.23177001251325186,0.3382548662758189,0.5356076857539779,0.07277724942923719,0.11835955283623856
2024-05-13,50,504,5383,0,0.0,0.002182539682539682,0.011904761904761904,0.15705654897387594,0.25798807172109167,0.5826552317895242,0.050300997774233684,0.1532516662657203
2024-05-13,100,504,5383,0,0.0,0.002896825396825397,0.013888888888888888,0.07430832342872257,0.26250976513054364,0.5826552317895242,0.045552096535114515,0.1532516662657203
2024-05-13,200,497,5383,21,0.005,0.0030181086519114686,0.022132796780684104,0.061028308449760434,0.2597181061366649,0.5853676820983564,0.04286534364872084,0.15341842980877599
2024-06-12,10,504,5389,0,0.0,0.0015873015873015873,0.005952380952380952,0.2283958515118685,0.3313896656878462,0.5268742975759708,0.076938991322135,0.1282025330669402
2024-06-12,50,504,5389,0,0.0,0.0021428571428571425,0.013888888888888888,0.14529402111354983,0.2529590371323206,0.5637137474889414,0.049410625295851655,0.14468532507820933
2024-06-12,100,504,5389,0,0.0,0.0030158730158730152,0.013888888888888888,0.07413973837575884,0.25810721164193745,0.5637137474889414,0.04434215091127873,0.14468532507820933
2024-06-12,200,503,5389,0,0.0,0.003091451292246521,0.02385685884691849,0.060450339314349066,0.25435396652338405,0.5640955736758038,0.04242422380440139,0.14386184706878272
2024-07-15,10,504,5376,0,0.0,0.0015873015873015873,0.005952380952380952,0.2604981507048397,0.3371279555805335,0.5624924755614342,0.08282530229596197,0.14585174928836994
2024-07-15,50,504,5376,0,0.0,0.0021825396825396826,0.013888888888888888,0.1412138750085532,0.24418360916716056,0.5624924755614342,0.05920613279911309,0.14585174928836994
2024-07-15,100,504,5376,0,0.0,0.002996031746031746,0.015873015873015872,0.07213232812650963,0.2542124314485583,0.5624924755614342,0.0591622854855863,0.1732782977431921
2024-07-15,200,503,5376,0,0.0,0.003180914512922465,0.02385685884691849,0.05722939874590734,0.24552653877873437,0.662816691668392,0.056664447839114854,0.17245379214538833
2024-08-13,10,504,5381,0,0.0,0.0015873015873015873,0.005952380952380952,0.26049214410994953,0.3313804756935762,0.5690941895778823,0.06516020600060121,0.1262084596031278
2024-08-13,50,504,5381,0,0.0,0.002261904761904762,0.013888888888888888,0.14239807832879392,0.23734571699740392,0.5690941895778823,0.05130324667350163,0.15351919903696817
2024-08-13,100,504,5381,0,0.0,0.0028968253968253963,0.015873015873015872,0.07126562680120943,0.24646078484153722,0.5690941895778823,0.04827872773090676,0.15351919903696817
2024-08-13,200,503,5381,0,0.0,0.003081510934393638,0.02385685884691849,0.05638921818292556,0.2483100294816247,0.6584933158211634,0.04507261181011651,0.1526975271579041
2024-09-12,10,504,5408,0,0.0,0.0017857142857142857,0.005952380952380952,0.2578058862596918,0.33057148851450974,0.5781577729290659,0.07249010866856269,0.14096487684733314
2024-09-12,50,504,5408,0,0.0,0.002261904761904762,0.013888888888888888,0.1408563187828915,0.2272332946840989,0.5781577729290659,0.059363231343457404,0.14096487684733314
2024-09-12,100,504,5408,0,0.0,0.002936507936507937,0.017857142857142856,0.07028969961612978,0.2393954915647737,0.5781577729290659,0.05641527424709973,0.1556552650083398
2024-09-12,200,503,5408,0,0.0,0.003041749502982107,0.02385685884691849,0.05459679457920657,0.24420472209270222,0.659191375571876,0.053282272234093354,0.15483080877211539
2024-10-11,10,504,5419,0,0.0,0.001984126984126984,0.005952380952380952,0.24889857079322686,0.3226326511497136,0.5724937765997109,0.08806391695173502,0.16003446827712553
2024-10-11,50,504,5419,0,0.0,0.0021428571428571425,0.013888888888888888,0.13675459865490708,0.22350781889867505,0.5724937765997109,0.08150586913195386,0.18963569388969534
2024-10-11,100,504,5419,0,0.0,0.0028769841269841267,0.021825396825396824,0.06794411082636866,0.23411103453176058,0.5724937765997109,0.07410596900696703,0.18963569388969534
2024-10-11,200,503,5419,0,0.0,0.0030318091451292245,0.02385685884691849,0.05211115373165585,0.23623831362192266,0.6569306328731546,0.07114271220707157,0.18881770369961573
2024-11-11,10,504,5428,0,0.0,0.001984126984126984,0.005952380952380952,0.23567065353087654,0.3090632312730686,0.59870979043473,0.10054342261003461,0.15630982587965428
2024-11-11,50,504,5428,0,0.0,0.002261904761904762,0.017857142857142856,0.1338589673595472,0.22334302236575504,0.59870979043473,0.07762390819143576,0.15630982587965428
2024-11-11,100,504,5428,0,0.0,0.003154761904761904,0.021825396825396824,0.06756231451948108,0.23162060938935994,0.670118875982896,0.07082056079123701,0.15630982587965428
2024-11-11,200,503,5428,0,0.0,0.003091451292246521,0.02385685884691849,0.05097533157358021,0.23420507059058093,0.7462181941659218,0.06744765228768271,0.15736107668850083
2024-12-11,10,504,5425,0,0.0,0.001984126984126984,0.005952380952380952,0.16686585196237738,0.29924192535842814,0.5953710229862156,0.10541582361998261,0.15041266551252638
2024-12-11,50,504,5425,0,0.0,0.002301587301587301,0.017857142857142856,0.12897451922048628,0.21636020955081123,0.5953710229862156,0.07369036992395038,0.15041266551252638
2024-12-11,100,504,5425,0,0.0,0.0030952380952380953,0.017857142857142856,0.06480844682343118,0.2325680195959925,0.6674932935755974,0.06553045685100733,0.15041266551252638
2024-12-11,200,503,5425,0,0.0,0.002952286282306163,0.02385685884691849,0.04898072990565751,0.23150596160959847,0.9237658372194757,0.06435511901470195,0.16976632240384892
2025-01-14,10,504,5417,0,0.0,0.0017857142857142857,0.005952380952380952,0.21322029806271495,0.2995422597678764,0.5837535140652802,0.10663025774802437,0.14940033297138822
2025-01-14,50,504,5417,0,0.0,0.0022222222222222222,0.015873015873015872,0.12752349768657048,0.21500852780471175,0.5837535140652802,0.06991996906843503,0.14940033297138822
2025-01-14,100,504,5417,0,0.0,0.003035714285714285,0.015873015873015872,0.06372154197836646,0.2293139737800951,0.6710538908514793,0.060240865605051035,0.14940033297138822
2025-01-14,200,504,5417,0,0.0,0.002966269841269841,0.023809523809523808,0.047870240603611766,0.22757217709811195,0.9366501644556364,0.05901647663577012,0.17084798513341432
2025-02-13,10,504,5409,0,0.0,0.0021825396825396826,0.005952380952380952,0.1671596912828957,0.28653544700633415,0.5731161704518779,0.09772466954598283,0.16046206243830088
2025-02-13,50,504,5409,0,0.0,0.002777777777777778,0.015873015873015872,0.12543086548041657,0.21898655478622184,0.6889553893847413,0.07946922201669579,0.16046206243830088
2025-02-13,100,504,5409,0,0.0,0.003194444444444444,0.015873015873015872,0.06267393064324892,0.22950411785043676,0.7167031236751439,0.06617042311251804,0.17054794811944032
2025-02-13,200,504,5409,0,0.0,0.002996031746031746,0.027777777777777776,0.046424899950246734,0.2290251424148847,0.930049475402973,0.06108172707040626,0.17054794811944032
2025-03-17,10,504,5415,0,0.0,0.001984126984126984,0.005952380952380952,0.22066832339193912,0.29824450194485413,0.5850311346677726,0.08610405076698607,0.1226505401736953
2025-03-17,50,504,5415,0,0.0,0.0028968253968253963,0.013888888888888888,0.12777506782759804,0.22006587568467406,0.6888262448185775,0.0744910638053618,0.13355075233774805
2025-03-17,100,504,5415,0,0.0,0.003115079365079365,0.013888888888888888,0.06169196148296753,0.22827759428412833,0.6888262448185775,0.06525044555649957,0.13887557925735758
2025-03-17,200,504,5415,0,0.0,0.0030853174603174605,0.02976190476190476,0.04629838721531731,0.2253183109357952,0.9449828298768975,0.06360896590940503,0.15688354935101795
2025-04-15,10,504,5420,0,0.0,0.0021825396825396826,0.005952380952380952,0.20326167201164283,0.3040197639579034,0.6210192721465853,0.06828074377232218,0.10935913910282571
2025-04-15,50,504,5420,0,0.0,0.0028968253968253963,0.013888888888888888,0.14720253332986516,0.23188336766267256,0.7090312485139303,0.059348748383847315,0.12706322799809688
2025-04-15,100,504,5420,0,0.0,0.0030555555555555553,0.015873015873015872,0.060766378525643885,0.23696201634352182,0.7090312485139303,0.04976369196044143,0.12706322799809688
2025-04-15,200,504,5420,0,0.0,0.0030853174603174605,0.03373015873015873,0.04430545628264576,0.23608045260392618,0.9591774030567538,0.04899315741708999,0.131682594201048
2025-05-15,10,504,5424,0,0.0,0.0021825396825396826,0.005952380952380952,0.20664760998432713,0.30807911369817886,0.6267516991023654,0.07390245842954811,0.10841678551586229
2025-05-15,50,504,5424,0,0.0,0.0025,0.011904761904761904,0.15010760183514224,0.24030010848570724,0.7043440716650524,0.06683757533958831,0.1366224275614204
2025-05-15,100,504,5424,0,0.0,0.002738095238095238,0.015873015873015872,0.059582044215655466,0.24507954701815415,0.7977897718156759,0.0583892686373561,0.14450393117271756
2025-05-15,200,504,5424,0,0.0,0.002966269841269841,0.03571428571428571,0.04316990975160826,0.24517216670985476,0.9490405232211185,0.0560072585072453,0.14450393117271756
2025-06-16,10,504,5442,0,0.0,0.0015873015873015873,0.005952380952380952,0.23181648161502197,0.32956364947002115,0.635761107165569,0.061701392371136754,0.09523529811067274
2025-06-16,50,504,5442,0,0.0,0.002777777777777778,0.011904761904761904,0.15118411330251144,0.23309862807411413,0.6943690857309994,0.06477705530811241,0.1251529086893655
2025-06-16,100,504,5442,0,0.0,0.002698412698412698,0.015873015873015872,0.05950307835141916,0.24954290604591597,0.6943690857309994,0.05680650815069074,0.13118125082248927
2025-06-16,200,504,5442,0,0.0,0.0029761904761904756,0.037698412698412696,0.04261062834053819,0.24751328643122766,0.943653110639499,0.05658957246904762,0.136453410159091
2025-07-17,10,504,5442,0,0.0,0.0017857142857142857,0.005952380952380952,0.2285509106040374,0.30564651395105796,0.6375949461368652,0.06629005484395997,0.10242258569654589
2025-07-17,50,504,5442,0,0.0,0.0026190476190476185,0.011904761904761904,0.15166085182627626,0.2365232482004942,0.6934537560556392,0.06301184863304343,0.12462464264704515
2025-07-17,100,504,5442,0,0.0,0.0030158730158730157,0.023809523809523808,0.05861001473513662,0.25438751255885045,0.6934537560556392,0.05701961273312779,0.12462464264704515
2025-07-17,200,504,5442,0,0.0,0.003115079365079365,0.041666666666666664,0.041907841532913784,0.25056065236428005,0.9402499897649098,0.05548311056321227,0.1348662115556345
2025-08-15,10,504,5458,0,0.0,0.0017857142857142857,0.005952380952380952,0.22513995471634135,0.3028929519963246,0.6359260473410806,0.07273992135090387,0.1057169131996929
2025-08-15,50,504,5458,0,0.0,0.0027380952380952383,0.011904761904761904,0.15284799457174425,0.2352404991004613,0.6792906066597236,0.0644783910318926,0.13505376422140278
2025-08-15,100,504,5458,0,0.0,0.002956349206349206,0.023809523809523808,0.05758300039525798,0.25745978069486386,0.7690339201872154,0.060186918529360554,0.13803371739700732
2025-08-15,200,504,5458,0,0.0,0.00306547619047619,0.03968253968253968,0.04130706022197927,0.2534086530108376,0.939597374634806,0.05736736540164337,0.13803371739700732
2025-09-16,10,504,5479,0,0.0,0.001984126984126984,0.005952380952380952,0.224790392204123,0.3392786722766395,0.630662547213672,0.07256786743655923,0.10607182453023954
2025-09-16,50,504,5479,0,0.0,0.002777777777777778,0.00992063492063492,0.15381126488853458,0.23102462281242603,0.6739324030907001,0.07053505827405843,0.13201678868848643
2025-09-16,100,504,5479,0,0.0,0.0027976190476190475,0.023809523809523808,0.05695967556960061,0.25882362582554685,0.77445616386034,0.06176856482596189,0.13201678868848643
2025-09-16,200,504,5479,0,0.0,0.002936507936507937,0.037698412698412696,0.040577089217160335,0.254394623767422,0.9365294331759811,0.06070654373302305,0.14383421580809425
2025-10-15,10,504,5481,0,0.0,0.0013888888888888887,0.001984126984126984,0.21595038499985583,0.3056758189476842,0.6353703724842249,0.07623788185513447,0.11425628318170232
2025-10-15,50,504,5481,0,0.0,0.0024999999999999996,0.00992063492063492,0.14879973049947853,0.23914414050808824,0.6701742613139752,0.07356872326065367,0.13713600654967764
2025-10-15,100,504,5481,0,0.0,0.002857142857142857,0.021825396825396824,0.05531388305247549,0.25851430829445254,0.7819279206467024,0.06796096325712159,0.1590401546417772
2025-10-15,200,504,5481,0,0.0,0.002936507936507936,0.04563492063492063,0.039959659600563406,0.2552420805741345,0.9426863241692718,0.06624157198325917,0.1590401546417772
2025-11-13,10,504,5499,0,0.0,0.0011904761904761904,0.001984126984126984,0.22025296604101863,0.33417920858781985,0.6333851810353925,0.07424203578591657,0.10451226505771638
2025-11-13,50,504,5499,0,0.0,0.0024999999999999996,0.011904761904761904,0.15162652117456707,0.2494703304790138,0.6595118579140239,0.07762475996268746,0.1399697153130932
2025-11-13,100,504,5499,0,0.0,0.002837301587301587,0.021825396825396824,0.05302843535217974,0.2631103183343585,0.7859236473398211,0.07129363267715397,0.14331424005881468
2025-11-13,200,504,5499,0,0.0,0.0030456349206349205,0.047619047619047616,0.03806085952149319,0.25296326409180914,0.8044338297580537,0.06724501597976724,0.1539856707595055
2025-12-15,10,504,5522,0,0.0,0.0011904761904761904,0.001984126984126984,0.22201366109399245,0.33523355555723855,0.6332026297986655,0.07131974639785228,0.0970847720315601
2025-12-15,50,504,5522,0,0.0,0.0025396825396825397,0.011904761904761904,0.1541185624416162,0.2498083648390479,0.6536159235271974,0.0717592262285037,0.13258946716755293
2025-12-15,100,504,5522,0,0.0,0.0028769841269841267,0.021825396825396824,0.05080625266493666,0.26156616372713126,0.7860119310952945,0.0632403638930287,0.1433588215914236
2025-12-15,200,482,5522,0,0.0,0.00303941908713693,0.05186721991701245,0.03534148507912728,0.2537035222270557,0.7988936362500475,0.0560127651074881,0.1468951638200761
