rebalancing_date,n_assets,date,DSCD
1996-01-02,200,1996-01-11,912369
1996-01-02,200,1996-01-12,912369
1996-01-02,200,1996-01-15,912369
1996-01-02,200,1996-01-16,912369
1996-01-02,200,1996-01-17,912369
1996-01-02,200,1996-01-18,912369
1996-01-02,200,1996-01-19,912369
1996-01-02,200,1996-01-22,912369
1996-01-02,200,1996-01-23,912369
1996-01-02,200,1996-01-24,912369
1996-01-02,200,1996-01-25,912369
1996-01-02,200,1996-01-26,912369
1996-01-02,200,1996-01-29,912369
1996-01-02,200,1996-01-30,912369
1996-01-31,200,1996-01-31,912369
1996-01-31,200,1996-02-01,912369
1996-01-31,200,1996-02-02,912369
1996-01-31,200,1996-02-05,912369
1996-01-31,200,1996-02-06,912369
1996-01-31,200,1996-02-07,912369
1996-01-31,200,1996-02-08,912369
1996-01-31,200,1996-02-09,912369
1996-01-31,200,1996-02-12,912369
1996-01-31,200,1996-02-13,912369
1996-01-31,200,1996-02-14,912369
1996-01-31,200,1996-02-15,912369
1996-01-31,200,1996-02-16,912369
1996-01-31,200,1996-02-20,912369
1996-01-31,200,1996-02-21,912369
1996-01-31,200,1996-02-22,912369
1996-01-31,200,1996-02-23,912369
1996-01-31,200,1996-02-26,912369
1996-01-31,200,1996-02-27,912369
1996-01-31,200,1996-02-28,912369
1996-01-31,200,1996-02-29,912369
1996-05-31,200,1996-06-11,921601
1996-05-31,200,1996-06-12,921601
1996-05-31,200,1996-06-13,921601
1996-05-31,200,1996-06-14,921601
1996-05-31,200,1996-06-17,921601
1996-05-31,200,1996-06-18,921601
1996-05-31,200,1996-06-19,921601
1996-05-31,200,1996-06-20,921601
1996-05-31,200,1996-06-21,921601
1996-05-31,200,1996-06-24,921601
1996-05-31,200,1996-06-25,921601
1996-05-31,200,1996-06-26,921601
1996-05-31,200,1996-06-27,921601
1996-05-31,200,1996-06-28,921601
1996-07-01,200,1996-07-01,921601
1996-07-01,200,1996-07-02,921601
1996-07-01,200,1996-07-03,921601
1996-07-01,200,1996-07-05,921601
1996-07-01,200,1996-07-08,921601
1996-07-01,200,1996-07-09,921601
1996-07-01,200,1996-07-10,921601
1996-07-01,200,1996-07-11,921601
1996-07-01,200,1996-07-12,921601
1996-07-01,200,1996-07-15,921601
1996-07-01,200,1996-07-16,921601
1996-07-01,200,1996-07-17,921601
1996-07-01,200,1996-07-18,921601
1996-07-01,200,1996-07-19,921601
1996-07-01,200,1996-07-22,921601
1996-07-01,200,1996-07-23,921601
1996-07-01,200,1996-07-24,921601
1996-07-01,200,1996-07-25,921601
1996-07-01,200,1996-07-26,921601
1996-07-01,200,1996-07-29,921601
1996-07-01,200,1996-07-30,921601
1996-08-29,200,1996-09-03,938999
1996-08-29,200,1996-09-04,938999
1996-08-29,200,1996-09-05,938999
1996-08-29,200,1996-09-06,938999
1996-08-29,200,1996-09-09,938999
1996-08-29,200,1996-09-10,938999
1996-08-29,200,1996-09-11,938999
1996-08-29,200,1996-09-12,938999
1996-08-29,200,1996-09-13,938999
1996-08-29,200,1996-09-16,938999
1996-08-29,200,1996-09-17,938999
1996-08-29,200,1996-09-18,938999
1996-08-29,200,1996-09-19,938999
1996-08-29,200,1996-09-20,938999
1996-08-29,200,1996-09-23,938999
1996-08-29,200,1996-09-24,938999
1996-08-29,200,1996-09-25,938999
1996-08-29,200,1996-09-26,938999
1996-08-29,200,1996-09-27,938999
1996-09-30,200,1996-09-30,938999
1996-09-30,200,1996-10-01,938999
1996-09-30,200,1996-10-02,938999
1996-09-30,200,1996-10-03,938999
1996-09-30,200,1996-10-04,938999
1996-09-30,200,1996-10-07,938999
1996-09-30,200,1996-10-08,938999
1996-09-30,200,1996-10-09,938999
1996-09-30,200,1996-10-10,938999
1996-09-30,200,1996-10-11,938999
1996-09-30,200,1996-10-14,938999
1996-09-30,200,1996-10-15,938999
1996-09-30,200,1996-10-16,938999
1996-09-30,200,1996-10-17,938999
1996-09-30,200,1996-10-18,938999
1996-09-30,200,1996-10-21,938999
1996-09-30,200,1996-10-22,938999
1996-09-30,200,1996-10-23,938999
1996-09-30,200,1996-10-24,938999
1996-09-30,200,1996-10-25,938999
1996-09-30,200,1996-10-28,938999
1997-01-29,200,1997-02-11,328614
1997-01-29,200,1997-02-11,544791
1997-01-29,200,1997-02-12,328614
1997-01-29,200,1997-02-12,544791
1997-01-29,200,1997-02-13,328614
1997-01-29,200,1997-02-13,544791
1997-01-29,200,1997-02-14,328614
1997-01-29,200,1997-02-14,544791
1997-01-29,200,1997-02-18,328614
1997-01-29,200,1997-02-18,952208
1997-01-29,200,1997-02-18,544791
1997-01-29,200,1997-02-19,328614
1997-01-29,200,1997-02-19,952208
1997-01-29,200,1997-02-19,544791
1997-01-29,200,1997-02-20,328614
1997-01-29,200,1997-02-20,952208
1997-01-29,200,1997-02-20,544791
1997-01-29,200,1997-02-21,328614
1997-01-29,200,1997-02-21,952208
1997-01-29,200,1997-02-21,544791
1997-01-29,200,1997-02-24,328614
1997-01-29,200,1997-02-24,952208
1997-01-29,200,1997-02-24,544791
1997-01-29,200,1997-02-25,328614
1997-01-29,200,1997-02-25,952208
1997-01-29,200,1997-02-25,544791
1997-01-29,200,1997-02-26,328614
1997-01-29,200,1997-02-26,952208
1997-01-29,200,1997-02-26,544791
1997-01-29,200,1997-02-27,328614
1997-01-29,200,1997-02-27,952208
1997-01-29,200,1997-02-27,544791
1997-02-28,200,1997-02-28,328614
1997-02-28,200,1997-02-28,952208
1997-02-28,200,1997-02-28,544791
1997-02-28,200,1997-03-03,328614
1997-02-28,200,1997-03-03,952208
1997-02-28,200,1997-03-03,544791
1997-02-28,200,1997-03-04,328614
1997-02-28,200,1997-03-04,952208
1997-02-28,200,1997-03-04,544791
1997-02-28,200,1997-03-05,328614
1997-02-28,200,1997-03-05,952208
1997-02-28,200,1997-03-05,544791
1997-02-28,200,1997-03-06,328614
1997-02-28,200,1997-03-06,952208
1997-02-28,200,1997-03-06,544791
1997-02-28,200,1997-03-07,328614
1997-02-28,200,1997-03-07,952208
1997-02-28,200,1997-03-07,544791
1997-02-28,200,1997-03-10,328614
1997-02-28,200,1997-03-10,952208
1997-02-28,200,1997-03-10,544791
1997-02-28,200,1997-03-11,328614
1997-02-28,200,1997-03-11,952208
1997-02-28,200,1997-03-11,544791
1997-02-28,200,1997-03-12,328614
1997-02-28,200,1997-03-12,952208
1997-02-28,200,1997-03-12,544791
1997-02-28,200,1997-03-13,328614
1997-02-28,200,1997-03-13,952208
1997-02-28,200,1997-03-13,544791
1997-02-28,200,1997-03-14,328614
1997-02-28,200,1997-03-14,952208
1997-02-28,200,1997-03-14,544791
1997-02-28,200,1997-03-17,328614
1997-02-28,200,1997-03-17,952208
1997-02-28,200,1997-03-17,544791
1997-02-28,200,1997-03-18,328614
1997-02-28,200,1997-03-18,952208
1997-02-28,200,1997-03-18,544791
1997-02-28,200,1997-03-19,328614
1997-02-28,200,1997-03-19,952208
1997-02-28,200,1997-03-19,544791
1997-02-28,200,1997-03-20,328614
1997-02-28,200,1997-03-20,952208
1997-02-28,200,1997-03-20,544791
1997-02-28,200,1997-03-21,328614
1997-02-28,200,1997-03-21,952208
1997-02-28,200,1997-03-21,544791
1997-02-28,200,1997-03-24,328614
1997-02-28,200,1997-03-24,952208
1997-02-28,200,1997-03-24,544791
1997-02-28,200,1997-03-25,328614
1997-02-28,200,1997-03-25,952208
1997-02-28,200,1997-03-25,544791
1997-02-28,200,1997-03-26,328614
1997-02-28,200,1997-03-26,952208
1997-02-28,200,1997-03-26,544791
1997-02-28,200,1997-03-27,328614
1997-02-28,200,1997-03-27,952208
1997-02-28,200,1997-03-27,544791
1997-02-28,200,1997-03-31,328614
1997-02-28,200,1997-03-31,952208
1997-02-28,200,1997-03-31,544791
1997-04-01,50,1997-04-09,982325
1997-04-01,100,1997-04-09,982325
1997-04-01,200,1997-04-09,982325
1997-04-30,100,1997-05-12,945387
1997-04-30,100,1997-05-13,945387
1997-04-30,100,1997-05-14,945387
1997-04-30,100,1997-05-15,945387
1997-04-30,100,1997-05-16,945387
1997-04-30,100,1997-05-19,945387
1997-04-30,100,1997-05-20,945387
1997-04-30,100,1997-05-21,945387
1997-04-30,100,1997-05-22,945387
1997-04-30,100,1997-05-23,945387
1997-04-30,100,1997-05-27,945387
1997-04-30,100,1997-05-28,945387
1997-04-30,100,1997-05-29,945387
1997-04-30,200,1997-05-12,945387
1997-04-30,200,1997-05-13,945387
1997-04-30,200,1997-05-14,945387
1997-04-30,200,1997-05-15,945387
1997-04-30,200,1997-05-16,945387
1997-04-30,200,1997-05-19,945387
1997-04-30,200,1997-05-20,945387
1997-04-30,200,1997-05-21,945387
1997-04-30,200,1997-05-22,945387
1997-04-30,200,1997-05-23,945387
1997-04-30,200,1997-05-27,945387
1997-04-30,200,1997-05-28,945387
1997-04-30,200,1997-05-29,945387
1997-05-30,100,1997-05-30,945387
1997-05-30,100,1997-06-02,945387
1997-05-30,100,1997-06-03,945387
1997-05-30,100,1997-06-04,945387
1997-05-30,100,1997-06-05,945387
1997-05-30,100,1997-06-06,945387
1997-05-30,100,1997-06-09,945387
1997-05-30,100,1997-06-10,945387
1997-05-30,100,1997-06-11,945387
1997-05-30,100,1997-06-12,945387
1997-05-30,100,1997-06-13,945387
1997-05-30,100,1997-06-16,945387
1997-05-30,100,1997-06-17,945387
1997-05-30,100,1997-06-18,945387
1997-05-30,100,1997-06-19,945387
1997-05-30,100,1997-06-20,945387
1997-05-30,100,1997-06-23,945387
1997-05-30,100,1997-06-24,945387
1997-05-30,100,1997-06-25,945387
1997-05-30,100,1997-06-26,945387
1997-05-30,100,1997-06-27,945387
1997-05-30,200,1997-05-30,945387
1997-05-30,200,1997-06-02,945387
1997-05-30,200,1997-06-03,945387
1997-05-30,200,1997-06-04,945387
1997-05-30,200,1997-06-05,945387
1997-05-30,200,1997-06-06,945387
1997-05-30,200,1997-06-09,945387
1997-05-30,200,1997-06-10,945387
1997-05-30,200,1997-06-11,945387
1997-05-30,200,1997-06-12,945387
1997-05-30,200,1997-06-13,945387
1997-05-30,200,1997-06-16,945387
1997-05-30,200,1997-06-17,945387
1997-05-30,200,1997-06-18,945387
1997-05-30,200,1997-06-19,945387
1997-05-30,200,1997-06-20,945387
1997-05-30,200,1997-06-23,945387
1997-05-30,200,1997-06-24,945387
1997-05-30,200,1997-06-25,945387
1997-05-30,200,1997-06-26,945387
1997-05-30,200,1997-06-27,945387
1997-06-30,200,1997-07-11,719782
1997-06-30,200,1997-07-14,719782
1997-06-30,200,1997-07-15,719782
1997-06-30,200,1997-07-15,749321
1997-06-30,200,1997-07-16,719782
1997-06-30,200,1997-07-16,749321
1997-06-30,200,1997-07-17,719782
1997-06-30,200,1997-07-17,749321
1997-06-30,200,1997-07-18,719782
1997-06-30,200,1997-07-18,749321
1997-06-30,200,1997-07-21,719782
1997-06-30,200,1997-07-21,749321
1997-06-30,200,1997-07-22,719782
1997-06-30,200,1997-07-22,749321
1997-06-30,200,1997-07-23,719782
1997-06-30,200,1997-07-23,749321
1997-06-30,200,1997-07-24,719782
1997-06-30,200,1997-07-24,749321
1997-06-30,200,1997-07-25,719782
1997-06-30,200,1997-07-25,749321
1997-06-30,200,1997-07-28,719782
1997-06-30,200,1997-07-28,749321
1997-06-30,200,1997-07-29,719782
1997-06-30,200,1997-07-29,749321
1997-07-30,200,1997-07-30,719782
1997-07-30,200,1997-07-30,749321
1997-07-30,200,1997-07-31,719782
1997-07-30,200,1997-07-31,749321
1997-07-30,200,1997-08-01,719782
1997-07-30,200,1997-08-01,749321
1997-07-30,200,1997-08-04,719782
1997-07-30,200,1997-08-04,749321
1997-07-30,200,1997-08-05,719782
1997-07-30,200,1997-08-05,749321
1997-07-30,200,1997-08-06,719782
1997-07-30,200,1997-08-06,749321
1997-07-30,200,1997-08-07,719782
1997-07-30,200,1997-08-07,749321
1997-07-30,200,1997-08-08,719782
1997-07-30,200,1997-08-08,749321
1997-07-30,200,1997-08-11,719782
1997-07-30,200,1997-08-11,749321
1997-07-30,200,1997-08-12,719782
1997-07-30,200,1997-08-12,749321
1997-07-30,200,1997-08-13,907697
1997-07-30,200,1997-08-13,719782
1997-07-30,200,1997-08-13,749321
1997-07-30,200,1997-08-14,907697
1997-07-30,200,1997-08-14,719782
1997-07-30,200,1997-08-14,749321
1997-07-30,200,1997-08-15,907697
1997-07-30,200,1997-08-15,719782
1997-07-30,200,1997-08-15,749321
1997-07-30,200,1997-08-18,907697
1997-07-30,200,1997-08-18,719782
1997-07-30,200,1997-08-18,749321
1997-07-30,200,1997-08-19,907697
1997-07-30,200,1997-08-19,719782
1997-07-30,200,1997-08-19,749321
1997-07-30,200,1997-08-20,907697
1997-07-30,200,1997-08-20,719782
1997-07-30,200,1997-08-20,749321
1997-07-30,200,1997-08-21,907697
1997-07-30,200,1997-08-21,719782
1997-07-30,200,1997-08-21,749321
1997-07-30,200,1997-08-22,907697
1997-07-30,200,1997-08-22,719782
1997-07-30,200,1997-08-22,749321
1997-07-30,200,1997-08-25,907697
1997-07-30,200,1997-08-25,719782
1997-07-30,200,1997-08-25,749321
1997-07-30,200,1997-08-26,907697
1997-07-30,200,1997-08-26,719782
1997-07-30,200,1997-08-26,749321
1997-07-30,200,1997-08-27,907697
1997-07-30,200,1997-08-27,719782
1997-07-30,200,1997-08-27,749321
1997-08-28,100,1997-09-12,921699
1997-08-28,100,1997-09-15,921699
1997-08-28,100,1997-09-16,921699
1997-08-28,100,1997-09-17,921699
1997-08-28,100,1997-09-18,921699
1997-08-28,100,1997-09-19,921699
1997-08-28,100,1997-09-22,921699
1997-08-28,100,1997-09-23,921699
1997-08-28,100,1997-09-24,921699
1997-08-28,100,1997-09-25,945386
1997-08-28,100,1997-09-25,921699
1997-08-28,100,1997-09-26,945386
1997-08-28,100,1997-09-26,921699
1997-08-28,200,1997-08-28,907697
1997-08-28,200,1997-08-29,907697
1997-08-28,200,1997-09-02,907697
1997-08-28,200,1997-09-03,907697
1997-08-28,200,1997-09-04,907697
1997-08-28,200,1997-09-05,907697
1997-08-28,200,1997-09-08,907697
1997-08-28,200,1997-09-09,907697
1997-08-28,200,1997-09-10,907697
1997-08-28,200,1997-09-11,907697
1997-08-28,200,1997-09-12,921699
1997-08-28,200,1997-09-12,907697
1997-08-28,200,1997-09-12,905436
1997-08-28,200,1997-09-15,921699
1997-08-28,200,1997-09-15,907697
1997-08-28,200,1997-09-15,905436
1997-08-28,200,1997-09-16,921699
1997-08-28,200,1997-09-16,907697
1997-08-28,200,1997-09-16,905436
1997-08-28,200,1997-09-17,921699
1997-08-28,200,1997-09-17,907697
1997-08-28,200,1997-09-17,905436
1997-08-28,200,1997-09-18,921699
1997-08-28,200,1997-09-18,907697
1997-08-28,200,1997-09-18,905436
1997-08-28,200,1997-09-19,921699
1997-08-28,200,1997-09-19,907697
1997-08-28,200,1997-09-19,905436
1997-08-28,200,1997-09-22,921699
1997-08-28,200,1997-09-22,907697
1997-08-28,200,1997-09-22,905436
1997-08-28,200,1997-09-23,921699
1997-08-28,200,1997-09-23,907697
1997-08-28,200,1997-09-23,905436
1997-08-28,200,1997-09-24,921699
1997-08-28,200,1997-09-24,907697
1997-08-28,200,1997-09-24,905436
1997-08-28,200,1997-09-25,945386
1997-08-28,200,1997-09-25,921699
1997-08-28,200,1997-09-25,907697
1997-08-28,200,1997-09-25,905436
1997-08-28,200,1997-09-26,945386
1997-08-28,200,1997-09-26,921699
1997-08-28,200,1997-09-26,907697
1997-08-28,200,1997-09-26,905436
1997-09-29,50,1997-10-14,945383
1997-09-29,100,1997-09-29,945386
1997-09-29,100,1997-09-30,945386
1997-09-29,100,1997-10-01,945386
1997-09-29,100,1997-10-02,945386
1997-09-29,100,1997-10-03,945386
1997-09-29,100,1997-10-06,945386
1997-09-29,100,1997-10-07,945386
1997-09-29,100,1997-10-08,945386
1997-09-29,100,1997-10-09,945386
1997-09-29,100,1997-10-10,945386
1997-09-29,100,1997-10-13,945386
1997-09-29,100,1997-10-14,945383
1997-09-29,100,1997-10-14,945386
1997-09-29,100,1997-10-15,945386
1997-09-29,100,1997-10-16,945386
1997-09-29,100,1997-10-17,945386
1997-09-29,100,1997-10-20,945386
1997-09-29,100,1997-10-21,945386
1997-09-29,100,1997-10-22,945386
1997-09-29,100,1997-10-23,945386
1997-09-29,100,1997-10-24,945386
1997-09-29,100,1997-10-27,945386
1997-09-29,200,1997-09-29,945386
1997-09-29,200,1997-09-29,921699
1997-09-29,200,1997-09-29,905436
1997-09-29,200,1997-09-30,945386
1997-09-29,200,1997-09-30,921699
1997-09-29,200,1997-09-30,905436
1997-09-29,200,1997-10-01,945386
1997-09-29,200,1997-10-01,921699
1997-09-29,200,1997-10-01,905436
1997-09-29,200,1997-10-02,945386
1997-09-29,200,1997-10-02,921699
1997-09-29,200,1997-10-02,905436
1997-09-29,200,1997-10-03,945386
1997-09-29,200,1997-10-03,921699
1997-09-29,200,1997-10-03,905436
1997-09-29,200,1997-10-06,945386
1997-09-29,200,1997-10-06,921699
1997-09-29,200,1997-10-06,905436
1997-09-29,200,1997-10-07,945386
1997-09-29,200,1997-10-07,921699
1997-09-29,200,1997-10-07,905436
1997-09-29,200,1997-10-08,945386
1997-09-29,200,1997-10-08,921699
1997-09-29,200,1997-10-08,905436
1997-09-29,200,1997-10-09,945386
1997-09-29,200,1997-10-09,921699
1997-09-29,200,1997-10-09,905436
1997-09-29,200,1997-10-10,945386
1997-09-29,200,1997-10-10,921699
1997-09-29,200,1997-10-10,905436
1997-09-29,200,1997-10-13,945386
1997-09-29,200,1997-10-13,921699
1997-09-29,200,1997-10-13,905436
1997-09-29,200,1997-10-14,945383
1997-09-29,200,1997-10-14,945386
1997-09-29,200,1997-10-14,921699
1997-09-29,200,1997-10-14,905436
1997-09-29,200,1997-10-15,945386
1997-09-29,200,1997-10-15,921699
1997-09-29,200,1997-10-15,905436
1997-09-29,200,1997-10-16,945386
1997-09-29,200,1997-10-16,921699
1997-09-29,200,1997-10-16,905436
1997-09-29,200,1997-10-17,945386
1997-09-29,200,1997-10-17,921699
1997-09-29,200,1997-10-17,905436
1997-09-29,200,1997-10-20,945386
1997-09-29,200,1997-10-20,921699
1997-09-29,200,1997-10-20,905436
1997-09-29,200,1997-10-21,945386
1997-09-29,200,1997-10-21,921699
1997-09-29,200,1997-10-21,905436
1997-09-29,200,1997-10-22,945386
1997-09-29,200,1997-10-22,921699
1997-09-29,200,1997-10-22,905436
1997-09-29,200,1997-10-23,945386
1997-09-29,200,1997-10-23,921699
1997-09-29,200,1997-10-23,905436
1997-09-29,200,1997-10-24,945386
1997-09-29,200,1997-10-24,921699
1997-09-29,200,1997-10-24,905436
1997-09-29,200,1997-10-27,945386
1997-09-29,200,1997-10-27,921699
1997-09-29,200,1997-10-27,905436
1997-10-28,50,1997-10-28,945383
1997-10-28,100,1997-10-28,945383
1997-10-28,100,1997-10-28,945386
1997-10-28,100,1997-10-29,945386
1997-10-28,100,1997-10-30,945386
1997-10-28,100,1997-10-31,945386
1997-10-28,100,1997-11-03,945386
1997-10-28,100,1997-11-04,945386
1997-10-28,100,1997-11-05,945386
1997-10-28,100,1997-11-06,945386
1997-10-28,100,1997-11-07,945386
1997-10-28,100,1997-11-10,945386
1997-10-28,100,1997-11-11,945386
1997-10-28,100,1997-11-12,945386
1997-10-28,100,1997-11-13,945386
1997-10-28,100,1997-11-14,945386
1997-10-28,100,1997-11-17,945386
1997-10-28,100,1997-11-18,945386
1997-10-28,100,1997-11-19,945386
1997-10-28,100,1997-11-20,945386
1997-10-28,100,1997-11-21,945386
1997-10-28,100,1997-11-24,945386
1997-10-28,100,1997-11-25,945386
1997-10-28,200,1997-10-28,945383
1997-10-28,200,1997-10-28,945386
1997-10-28,200,1997-10-28,329835
1997-10-28,200,1997-10-28,677630
1997-10-28,200,1997-10-29,945386
1997-10-28,200,1997-10-30,945386
1997-10-28,200,1997-10-31,945386
1997-10-28,200,1997-11-03,945386
1997-10-28,200,1997-11-04,945386
1997-10-28,200,1997-11-05,945386
1997-10-28,200,1997-11-06,945386
1997-10-28,200,1997-11-07,945386
1997-10-28,200,1997-11-10,945386
1997-10-28,200,1997-11-11,945386
1997-10-28,200,1997-11-12,945386
1997-10-28,200,1997-11-13,945386
1997-10-28,200,1997-11-14,945386
1997-10-28,200,1997-11-17,945386
1997-10-28,200,1997-11-18,945386
1997-10-28,200,1997-11-19,945386
1997-10-28,200,1997-11-20,945386
1997-10-28,200,1997-11-21,945386
1997-10-28,200,1997-11-24,945386
1997-10-28,200,1997-11-25,945386
1997-12-29,50,1997-12-30,945383
1997-12-29,50,1997-12-31,945383
1997-12-29,50,1997-12-31,945551
1997-12-29,50,1998-01-02,982325
1997-12-29,100,1997-12-30,945383
1997-12-29,100,1997-12-31,945383
1997-12-29,100,1997-12-31,945551
1997-12-29,100,1998-01-02,982325
1997-12-29,200,1997-12-30,945383
1997-12-29,200,1997-12-30,867873
1997-12-29,200,1997-12-31,945383
1997-12-29,200,1997-12-31,945551
1997-12-29,200,1997-12-31,867873
1997-12-29,200,1998-01-02,982325
1997-12-29,200,1998-01-07,905671
1997-12-29,200,1998-01-07,904849
1997-12-29,200,1998-01-08,905671
1997-12-29,200,1998-01-08,904849
1997-12-29,200,1998-01-09,905671
1997-12-29,200,1998-01-09,904849
1997-12-29,200,1998-01-12,905671
1997-12-29,200,1998-01-12,904849
1997-12-29,200,1998-01-13,905671
1997-12-29,200,1998-01-13,904849
1997-12-29,200,1998-01-14,905671
1997-12-29,200,1998-01-14,904849
1997-12-29,200,1998-01-15,905671
1997-12-29,200,1998-01-15,904849
1997-12-29,200,1998-01-16,905671
1997-12-29,200,1998-01-16,904849
1997-12-29,200,1998-01-20,905671
1997-12-29,200,1998-01-20,904849
1997-12-29,200,1998-01-21,905671
1997-12-29,200,1998-01-21,904849
1997-12-29,200,1998-01-22,905671
1997-12-29,200,1998-01-22,904849
1997-12-29,200,1998-01-23,905671
1997-12-29,200,1998-01-23,904849
1997-12-29,200,1998-01-26,905671
1997-12-29,200,1998-01-26,904849
1997-12-29,200,1998-01-27,905671
1997-12-29,200,1998-01-27,904849
1997-12-29,200,1998-01-28,905671
1997-12-29,200,1998-01-28,327318
1997-12-29,200,1998-01-28,904849
1998-01-29,50,1998-02-26,982325
1998-01-29,100,1998-02-26,982325
1998-01-29,200,1998-01-29,905671
1998-01-29,200,1998-01-29,327318
1998-01-29,200,1998-01-29,904849
1998-01-29,200,1998-01-30,905671
1998-01-29,200,1998-01-30,327318
1998-01-29,200,1998-01-30,904849
1998-01-29,200,1998-02-02,905671
1998-01-29,200,1998-02-02,327318
1998-01-29,200,1998-02-02,904849
1998-01-29,200,1998-02-03,905671
1998-01-29,200,1998-02-03,327318
1998-01-29,200,1998-02-03,904849
1998-01-29,200,1998-02-04,905671
1998-01-29,200,1998-02-04,327318
1998-01-29,200,1998-02-04,904849
1998-01-29,200,1998-02-05,905671
1998-01-29,200,1998-02-05,327318
1998-01-29,200,1998-02-05,904849
1998-01-29,200,1998-02-06,905671
1998-01-29,200,1998-02-06,327318
1998-01-29,200,1998-02-06,904849
1998-01-29,200,1998-02-09,905671
1998-01-29,200,1998-02-09,327318
1998-01-29,200,1998-02-09,904849
1998-01-29,200,1998-02-10,905671
1998-01-29,200,1998-02-10,327318
1998-01-29,200,1998-02-10,904849
1998-01-29,200,1998-02-11,905671
1998-01-29,200,1998-02-11,327318
1998-01-29,200,1998-02-11,904849
1998-01-29,200,1998-02-12,905671
1998-01-29,200,1998-02-12,327318
1998-01-29,200,1998-02-12,904849
1998-01-29,200,1998-02-13,905671
1998-01-29,200,1998-02-13,327318
1998-01-29,200,1998-02-13,904849
1998-01-29,200,1998-02-17,905671
1998-01-29,200,1998-02-17,327318
1998-01-29,200,1998-02-17,904849
1998-01-29,200,1998-02-18,905671
1998-01-29,200,1998-02-18,327318
1998-01-29,200,1998-02-18,904849
1998-01-29,200,1998-02-19,905671
1998-01-29,200,1998-02-19,327318
1998-01-29,200,1998-02-19,904849
1998-01-29,200,1998-02-20,905671
1998-01-29,200,1998-02-20,930857
1998-01-29,200,1998-02-20,327318
1998-01-29,200,1998-02-20,904849
1998-01-29,200,1998-02-23,905671
1998-01-29,200,1998-02-23,930857
1998-01-29,200,1998-02-23,327318
1998-01-29,200,1998-02-23,904849
1998-01-29,200,1998-02-24,905671
1998-01-29,200,1998-02-24,930857
1998-01-29,200,1998-02-24,327318
1998-01-29,200,1998-02-24,904849
1998-01-29,200,1998-02-25,905671
1998-01-29,200,1998-02-25,930857
1998-01-29,200,1998-02-25,327318
1998-01-29,200,1998-02-25,904849
1998-01-29,200,1998-02-26,982325
1998-01-29,200,1998-02-26,905671
1998-01-29,200,1998-02-26,930857
1998-01-29,200,1998-02-26,327318
1998-01-29,200,1998-02-26,904849
1998-01-29,200,1998-02-27,905671
1998-01-29,200,1998-02-27,930857
1998-01-29,200,1998-02-27,327318
1998-01-29,200,1998-02-27,904849
1998-03-02,200,1998-03-02,930857
1998-03-02,200,1998-03-02,327318
1998-03-02,200,1998-03-03,930857
1998-03-02,200,1998-03-03,327318
1998-03-02,200,1998-03-04,930857
1998-03-02,200,1998-03-04,327318
1998-03-02,200,1998-03-05,930857
1998-03-02,200,1998-03-05,327318
1998-03-02,200,1998-03-06,930857
1998-03-02,200,1998-03-06,327318
1998-03-02,200,1998-03-09,930857
1998-03-02,200,1998-03-09,327318
1998-03-02,200,1998-03-10,930857
1998-03-02,200,1998-03-10,327318
1998-03-02,200,1998-03-11,930857
1998-03-02,200,1998-03-11,327318
1998-03-02,200,1998-03-12,930857
1998-03-02,200,1998-03-12,327318
1998-03-02,200,1998-03-13,930857
1998-03-02,200,1998-03-13,327318
1998-03-02,200,1998-03-16,930857
1998-03-02,200,1998-03-16,327318
1998-03-02,200,1998-03-17,930857
1998-03-02,200,1998-03-17,327318
1998-03-02,200,1998-03-18,930857
1998-03-02,200,1998-03-18,327318
1998-03-02,200,1998-03-19,930857
1998-03-02,200,1998-03-19,327318
1998-03-02,200,1998-03-20,930857
1998-03-02,200,1998-03-20,327318
1998-03-02,200,1998-03-23,930857
1998-03-02,200,1998-03-23,327318
1998-03-02,200,1998-03-24,930857
1998-03-02,200,1998-03-24,327318
1998-03-02,200,1998-03-25,930857
1998-03-02,200,1998-03-25,327318
1998-03-02,200,1998-03-26,930857
1998-03-02,200,1998-03-26,327318
1998-03-02,200,1998-03-27,930857
1998-03-02,200,1998-03-27,327318
1998-03-02,200,1998-03-30,930857
1998-03-02,200,1998-03-30,327318
1998-03-31,50,1998-04-24,867576
1998-03-31,100,1998-04-24,867576
1998-03-31,200,1998-04-24,867576
1998-06-01,100,1998-06-17,867124
1998-06-01,100,1998-06-24,945389
1998-06-01,200,1998-06-08,992065
1998-06-01,200,1998-06-09,992065
1998-06-01,200,1998-06-10,992065
1998-06-01,200,1998-06-11,992065
1998-06-01,200,1998-06-12,992065
1998-06-01,200,1998-06-15,992065
1998-06-01,200,1998-06-16,992065
1998-06-01,200,1998-06-17,867124
1998-06-01,200,1998-06-17,992065
1998-06-01,200,1998-06-18,992065
1998-06-01,200,1998-06-19,992065
1998-06-01,200,1998-06-22,992065
1998-06-01,200,1998-06-23,992065
1998-06-01,200,1998-06-24,945389
1998-06-01,200,1998-06-24,992065
1998-06-01,200,1998-06-25,992065
1998-06-01,200,1998-06-26,992065
1998-06-01,200,1998-06-29,992065
1998-06-30,50,1998-07-01,867576
1998-06-30,50,1998-07-02,867576
1998-06-30,50,1998-07-06,867576
1998-06-30,50,1998-07-07,867576
1998-06-30,50,1998-07-08,867576
1998-06-30,50,1998-07-09,867576
1998-06-30,50,1998-07-10,867576
1998-06-30,50,1998-07-13,867576
1998-06-30,50,1998-07-14,867576
1998-06-30,50,1998-07-15,867576
1998-06-30,50,1998-07-16,867576
1998-06-30,50,1998-07-17,867576
1998-06-30,50,1998-07-20,867576
1998-06-30,50,1998-07-21,867576
1998-06-30,50,1998-07-22,867576
1998-06-30,50,1998-07-23,867576
1998-06-30,50,1998-07-24,867576
1998-06-30,50,1998-07-27,867576
1998-06-30,50,1998-07-28,867576
1998-06-30,50,1998-07-29,867576
1998-06-30,100,1998-07-01,867576
1998-06-30,100,1998-07-02,867576
1998-06-30,100,1998-07-06,867576
1998-06-30,100,1998-07-07,867576
1998-06-30,100,1998-07-08,867576
1998-06-30,100,1998-07-09,867576
1998-06-30,100,1998-07-10,867576
1998-06-30,100,1998-07-13,867576
1998-06-30,100,1998-07-14,867576
1998-06-30,100,1998-07-15,867576
1998-06-30,100,1998-07-16,867576
1998-06-30,100,1998-07-17,867576
1998-06-30,100,1998-07-20,867576
1998-06-30,100,1998-07-21,867576
1998-06-30,100,1998-07-22,867576
1998-06-30,100,1998-07-23,867576
1998-06-30,100,1998-07-24,867576
1998-06-30,100,1998-07-27,867576
1998-06-30,100,1998-07-28,867576
1998-06-30,100,1998-07-29,867576
1998-06-30,200,1998-06-30,992065
1998-06-30,200,1998-07-01,867576
1998-06-30,200,1998-07-01,992065
1998-06-30,200,1998-07-02,867576
1998-06-30,200,1998-07-02,992065
1998-06-30,200,1998-07-06,867576
1998-06-30,200,1998-07-06,992065
1998-06-30,200,1998-07-07,867576
1998-06-30,200,1998-07-07,992065
1998-06-30,200,1998-07-08,867576
1998-06-30,200,1998-07-08,992065
1998-06-30,200,1998-07-09,867576
1998-06-30,200,1998-07-09,992065
1998-06-30,200,1998-07-10,867576
1998-06-30,200,1998-07-10,992065
1998-06-30,200,1998-07-13,867576
1998-06-30,200,1998-07-13,992065
1998-06-30,200,1998-07-14,867576
1998-06-30,200,1998-07-14,992065
1998-06-30,200,1998-07-15,867576
1998-06-30,200,1998-07-15,992065
1998-06-30,200,1998-07-16,867576
1998-06-30,200,1998-07-16,992065
1998-06-30,200,1998-07-17,867576
1998-06-30,200,1998-07-17,992065
1998-06-30,200,1998-07-20,867576
1998-06-30,200,1998-07-20,992065
1998-06-30,200,1998-07-21,867576
1998-06-30,200,1998-07-21,992065
1998-06-30,200,1998-07-22,867576
1998-06-30,200,1998-07-22,992065
1998-06-30,200,1998-07-23,867576
1998-06-30,200,1998-07-23,992065
1998-06-30,200,1998-07-24,867576
1998-06-30,200,1998-07-24,992065
1998-06-30,200,1998-07-27,867576
1998-06-30,200,1998-07-27,992065
1998-06-30,200,1998-07-28,867576
1998-06-30,200,1998-07-28,992065
1998-06-30,200,1998-07-29,867576
1998-06-30,200,1998-07-29,992065
1998-07-30,50,1998-07-30,867576
1998-07-30,50,1998-07-31,867576
1998-07-30,50,1998-08-03,867576
1998-07-30,50,1998-08-04,867576
1998-07-30,50,1998-08-05,867576
1998-07-30,50,1998-08-06,867576
1998-07-30,50,1998-08-07,867576
1998-07-30,50,1998-08-10,867576
1998-07-30,50,1998-08-11,867576
1998-07-30,50,1998-08-12,867576
1998-07-30,50,1998-08-13,867576
1998-07-30,50,1998-08-14,867576
1998-07-30,50,1998-08-17,867576
1998-07-30,50,1998-08-18,867576
1998-07-30,50,1998-08-19,867576
1998-07-30,50,1998-08-20,867576
1998-07-30,50,1998-08-21,867576
1998-07-30,50,1998-08-24,867576
1998-07-30,50,1998-08-25,867576
1998-07-30,50,1998-08-26,867576
1998-07-30,50,1998-08-27,867576
1998-07-30,100,1998-07-30,867576
1998-07-30,100,1998-07-31,867576
1998-07-30,100,1998-08-03,867576
1998-07-30,100,1998-08-04,867576
1998-07-30,100,1998-08-05,867576
1998-07-30,100,1998-08-06,867576
1998-07-30,100,1998-08-07,867576
1998-07-30,100,1998-08-10,867576
1998-07-30,100,1998-08-11,867576
1998-07-30,100,1998-08-12,867576
1998-07-30,100,1998-08-13,867576
1998-07-30,100,1998-08-14,867576
1998-07-30,100,1998-08-17,867576
1998-07-30,100,1998-08-18,867576
1998-07-30,100,1998-08-19,867576
1998-07-30,100,1998-08-20,867576
1998-07-30,100,1998-08-21,867576
1998-07-30,100,1998-08-24,867576
1998-07-30,100,1998-08-25,867576
1998-07-30,100,1998-08-26,867576
1998-07-30,100,1998-08-27,867576
1998-07-30,200,1998-07-30,867576
1998-07-30,200,1998-07-31,867576
1998-07-30,200,1998-08-03,867576
1998-07-30,200,1998-08-04,867576
1998-07-30,200,1998-08-05,867576
1998-07-30,200,1998-08-06,867576
1998-07-30,200,1998-08-07,867576
1998-07-30,200,1998-08-10,867576
1998-07-30,200,1998-08-11,867576
1998-07-30,200,1998-08-12,867576
1998-07-30,200,1998-08-13,867576
1998-07-30,200,1998-08-14,867576
1998-07-30,200,1998-08-17,867576
1998-07-30,200,1998-08-18,867576
1998-07-30,200,1998-08-19,867576
1998-07-30,200,1998-08-20,867576
1998-07-30,200,1998-08-21,867576
1998-07-30,200,1998-08-24,867576
1998-07-30,200,1998-08-25,867576
1998-07-30,200,1998-08-26,867576
1998-07-30,200,1998-08-27,867576
1998-07-30,200,1998-08-27,922785
1998-08-28,100,1998-08-28,922785
1998-08-28,100,1998-08-31,922785
1998-08-28,100,1998-09-01,922785
1998-08-28,100,1998-09-02,922785
1998-08-28,100,1998-09-03,922785
1998-08-28,100,1998-09-04,922785
1998-08-28,100,1998-09-08,922785
1998-08-28,100,1998-09-09,922785
1998-08-28,100,1998-09-10,922785
1998-08-28,100,1998-09-11,922785
1998-08-28,100,1998-09-14,922785
1998-08-28,100,1998-09-15,922785
1998-08-28,100,1998-09-16,922785
1998-08-28,100,1998-09-17,922785
1998-08-28,100,1998-09-18,922785
1998-08-28,100,1998-09-21,922785
1998-08-28,100,1998-09-22,922785
1998-08-28,100,1998-09-23,922785
1998-08-28,100,1998-09-24,922785
1998-08-28,100,1998-09-25,922785
1998-08-28,100,1998-09-28,922785
1998-08-28,200,1998-08-28,922785
1998-08-28,200,1998-08-31,922785
1998-08-28,200,1998-09-01,922785
1998-08-28,200,1998-09-02,922785
1998-08-28,200,1998-09-03,922785
1998-08-28,200,1998-09-04,922785
1998-08-28,200,1998-09-08,922785
1998-08-28,200,1998-09-09,922785
1998-08-28,200,1998-09-10,922785
1998-08-28,200,1998-09-11,922785
1998-08-28,200,1998-09-14,922785
1998-08-28,200,1998-09-15,922785
1998-08-28,200,1998-09-16,922785
1998-08-28,200,1998-09-17,922785
1998-08-28,200,1998-09-18,922785
1998-08-28,200,1998-09-21,922785
1998-08-28,200,1998-09-22,922785
1998-08-28,200,1998-09-23,922785
1998-08-28,200,1998-09-24,922785
1998-08-28,200,1998-09-25,922785
1998-08-28,200,1998-09-28,922785
1998-09-29,100,1998-09-29,922785
1998-09-29,100,1998-09-30,922785
1998-09-29,100,1998-10-01,922785
1998-09-29,100,1998-10-02,922785
1998-09-29,100,1998-10-05,922785
1998-09-29,100,1998-10-06,922785
1998-09-29,100,1998-10-07,922785
1998-09-29,100,1998-10-08,922785
1998-09-29,100,1998-10-09,922785
1998-09-29,100,1998-10-12,922785
1998-09-29,100,1998-10-13,922785
1998-09-29,100,1998-10-14,922785
1998-09-29,100,1998-10-15,922785
1998-09-29,100,1998-10-16,922785
1998-09-29,100,1998-10-19,922785
1998-09-29,100,1998-10-20,922785
1998-09-29,100,1998-10-21,922785
1998-09-29,100,1998-10-22,922785
1998-09-29,100,1998-10-23,922785
1998-09-29,100,1998-10-26,923020
1998-09-29,100,1998-10-26,922785
1998-09-29,100,1998-10-27,923020
1998-09-29,100,1998-10-27,922785
1998-09-29,200,1998-09-29,922785
1998-09-29,200,1998-09-30,922785
1998-09-29,200,1998-10-01,922785
1998-09-29,200,1998-10-02,922785
1998-09-29,200,1998-10-05,922785
1998-09-29,200,1998-10-06,922785
1998-09-29,200,1998-10-07,922785
1998-09-29,200,1998-10-08,922785
1998-09-29,200,1998-10-09,922785
1998-09-29,200,1998-10-12,922785
1998-09-29,200,1998-10-13,922785
1998-09-29,200,1998-10-14,922785
1998-09-29,200,1998-10-15,922785
1998-09-29,200,1998-10-16,922785
1998-09-29,200,1998-10-19,922785
1998-09-29,200,1998-10-20,922785
1998-09-29,200,1998-10-21,922785
1998-09-29,200,1998-10-22,922785
1998-09-29,200,1998-10-23,922785
1998-09-29,200,1998-10-26,923020
1998-09-29,200,1998-10-26,922785
1998-09-29,200,1998-10-27,923020
1998-09-29,200,1998-10-27,922785
1998-10-28,50,1998-11-11,902239
1998-10-28,50,1998-11-12,902239
1998-10-28,50,1998-11-13,902239
1998-10-28,50,1998-11-16,902239
1998-10-28,50,1998-11-17,902239
1998-10-28,50,1998-11-18,902239
1998-10-28,50,1998-11-18,902245
1998-10-28,50,1998-11-19,902239
1998-10-28,50,1998-11-19,902245
1998-10-28,50,1998-11-20,902239
1998-10-28,50,1998-11-20,902245
1998-10-28,50,1998-11-23,902239
1998-10-28,50,1998-11-23,902245
1998-10-28,50,1998-11-24,902239
1998-10-28,50,1998-11-24,902245
1998-10-28,50,1998-11-25,902239
1998-10-28,50,1998-11-25,902245
1998-10-28,100,1998-10-28,923020
1998-10-28,100,1998-10-29,923020
1998-10-28,100,1998-10-30,923020
1998-10-28,100,1998-11-02,923020
1998-10-28,100,1998-11-03,923020
1998-10-28,100,1998-11-04,923020
1998-10-28,100,1998-11-05,923020
1998-10-28,100,1998-11-06,923020
1998-10-28,100,1998-11-09,923020
1998-10-28,100,1998-11-10,923020
1998-10-28,100,1998-11-11,902239
1998-10-28,100,1998-11-11,923020
1998-10-28,100,1998-11-12,902239
1998-10-28,100,1998-11-12,923020
1998-10-28,100,1998-11-13,902239
1998-10-28,100,1998-11-13,923020
1998-10-28,100,1998-11-16,902239
1998-10-28,100,1998-11-16,923020
1998-10-28,100,1998-11-17,902239
1998-10-28,100,1998-11-17,923020
1998-10-28,100,1998-11-18,902239
1998-10-28,100,1998-11-18,902245
1998-10-28,100,1998-11-18,923020
1998-10-28,100,1998-11-19,902239
1998-10-28,100,1998-11-19,902245
1998-10-28,100,1998-11-19,923020
1998-10-28,100,1998-11-20,902239
1998-10-28,100,1998-11-20,902245
1998-10-28,100,1998-11-20,923020
1998-10-28,100,1998-11-23,902239
1998-10-28,100,1998-11-23,902245
1998-10-28,100,1998-11-23,923020
1998-10-28,100,1998-11-24,902239
1998-10-28,100,1998-11-24,902245
1998-10-28,100,1998-11-24,923020
1998-10-28,100,1998-11-25,902239
1998-10-28,100,1998-11-25,902245
1998-10-28,100,1998-11-25,923020
1998-10-28,200,1998-10-28,923020
1998-10-28,200,1998-10-29,923020
1998-10-28,200,1998-10-30,923020
1998-10-28,200,1998-11-02,923020
1998-10-28,200,1998-11-03,923020
1998-10-28,200,1998-11-04,923020
1998-10-28,200,1998-11-05,923020
1998-10-28,200,1998-11-06,923020
1998-10-28,200,1998-11-09,923020
1998-10-28,200,1998-11-10,923020
1998-10-28,200,1998-11-11,902239
1998-10-28,200,1998-11-11,923020
1998-10-28,200,1998-11-12,902239
1998-10-28,200,1998-11-12,923020
1998-10-28,200,1998-11-12,905354
1998-10-28,200,1998-11-13,902239
1998-10-28,200,1998-11-13,923020
1998-10-28,200,1998-11-13,905354
1998-10-28,200,1998-11-16,902239
1998-10-28,200,1998-11-16,923020
1998-10-28,200,1998-11-16,905354
1998-10-28,200,1998-11-17,902239
1998-10-28,200,1998-11-17,923020
1998-10-28,200,1998-11-17,905354
1998-10-28,200,1998-11-18,902239
1998-10-28,200,1998-11-18,902245
1998-10-28,200,1998-11-18,923020
1998-10-28,200,1998-11-18,905354
1998-10-28,200,1998-11-19,902239
1998-10-28,200,1998-11-19,902245
1998-10-28,200,1998-11-19,923020
1998-10-28,200,1998-11-19,905354
1998-10-28,200,1998-11-20,902239
1998-10-28,200,1998-11-20,902245
1998-10-28,200,1998-11-20,923020
1998-10-28,200,1998-11-20,905354
1998-10-28,200,1998-11-23,902239
1998-10-28,200,1998-11-23,902245
1998-10-28,200,1998-11-23,923020
1998-10-28,200,1998-11-23,905354
1998-10-28,200,1998-11-24,902239
1998-10-28,200,1998-11-24,902245
1998-10-28,200,1998-11-24,923020
1998-10-28,200,1998-11-24,905354
1998-10-28,200,1998-11-25,902239
1998-10-28,200,1998-11-25,902245
1998-10-28,200,1998-11-25,923020
1998-10-28,200,1998-11-25,905354
1998-11-27,100,1998-11-27,902239
1998-11-27,100,1998-11-27,902245
1998-11-27,100,1998-11-27,923020
1998-11-27,100,1998-11-30,902239
1998-11-27,100,1998-11-30,902245
1998-11-27,100,1998-11-30,923020
1998-11-27,100,1998-12-01,902239
1998-11-27,100,1998-12-01,902245
1998-11-27,100,1998-12-01,923020
1998-11-27,100,1998-12-02,902239
1998-11-27,100,1998-12-02,902245
1998-11-27,100,1998-12-02,923020
1998-11-27,100,1998-12-03,902239
1998-11-27,100,1998-12-03,902245
1998-11-27,100,1998-12-03,923020
1998-11-27,100,1998-12-04,902239
1998-11-27,100,1998-12-04,902245
1998-11-27,100,1998-12-04,923020
1998-11-27,100,1998-12-07,902239
1998-11-27,100,1998-12-07,902245
1998-11-27,100,1998-12-07,923020
1998-11-27,100,1998-12-08,902239
1998-11-27,100,1998-12-08,902245
1998-11-27,100,1998-12-08,923020
1998-11-27,100,1998-12-09,902239
1998-11-27,100,1998-12-09,902245
1998-11-27,100,1998-12-09,923020
1998-11-27,100,1998-12-10,902239
1998-11-27,100,1998-12-10,902245
1998-11-27,100,1998-12-10,923020
1998-11-27,100,1998-12-11,902239
1998-11-27,100,1998-12-11,902245
1998-11-27,100,1998-12-11,923020
1998-11-27,100,1998-12-14,902239
1998-11-27,100,1998-12-14,902245
1998-11-27,100,1998-12-14,923020
1998-11-27,100,1998-12-14,905083
1998-11-27,100,1998-12-15,902239
1998-11-27,100,1998-12-15,902245
1998-11-27,100,1998-12-15,923020
1998-11-27,100,1998-12-15,905083
1998-11-27,100,1998-12-16,902239
1998-11-27,100,1998-12-16,902245
1998-11-27,100,1998-12-16,923020
1998-11-27,100,1998-12-16,905083
1998-11-27,100,1998-12-17,902239
1998-11-27,100,1998-12-17,902245
1998-11-27,100,1998-12-17,923020
1998-11-27,100,1998-12-17,905083
1998-11-27,100,1998-12-18,902239
1998-11-27,100,1998-12-18,902245
1998-11-27,100,1998-12-18,923020
1998-11-27,100,1998-12-18,905083
1998-11-27,100,1998-12-21,902239
1998-11-27,100,1998-12-21,902245
1998-11-27,100,1998-12-21,923020
1998-11-27,100,1998-12-21,905083
1998-11-27,100,1998-12-22,902239
1998-11-27,100,1998-12-22,902245
1998-11-27,100,1998-12-22,923020
1998-11-27,100,1998-12-22,905083
1998-11-27,100,1998-12-23,902239
1998-11-27,100,1998-12-23,902245
1998-11-27,100,1998-12-23,923020
1998-11-27,100,1998-12-23,905083
1998-11-27,100,1998-12-24,902239
1998-11-27,100,1998-12-24,902245
1998-11-27,100,1998-12-24,923020
1998-11-27,100,1998-12-24,905083
1998-11-27,100,1998-12-24,904803
1998-11-27,100,1998-12-28,902239
1998-11-27,100,1998-12-28,902245
1998-11-27,100,1998-12-28,923020
1998-11-27,100,1998-12-28,905083
1998-11-27,100,1998-12-28,904803
1998-11-27,200,1998-11-27,902239
1998-11-27,200,1998-11-27,902245
1998-11-27,200,1998-11-27,923020
1998-11-27,200,1998-11-27,905354
1998-11-27,200,1998-11-30,902239
1998-11-27,200,1998-11-30,902245
1998-11-27,200,1998-11-30,923020
1998-11-27,200,1998-11-30,905354
1998-11-27,200,1998-12-01,902239
1998-11-27,200,1998-12-01,902245
1998-11-27,200,1998-12-01,923020
1998-11-27,200,1998-12-01,905354
1998-11-27,200,1998-12-02,902239
1998-11-27,200,1998-12-02,902245
1998-11-27,200,1998-12-02,923020
1998-11-27,200,1998-12-02,905354
1998-11-27,200,1998-12-03,902239
1998-11-27,200,1998-12-03,902245
1998-11-27,200,1998-12-03,923020
1998-11-27,200,1998-12-03,905354
1998-11-27,200,1998-12-04,902239
1998-11-27,200,1998-12-04,902245
1998-11-27,200,1998-12-04,923020
1998-11-27,200,1998-12-04,905354
1998-11-27,200,1998-12-07,902239
1998-11-27,200,1998-12-07,902245
1998-11-27,200,1998-12-07,923020
1998-11-27,200,1998-12-07,905354
1998-11-27,200,1998-12-08,902239
1998-11-27,200,1998-12-08,902245
1998-11-27,200,1998-12-08,923020
1998-11-27,200,1998-12-08,905354
1998-11-27,200,1998-12-09,902239
1998-11-27,200,1998-12-09,902245
1998-11-27,200,1998-12-09,923020
1998-11-27,200,1998-12-09,905354
1998-11-27,200,1998-12-10,902239
1998-11-27,200,1998-12-10,902245
1998-11-27,200,1998-12-10,923020
1998-11-27,200,1998-12-10,905354
1998-11-27,200,1998-12-11,902239
1998-11-27,200,1998-12-11,902245
1998-11-27,200,1998-12-11,923020
1998-11-27,200,1998-12-11,905354
1998-11-27,200,1998-12-14,902239
1998-11-27,200,1998-12-14,902245
1998-11-27,200,1998-12-14,923020
1998-11-27,200,1998-12-14,905083
1998-11-27,200,1998-12-14,905354
1998-11-27,200,1998-12-15,902239
1998-11-27,200,1998-12-15,902245
1998-11-27,200,1998-12-15,923020
1998-11-27,200,1998-12-15,905083
1998-11-27,200,1998-12-15,905354
1998-11-27,200,1998-12-16,902239
1998-11-27,200,1998-12-16,902245
1998-11-27,200,1998-12-16,923020
1998-11-27,200,1998-12-16,905083
1998-11-27,200,1998-12-16,905354
1998-11-27,200,1998-12-17,902239
1998-11-27,200,1998-12-17,902245
1998-11-27,200,1998-12-17,923020
1998-11-27,200,1998-12-17,905083
1998-11-27,200,1998-12-17,905354
1998-11-27,200,1998-12-18,902239
1998-11-27,200,1998-12-18,902245
1998-11-27,200,1998-12-18,923020
1998-11-27,200,1998-12-18,905083
1998-11-27,200,1998-12-18,905354
1998-11-27,200,1998-12-21,902239
1998-11-27,200,1998-12-21,902245
1998-11-27,200,1998-12-21,923020
1998-11-27,200,1998-12-21,905083
1998-11-27,200,1998-12-21,905354
1998-11-27,200,1998-12-22,902239
1998-11-27,200,1998-12-22,902245
1998-11-27,200,1998-12-22,923020
1998-11-27,200,1998-12-22,905083
1998-11-27,200,1998-12-22,905354
1998-11-27,200,1998-12-23,902239
1998-11-27,200,1998-12-23,902245
1998-11-27,200,1998-12-23,923020
1998-11-27,200,1998-12-23,905083
1998-11-27,200,1998-12-23,905354
1998-11-27,200,1998-12-24,902239
1998-11-27,200,1998-12-24,902245
1998-11-27,200,1998-12-24,923020
1998-11-27,200,1998-12-24,905083
1998-11-27,200,1998-12-24,904803
1998-11-27,200,1998-12-24,905354
1998-11-27,200,1998-12-28,902239
1998-11-27,200,1998-12-28,902245
1998-11-27,200,1998-12-28,923020
1998-11-27,200,1998-12-28,905083
1998-11-27,200,1998-12-28,904803
1998-11-27,200,1998-12-28,905354
1998-12-29,100,1998-12-29,905083
1998-12-29,100,1998-12-29,904803
1998-12-29,100,1998-12-30,905083
1998-12-29,100,1998-12-30,904803
1998-12-29,100,1998-12-31,905083
1998-12-29,100,1998-12-31,904803
1998-12-29,100,1999-01-04,905083
1998-12-29,100,1999-01-04,904803
1998-12-29,100,1999-01-05,905083
1998-12-29,100,1999-01-05,904803
1998-12-29,100,1999-01-06,905083
1998-12-29,100,1999-01-06,904803
1998-12-29,100,1999-01-07,905083
1998-12-29,100,1999-01-07,904803
1998-12-29,100,1999-01-08,905083
1998-12-29,100,1999-01-08,904803
1998-12-29,100,1999-01-11,905083
1998-12-29,100,1999-01-11,904803
1998-12-29,100,1999-01-12,905083
1998-12-29,100,1999-01-12,904803
1998-12-29,100,1999-01-13,905083
1998-12-29,100,1999-01-13,904803
1998-12-29,100,1999-01-14,905083
1998-12-29,100,1999-01-14,904803
1998-12-29,100,1999-01-15,905083
1998-12-29,100,1999-01-15,904803
1998-12-29,100,1999-01-19,905083
1998-12-29,100,1999-01-19,904803
1998-12-29,100,1999-01-20,905083
1998-12-29,100,1999-01-20,904803
1998-12-29,100,1999-01-21,905083
1998-12-29,100,1999-01-21,904803
1998-12-29,100,1999-01-22,905083
1998-12-29,100,1999-01-22,904803
1998-12-29,100,1999-01-25,905083
1998-12-29,100,1999-01-25,904803
1998-12-29,100,1999-01-26,905083
1998-12-29,100,1999-01-26,904803
1998-12-29,100,1999-01-27,905083
1998-12-29,100,1999-01-27,904803
1998-12-29,100,1999-01-28,905083
1998-12-29,100,1999-01-28,904803
1998-12-29,200,1998-12-29,905083
1998-12-29,200,1998-12-29,904803
1998-12-29,200,1998-12-30,905083
1998-12-29,200,1998-12-30,904803
1998-12-29,200,1998-12-31,905083
1998-12-29,200,1998-12-31,904803
1998-12-29,200,1999-01-04,905083
1998-12-29,200,1999-01-04,904803
1998-12-29,200,1999-01-05,905083
1998-12-29,200,1999-01-05,904803
1998-12-29,200,1999-01-06,905083
1998-12-29,200,1999-01-06,904803
1998-12-29,200,1999-01-07,905083
1998-12-29,200,1999-01-07,904803
1998-12-29,200,1999-01-08,905083
1998-12-29,200,1999-01-08,904803
1998-12-29,200,1999-01-11,905083
1998-12-29,200,1999-01-11,904803
1998-12-29,200,1999-01-12,905083
1998-12-29,200,1999-01-12,904803
1998-12-29,200,1999-01-13,905083
1998-12-29,200,1999-01-13,904803
1998-12-29,200,1999-01-14,905083
1998-12-29,200,1999-01-14,904803
1998-12-29,200,1999-01-15,905083
1998-12-29,200,1999-01-15,904803
1998-12-29,200,1999-01-19,905083
1998-12-29,200,1999-01-19,904803
1998-12-29,200,1999-01-20,905083
1998-12-29,200,1999-01-20,904803
1998-12-29,200,1999-01-21,905083
1998-12-29,200,1999-01-21,904803
1998-12-29,200,1999-01-22,905083
1998-12-29,200,1999-01-22,904803
1998-12-29,200,1999-01-25,905083
1998-12-29,200,1999-01-25,904803
1998-12-29,200,1999-01-26,905083
1998-12-29,200,1999-01-26,904803
1998-12-29,200,1999-01-27,905083
1998-12-29,200,1999-01-27,904803
1998-12-29,200,1999-01-28,905083
1998-12-29,200,1999-01-28,904803
1999-01-29,50,1999-02-11,905420
1999-01-29,50,1999-02-12,905420
1999-01-29,50,1999-02-16,905420
1999-01-29,50,1999-02-17,905420
1999-01-29,50,1999-02-18,905420
1999-01-29,50,1999-02-19,905420
1999-01-29,50,1999-02-22,905420
1999-01-29,50,1999-02-23,905420
1999-01-29,50,1999-02-24,905420
1999-01-29,50,1999-02-25,905420
1999-01-29,50,1999-02-26,905420
1999-01-29,50,1999-03-01,905420
1999-01-29,100,1999-01-29,904803
1999-01-29,100,1999-02-01,904803
1999-01-29,100,1999-02-02,904803
1999-01-29,100,1999-02-03,904803
1999-01-29,100,1999-02-04,904803
1999-01-29,100,1999-02-05,904803
1999-01-29,100,1999-02-08,904803
1999-01-29,100,1999-02-09,904803
1999-01-29,100,1999-02-10,904803
1999-01-29,100,1999-02-11,905420
1999-01-29,100,1999-02-11,904803
1999-01-29,100,1999-02-12,905420
1999-01-29,100,1999-02-12,904803
1999-01-29,100,1999-02-16,905420
1999-01-29,100,1999-02-16,904803
1999-01-29,100,1999-02-17,905420
1999-01-29,100,1999-02-17,904803
1999-01-29,100,1999-02-18,905420
1999-01-29,100,1999-02-18,904803
1999-01-29,100,1999-02-19,905420
1999-01-29,100,1999-02-19,904803
1999-01-29,100,1999-02-22,905420
1999-01-29,100,1999-02-22,904803
1999-01-29,100,1999-02-23,905420
1999-01-29,100,1999-02-23,904803
1999-01-29,100,1999-02-24,905420
1999-01-29,100,1999-02-24,904803
1999-01-29,100,1999-02-25,905420
1999-01-29,100,1999-02-25,904803
1999-01-29,100,1999-02-26,905420
1999-01-29,100,1999-02-26,904803
1999-01-29,100,1999-03-01,905420
1999-01-29,100,1999-03-01,904803
1999-01-29,200,1999-01-29,904803
1999-01-29,200,1999-02-01,904803
1999-01-29,200,1999-02-02,904803
1999-01-29,200,1999-02-02,912223
1999-01-29,200,1999-02-03,904803
1999-01-29,200,1999-02-03,912223
1999-01-29,200,1999-02-04,904803
1999-01-29,200,1999-02-04,912223
1999-01-29,200,1999-02-05,904803
1999-01-29,200,1999-02-05,912223
1999-01-29,200,1999-02-08,904803
1999-01-29,200,1999-02-08,912223
1999-01-29,200,1999-02-09,904803
1999-01-29,200,1999-02-09,912223
1999-01-29,200,1999-02-10,904803
1999-01-29,200,1999-02-10,912223
1999-01-29,200,1999-02-11,905420
1999-01-29,200,1999-02-11,904803
1999-01-29,200,1999-02-11,912367
1999-01-29,200,1999-02-11,912223
1999-01-29,200,1999-02-12,905420
1999-01-29,200,1999-02-12,904803
1999-01-29,200,1999-02-12,912367
1999-01-29,200,1999-02-12,912223
1999-01-29,200,1999-02-16,905420
1999-01-29,200,1999-02-16,904803
1999-01-29,200,1999-02-16,912367
1999-01-29,200,1999-02-16,912223
1999-01-29,200,1999-02-17,905420
1999-01-29,200,1999-02-17,904803
1999-01-29,200,1999-02-17,912367
1999-01-29,200,1999-02-17,912223
1999-01-29,200,1999-02-18,905420
1999-01-29,200,1999-02-18,904803
1999-01-29,200,1999-02-18,912367
1999-01-29,200,1999-02-18,912223
1999-01-29,200,1999-02-19,905420
1999-01-29,200,1999-02-19,904803
1999-01-29,200,1999-02-19,912367
1999-01-29,200,1999-02-19,912223
1999-01-29,200,1999-02-22,905420
1999-01-29,200,1999-02-22,904803
1999-01-29,200,1999-02-22,912367
1999-01-29,200,1999-02-22,912223
1999-01-29,200,1999-02-23,905420
1999-01-29,200,1999-02-23,904803
1999-01-29,200,1999-02-23,912367
1999-01-29,200,1999-02-23,912223
1999-01-29,200,1999-02-23,997635
1999-01-29,200,1999-02-24,905420
1999-01-29,200,1999-02-24,904803
1999-01-29,200,1999-02-24,912367
1999-01-29,200,1999-02-24,912223
1999-01-29,200,1999-02-24,997635
1999-01-29,200,1999-02-25,905420
1999-01-29,200,1999-02-25,904803
1999-01-29,200,1999-02-25,912367
1999-01-29,200,1999-02-25,912223
1999-01-29,200,1999-02-25,997635
1999-01-29,200,1999-02-26,905420
1999-01-29,200,1999-02-26,904803
1999-01-29,200,1999-02-26,912367
1999-01-29,200,1999-02-26,912223
1999-01-29,200,1999-02-26,997635
1999-01-29,200,1999-03-01,905420
1999-01-29,200,1999-03-01,904803
1999-01-29,200,1999-03-01,912367
1999-01-29,200,1999-03-01,912223
1999-01-29,200,1999-03-01,997635
1999-03-02,50,1999-03-02,905420
1999-03-02,50,1999-03-03,905420
1999-03-02,50,1999-03-04,905420
1999-03-02,50,1999-03-05,905420
1999-03-02,50,1999-03-08,905420
1999-03-02,50,1999-03-09,905420
1999-03-02,50,1999-03-10,905420
1999-03-02,50,1999-03-11,905420
1999-03-02,50,1999-03-12,905420
1999-03-02,50,1999-03-15,905420
1999-03-02,50,1999-03-16,905420
1999-03-02,50,1999-03-17,905420
1999-03-02,50,1999-03-18,905420
1999-03-02,50,1999-03-19,905420
1999-03-02,50,1999-03-22,905420
1999-03-02,50,1999-03-23,905420
1999-03-02,50,1999-03-24,905420
1999-03-02,50,1999-03-25,905420
1999-03-02,50,1999-03-26,905420
1999-03-02,50,1999-03-29,905420
1999-03-02,50,1999-03-30,905420
1999-03-02,100,1999-03-02,905420
1999-03-02,100,1999-03-03,905420
1999-03-02,100,1999-03-04,905420
1999-03-02,100,1999-03-05,905420
1999-03-02,100,1999-03-08,905420
1999-03-02,100,1999-03-09,905420
1999-03-02,100,1999-03-10,905420
1999-03-02,100,1999-03-11,905420
1999-03-02,100,1999-03-12,905420
1999-03-02,100,1999-03-15,905420
1999-03-02,100,1999-03-16,905420
1999-03-02,100,1999-03-17,905420
1999-03-02,100,1999-03-18,905420
1999-03-02,100,1999-03-19,905420
1999-03-02,100,1999-03-22,905420
1999-03-02,100,1999-03-23,905420
1999-03-02,100,1999-03-24,905420
1999-03-02,100,1999-03-25,905420
1999-03-02,100,1999-03-26,905420
1999-03-02,100,1999-03-29,905420
1999-03-02,100,1999-03-30,905420
1999-03-02,200,1999-03-02,905420
1999-03-02,200,1999-03-02,912367
1999-03-02,200,1999-03-02,912223
1999-03-02,200,1999-03-02,997635
1999-03-02,200,1999-03-03,905420
1999-03-02,200,1999-03-03,912367
1999-03-02,200,1999-03-03,912223
1999-03-02,200,1999-03-03,997635
1999-03-02,200,1999-03-04,905420
1999-03-02,200,1999-03-04,912367
1999-03-02,200,1999-03-04,912223
1999-03-02,200,1999-03-04,997635
1999-03-02,200,1999-03-05,905420
1999-03-02,200,1999-03-05,912367
1999-03-02,200,1999-03-05,912223
1999-03-02,200,1999-03-05,997635
1999-03-02,200,1999-03-08,905420
1999-03-02,200,1999-03-08,912367
1999-03-02,200,1999-03-08,912223
1999-03-02,200,1999-03-08,997635
1999-03-02,200,1999-03-09,905420
1999-03-02,200,1999-03-09,912367
1999-03-02,200,1999-03-09,912223
1999-03-02,200,1999-03-09,997635
1999-03-02,200,1999-03-10,905420
1999-03-02,200,1999-03-10,912367
1999-03-02,200,1999-03-10,912223
1999-03-02,200,1999-03-10,997635
1999-03-02,200,1999-03-11,905420
1999-03-02,200,1999-03-11,912367
1999-03-02,200,1999-03-11,912223
1999-03-02,200,1999-03-11,997635
1999-03-02,200,1999-03-12,905420
1999-03-02,200,1999-03-12,912367
1999-03-02,200,1999-03-12,912223
1999-03-02,200,1999-03-12,997635
1999-03-02,200,1999-03-15,905420
1999-03-02,200,1999-03-15,912367
1999-03-02,200,1999-03-15,912223
1999-03-02,200,1999-03-15,997635
1999-03-02,200,1999-03-16,905420
1999-03-02,200,1999-03-16,912367
1999-03-02,200,1999-03-16,912223
1999-03-02,200,1999-03-16,997635
1999-03-02,200,1999-03-17,905420
1999-03-02,200,1999-03-17,912367
1999-03-02,200,1999-03-17,912223
1999-03-02,200,1999-03-17,997635
1999-03-02,200,1999-03-18,905420
1999-03-02,200,1999-03-18,912367
1999-03-02,200,1999-03-18,912223
1999-03-02,200,1999-03-18,997635
1999-03-02,200,1999-03-19,905420
1999-03-02,200,1999-03-19,912367
1999-03-02,200,1999-03-19,912223
1999-03-02,200,1999-03-19,997635
1999-03-02,200,1999-03-22,905420
1999-03-02,200,1999-03-22,912367
1999-03-02,200,1999-03-22,912223
1999-03-02,200,1999-03-22,997635
1999-03-02,200,1999-03-23,905420
1999-03-02,200,1999-03-23,912367
1999-03-02,200,1999-03-23,912223
1999-03-02,200,1999-03-23,997635
1999-03-02,200,1999-03-24,905420
1999-03-02,200,1999-03-24,912367
1999-03-02,200,1999-03-24,912223
1999-03-02,200,1999-03-24,997635
1999-03-02,200,1999-03-25,905420
1999-03-02,200,1999-03-25,912367
1999-03-02,200,1999-03-25,912223
1999-03-02,200,1999-03-25,997635
1999-03-02,200,1999-03-26,905420
1999-03-02,200,1999-03-26,912367
1999-03-02,200,1999-03-26,912223
1999-03-02,200,1999-03-26,997635
1999-03-02,200,1999-03-29,905420
1999-03-02,200,1999-03-29,912367
1999-03-02,200,1999-03-29,912223
1999-03-02,200,1999-03-29,997635
1999-03-02,200,1999-03-30,905420
1999-03-02,200,1999-03-30,912367
1999-03-02,200,1999-03-30,912223
1999-03-02,200,1999-03-30,997635
1999-03-31,100,1999-04-20,951574
1999-03-31,100,1999-04-21,951574
1999-03-31,100,1999-04-22,951574
1999-03-31,100,1999-04-23,951574
1999-03-31,100,1999-04-26,951574
1999-03-31,100,1999-04-27,951574
1999-03-31,100,1999-04-28,951574
1999-03-31,100,1999-04-29,951574
1999-03-31,200,1999-04-20,951574
1999-03-31,200,1999-04-21,951574
1999-03-31,200,1999-04-22,951574
1999-03-31,200,1999-04-23,951574
1999-03-31,200,1999-04-26,951574
1999-03-31,200,1999-04-27,951574
1999-03-31,200,1999-04-28,951574
1999-03-31,200,1999-04-28,362666
1999-03-31,200,1999-04-29,951574
1999-03-31,200,1999-04-29,362666
1999-04-30,100,1999-04-30,951574
1999-04-30,100,1999-05-03,951574
1999-04-30,100,1999-05-04,951574
1999-04-30,100,1999-05-05,951574
1999-04-30,100,1999-05-06,951574
1999-04-30,100,1999-05-07,951574
1999-04-30,100,1999-05-10,951574
1999-04-30,100,1999-05-11,951574
1999-04-30,100,1999-05-12,951574
1999-04-30,100,1999-05-13,951574
1999-04-30,100,1999-05-14,951574
1999-04-30,100,1999-05-17,951574
1999-04-30,100,1999-05-18,951574
1999-04-30,100,1999-05-19,951574
1999-04-30,100,1999-05-20,951574
1999-04-30,100,1999-05-21,951574
1999-04-30,100,1999-05-24,951574
1999-04-30,100,1999-05-25,951574
1999-04-30,100,1999-05-26,951574
1999-04-30,100,1999-05-27,951574
1999-04-30,100,1999-05-28,951574
1999-04-30,200,1999-04-30,951574
1999-04-30,200,1999-05-03,951574
1999-04-30,200,1999-05-04,951574
1999-04-30,200,1999-05-05,951574
1999-04-30,200,1999-05-06,951574
1999-04-30,200,1999-05-07,951574
1999-04-30,200,1999-05-10,951574
1999-04-30,200,1999-05-11,951574
1999-04-30,200,1999-05-12,951574
1999-04-30,200,1999-05-13,951574
1999-04-30,200,1999-05-13,905270
1999-04-30,200,1999-05-14,951574
1999-04-30,200,1999-05-14,905270
1999-04-30,200,1999-05-17,951574
1999-04-30,200,1999-05-17,905270
1999-04-30,200,1999-05-18,951574
1999-04-30,200,1999-05-18,905270
1999-04-30,200,1999-05-19,951574
1999-04-30,200,1999-05-19,905270
1999-04-30,200,1999-05-20,951574
1999-04-30,200,1999-05-20,905270
1999-04-30,200,1999-05-21,951574
1999-04-30,200,1999-05-21,905270
1999-04-30,200,1999-05-24,951574
1999-04-30,200,1999-05-24,905270
1999-04-30,200,1999-05-25,951574
1999-04-30,200,1999-05-25,905270
1999-04-30,200,1999-05-26,951574
1999-04-30,200,1999-05-26,905270
1999-04-30,200,1999-05-27,951574
1999-04-30,200,1999-05-27,905270
1999-04-30,200,1999-05-28,951574
1999-04-30,200,1999-05-28,905270
1999-06-01,200,1999-06-01,905270
1999-06-01,200,1999-06-02,905270
1999-06-01,200,1999-06-03,905270
1999-06-01,200,1999-06-04,905270
1999-06-01,200,1999-06-07,905270
1999-06-01,200,1999-06-08,905270
1999-06-01,200,1999-06-09,905270
1999-06-01,200,1999-06-10,905270
1999-06-01,200,1999-06-11,905270
1999-06-01,200,1999-06-14,905270
1999-06-01,200,1999-06-15,905270
1999-06-01,200,1999-06-16,905270
1999-06-01,200,1999-06-17,905270
1999-06-01,200,1999-06-18,905270
1999-06-01,200,1999-06-21,905270
1999-06-01,200,1999-06-22,905270
1999-06-01,200,1999-06-23,905270
1999-06-01,200,1999-06-24,905270
1999-06-01,200,1999-06-25,905270
1999-06-01,200,1999-06-28,905270
1999-06-01,200,1999-06-29,905270
1999-07-30,50,1999-08-10,357699
1999-07-30,50,1999-08-11,357699
1999-07-30,50,1999-08-12,357699
1999-07-30,50,1999-08-13,357699
1999-07-30,50,1999-08-16,357699
1999-07-30,50,1999-08-17,357699
1999-07-30,50,1999-08-18,357699
1999-07-30,50,1999-08-19,357699
1999-07-30,50,1999-08-20,357699
1999-07-30,50,1999-08-23,357699
1999-07-30,50,1999-08-24,357699
1999-07-30,50,1999-08-25,357699
1999-07-30,50,1999-08-26,357699
1999-07-30,50,1999-08-27,357699
1999-07-30,100,1999-08-10,357699
1999-07-30,100,1999-08-11,357699
1999-07-30,100,1999-08-12,357699
1999-07-30,100,1999-08-13,357699
1999-07-30,100,1999-08-16,357699
1999-07-30,100,1999-08-17,357699
1999-07-30,100,1999-08-18,357699
1999-07-30,100,1999-08-19,357699
1999-07-30,100,1999-08-20,357699
1999-07-30,100,1999-08-23,357699
1999-07-30,100,1999-08-24,357699
1999-07-30,100,1999-08-25,357699
1999-07-30,100,1999-08-26,357699
1999-07-30,100,1999-08-27,357699
1999-07-30,200,1999-08-06,131627
1999-07-30,200,1999-08-09,131627
1999-07-30,200,1999-08-10,357699
1999-07-30,200,1999-08-10,131627
1999-07-30,200,1999-08-11,357699
1999-07-30,200,1999-08-11,131627
1999-07-30,200,1999-08-12,357699
1999-07-30,200,1999-08-12,131627
1999-07-30,200,1999-08-13,357699
1999-07-30,200,1999-08-13,131627
1999-07-30,200,1999-08-16,357699
1999-07-30,200,1999-08-16,131627
1999-07-30,200,1999-08-17,357699
1999-07-30,200,1999-08-17,131627
1999-07-30,200,1999-08-18,357699
1999-07-30,200,1999-08-18,131627
1999-07-30,200,1999-08-19,357699
1999-07-30,200,1999-08-19,131627
1999-07-30,200,1999-08-20,357699
1999-07-30,200,1999-08-20,131627
1999-07-30,200,1999-08-23,357699
1999-07-30,200,1999-08-23,131627
1999-07-30,200,1999-08-24,357699
1999-07-30,200,1999-08-24,131627
1999-07-30,200,1999-08-25,357699
1999-07-30,200,1999-08-25,131627
1999-07-30,200,1999-08-26,357699
1999-07-30,200,1999-08-26,131627
1999-07-30,200,1999-08-27,357699
1999-07-30,200,1999-08-27,131627
1999-08-30,50,1999-08-30,357699
1999-08-30,50,1999-08-31,357699
1999-08-30,50,1999-09-01,357699
1999-08-30,50,1999-09-02,357699
1999-08-30,50,1999-09-03,357699
1999-08-30,50,1999-09-07,357699
1999-08-30,50,1999-09-08,357699
1999-08-30,50,1999-09-09,357699
1999-08-30,50,1999-09-10,357699
1999-08-30,50,1999-09-13,357699
1999-08-30,50,1999-09-14,357699
1999-08-30,50,1999-09-15,357699
1999-08-30,50,1999-09-16,357699
1999-08-30,50,1999-09-17,357699
1999-08-30,50,1999-09-20,357699
1999-08-30,50,1999-09-21,357699
1999-08-30,50,1999-09-22,357699
1999-08-30,50,1999-09-23,357699
1999-08-30,50,1999-09-24,357699
1999-08-30,50,1999-09-27,357699
1999-08-30,50,1999-09-28,357699
1999-08-30,100,1999-08-30,357699
1999-08-30,100,1999-08-31,357699
1999-08-30,100,1999-09-01,357699
1999-08-30,100,1999-09-02,357699
1999-08-30,100,1999-09-03,357699
1999-08-30,100,1999-09-07,357699
1999-08-30,100,1999-09-08,357699
1999-08-30,100,1999-09-09,357699
1999-08-30,100,1999-09-10,357699
1999-08-30,100,1999-09-13,357699
1999-08-30,100,1999-09-14,357699
1999-08-30,100,1999-09-15,357699
1999-08-30,100,1999-09-16,357699
1999-08-30,100,1999-09-17,357699
1999-08-30,100,1999-09-20,357699
1999-08-30,100,1999-09-21,357699
1999-08-30,100,1999-09-22,357699
1999-08-30,100,1999-09-23,357699
1999-08-30,100,1999-09-24,357699
1999-08-30,100,1999-09-27,357699
1999-08-30,100,1999-09-28,357699
1999-08-30,200,1999-08-30,357699
1999-08-30,200,1999-08-30,131627
1999-08-30,200,1999-08-31,357699
1999-08-30,200,1999-08-31,131627
1999-08-30,200,1999-09-01,357699
1999-08-30,200,1999-09-01,131627
1999-08-30,200,1999-09-02,357699
1999-08-30,200,1999-09-02,131627
1999-08-30,200,1999-09-03,357699
1999-08-30,200,1999-09-03,131627
1999-08-30,200,1999-09-07,357699
1999-08-30,200,1999-09-07,131627
1999-08-30,200,1999-09-08,357699
1999-08-30,200,1999-09-08,131627
1999-08-30,200,1999-09-09,357699
1999-08-30,200,1999-09-09,131627
1999-08-30,200,1999-09-10,357699
1999-08-30,200,1999-09-10,131627
1999-08-30,200,1999-09-13,357699
1999-08-30,200,1999-09-13,131627
1999-08-30,200,1999-09-14,357699
1999-08-30,200,1999-09-14,131627
1999-08-30,200,1999-09-15,357699
1999-08-30,200,1999-09-15,131627
1999-08-30,200,1999-09-16,357699
1999-08-30,200,1999-09-16,131627
1999-08-30,200,1999-09-17,357699
1999-08-30,200,1999-09-17,131627
1999-08-30,200,1999-09-20,357699
1999-08-30,200,1999-09-20,131627
1999-08-30,200,1999-09-21,357699
1999-08-30,200,1999-09-21,131627
1999-08-30,200,1999-09-22,357699
1999-08-30,200,1999-09-22,131627
1999-08-30,200,1999-09-23,357699
1999-08-30,200,1999-09-23,131627
1999-08-30,200,1999-09-24,357699
1999-08-30,200,1999-09-24,131627
1999-08-30,200,1999-09-27,357699
1999-08-30,200,1999-09-27,131627
1999-08-30,200,1999-09-28,357699
1999-08-30,200,1999-09-28,131627
1999-09-29,100,1999-10-08,54060C
1999-09-29,100,1999-10-08,777257
1999-09-29,100,1999-10-11,54060C
1999-09-29,100,1999-10-11,777257
1999-09-29,200,1999-10-08,54060C
1999-09-29,200,1999-10-08,777257
1999-09-29,200,1999-10-11,54060C
1999-09-29,200,1999-10-11,777257
1999-10-28,50,1999-11-19,945383
1999-10-28,50,1999-11-22,945383
1999-10-28,50,1999-11-23,945383
1999-10-28,50,1999-11-24,945383
1999-10-28,50,1999-11-26,945383
1999-10-28,100,1999-10-28,54060C
1999-10-28,100,1999-10-28,777257
1999-10-28,100,1999-11-19,945383
1999-10-28,100,1999-11-22,945383
1999-10-28,100,1999-11-23,945383
1999-10-28,100,1999-11-24,945383
1999-10-28,100,1999-11-26,945383
1999-10-28,200,1999-10-28,54060C
1999-10-28,200,1999-10-28,777257
1999-10-28,200,1999-11-11,902173
1999-10-28,200,1999-11-12,902173
1999-10-28,200,1999-11-15,902173
1999-10-28,200,1999-11-16,902173
1999-10-28,200,1999-11-17,902173
1999-10-28,200,1999-11-18,902173
1999-10-28,200,1999-11-19,945383
1999-10-28,200,1999-11-19,902173
1999-10-28,200,1999-11-22,945383
1999-10-28,200,1999-11-22,902173
1999-10-28,200,1999-11-23,945383
1999-10-28,200,1999-11-23,902173
1999-10-28,200,1999-11-24,945383
1999-10-28,200,1999-11-24,902173
1999-10-28,200,1999-11-26,945383
1999-10-28,200,1999-11-26,902173
1999-11-29,50,1999-11-29,945383
1999-11-29,50,1999-11-30,945383
1999-11-29,50,1999-12-01,945383
1999-11-29,50,1999-12-02,945383
1999-11-29,50,1999-12-03,945383
1999-11-29,50,1999-12-06,945383
1999-11-29,50,1999-12-07,945383
1999-11-29,50,1999-12-08,945383
1999-11-29,50,1999-12-09,945383
1999-11-29,50,1999-12-10,945383
1999-11-29,50,1999-12-13,945383
1999-11-29,50,1999-12-14,945383
1999-11-29,50,1999-12-15,945383
1999-11-29,50,1999-12-16,945383
1999-11-29,50,1999-12-17,945383
1999-11-29,50,1999-12-20,945383
1999-11-29,50,1999-12-21,945383
1999-11-29,50,1999-12-22,945383
1999-11-29,50,1999-12-23,945383
1999-11-29,50,1999-12-27,945383
1999-11-29,50,1999-12-28,945383
1999-11-29,100,1999-11-29,945383
1999-11-29,100,1999-11-30,945383
1999-11-29,100,1999-12-01,945383
1999-11-29,100,1999-12-02,945383
1999-11-29,100,1999-12-03,945383
1999-11-29,100,1999-12-06,945383
1999-11-29,100,1999-12-07,945383
1999-11-29,100,1999-12-08,945383
1999-11-29,100,1999-12-09,945383
1999-11-29,100,1999-12-10,945383
1999-11-29,100,1999-12-13,945383
1999-11-29,100,1999-12-14,945383
1999-11-29,100,1999-12-15,945383
1999-11-29,100,1999-12-16,945383
1999-11-29,100,1999-12-17,945383
1999-11-29,100,1999-12-20,945383
1999-11-29,100,1999-12-21,945383
1999-11-29,100,1999-12-22,945383
1999-11-29,100,1999-12-23,945383
1999-11-29,100,1999-12-27,945383
1999-11-29,100,1999-12-28,945383
1999-11-29,200,1999-11-29,945383
1999-11-29,200,1999-11-29,902173
1999-11-29,200,1999-11-30,945383
1999-11-29,200,1999-11-30,902173
1999-11-29,200,1999-12-01,945383
1999-11-29,200,1999-12-01,902173
1999-11-29,200,1999-12-02,945383
1999-11-29,200,1999-12-02,902173
1999-11-29,200,1999-12-03,945383
1999-11-29,200,1999-12-03,902173
1999-11-29,200,1999-12-06,945383
1999-11-29,200,1999-12-06,902173
1999-11-29,200,1999-12-07,945383
1999-11-29,200,1999-12-07,902173
1999-11-29,200,1999-12-08,945383
1999-11-29,200,1999-12-08,902173
1999-11-29,200,1999-12-09,945383
1999-11-29,200,1999-12-09,902173
1999-11-29,200,1999-12-10,945383
1999-11-29,200,1999-12-10,902173
1999-11-29,200,1999-12-13,945383
1999-11-29,200,1999-12-13,902173
1999-11-29,200,1999-12-14,945383
1999-11-29,200,1999-12-14,902173
1999-11-29,200,1999-12-15,945383
1999-11-29,200,1999-12-15,902173
1999-11-29,200,1999-12-16,945383
1999-11-29,200,1999-12-16,902173
1999-11-29,200,1999-12-17,945383
1999-11-29,200,1999-12-17,902173
1999-11-29,200,1999-12-20,945383
1999-11-29,200,1999-12-20,902173
1999-11-29,200,1999-12-21,945383
1999-11-29,200,1999-12-21,902173
1999-11-29,200,1999-12-22,945383
1999-11-29,200,1999-12-22,902173
1999-11-29,200,1999-12-23,945383
1999-11-29,200,1999-12-23,902173
1999-11-29,200,1999-12-27,945383
1999-11-29,200,1999-12-27,902173
1999-11-29,200,1999-12-28,945383
1999-11-29,200,1999-12-28,902173
1999-12-29,50,2000-01-11,906184
1999-12-29,50,2000-01-12,906184
1999-12-29,50,2000-01-13,906184
1999-12-29,50,2000-01-14,906184
1999-12-29,50,2000-01-18,906184
1999-12-29,50,2000-01-19,906184
1999-12-29,50,2000-01-20,906184
1999-12-29,50,2000-01-21,906184
1999-12-29,50,2000-01-24,906184
1999-12-29,50,2000-01-25,906184
1999-12-29,50,2000-01-26,906184
1999-12-29,50,2000-01-27,906184
1999-12-29,100,2000-01-11,906184
1999-12-29,100,2000-01-12,906184
1999-12-29,100,2000-01-13,906184
1999-12-29,100,2000-01-13,54060C
1999-12-29,100,2000-01-13,777257
1999-12-29,100,2000-01-14,906184
1999-12-29,100,2000-01-18,906184
1999-12-29,100,2000-01-19,906184
1999-12-29,100,2000-01-20,906184
1999-12-29,100,2000-01-21,906184
1999-12-29,100,2000-01-24,906184
1999-12-29,100,2000-01-25,906184
1999-12-29,100,2000-01-26,906184
1999-12-29,100,2000-01-27,906184
1999-12-29,200,2000-01-11,906184
1999-12-29,200,2000-01-12,906184
1999-12-29,200,2000-01-12,902197
1999-12-29,200,2000-01-13,906184
1999-12-29,200,2000-01-13,54060C
1999-12-29,200,2000-01-13,777257
1999-12-29,200,2000-01-13,902197
1999-12-29,200,2000-01-14,906184
1999-12-29,200,2000-01-14,902197
1999-12-29,200,2000-01-18,906184
1999-12-29,200,2000-01-18,902197
1999-12-29,200,2000-01-19,906184
1999-12-29,200,2000-01-19,902197
1999-12-29,200,2000-01-20,906184
1999-12-29,200,2000-01-20,902197
1999-12-29,200,2000-01-21,906184
1999-12-29,200,2000-01-21,902197
1999-12-29,200,2000-01-24,906184
1999-12-29,200,2000-01-24,902197
1999-12-29,200,2000-01-25,906184
1999-12-29,200,2000-01-25,902197
1999-12-29,200,2000-01-26,906184
1999-12-29,200,2000-01-26,902197
1999-12-29,200,2000-01-27,906184
1999-12-29,200,2000-01-27,902197
2000-01-28,50,2000-01-28,906184
2000-01-28,50,2000-01-31,906184
2000-01-28,50,2000-02-01,906184
2000-01-28,50,2000-02-02,906184
2000-01-28,50,2000-02-03,906184
2000-01-28,50,2000-02-04,906184
2000-01-28,50,2000-02-07,906184
2000-01-28,50,2000-02-08,906184
2000-01-28,50,2000-02-09,906184
2000-01-28,50,2000-02-10,906184
2000-01-28,50,2000-02-11,906184
2000-01-28,50,2000-02-14,906184
2000-01-28,50,2000-02-15,906184
2000-01-28,50,2000-02-16,906184
2000-01-28,50,2000-02-17,906184
2000-01-28,50,2000-02-18,906184
2000-01-28,50,2000-02-22,906184
2000-01-28,50,2000-02-23,906184
2000-01-28,50,2000-02-24,906184
2000-01-28,50,2000-02-25,906184
2000-01-28,50,2000-02-28,906184
2000-01-28,100,2000-01-28,906184
2000-01-28,100,2000-01-31,906184
2000-01-28,100,2000-02-01,906184
2000-01-28,100,2000-02-02,906184
2000-01-28,100,2000-02-03,906184
2000-01-28,100,2000-02-04,906184
2000-01-28,100,2000-02-07,906184
2000-01-28,100,2000-02-08,906184
2000-01-28,100,2000-02-09,906184
2000-01-28,100,2000-02-10,906184
2000-01-28,100,2000-02-11,906184
2000-01-28,100,2000-02-14,906184
2000-01-28,100,2000-02-15,906184
2000-01-28,100,2000-02-16,906184
2000-01-28,100,2000-02-17,906184
2000-01-28,100,2000-02-18,906184
2000-01-28,100,2000-02-22,906184
2000-01-28,100,2000-02-23,906184
2000-01-28,100,2000-02-24,906184
2000-01-28,100,2000-02-25,906184
2000-01-28,100,2000-02-28,906184
2000-01-28,200,2000-01-28,906184
2000-01-28,200,2000-01-28,902197
2000-01-28,200,2000-01-31,906184
2000-01-28,200,2000-01-31,902197
2000-01-28,200,2000-02-01,906184
2000-01-28,200,2000-02-01,902197
2000-01-28,200,2000-02-02,906184
2000-01-28,200,2000-02-02,902197
2000-01-28,200,2000-02-03,906184
2000-01-28,200,2000-02-03,902197
2000-01-28,200,2000-02-04,906184
2000-01-28,200,2000-02-04,902197
2000-01-28,200,2000-02-07,906184
2000-01-28,200,2000-02-07,902197
2000-01-28,200,2000-02-08,906184
2000-01-28,200,2000-02-08,902197
2000-01-28,200,2000-02-09,906184
2000-01-28,200,2000-02-09,902197
2000-01-28,200,2000-02-10,906184
2000-01-28,200,2000-02-10,902197
2000-01-28,200,2000-02-11,906184
2000-01-28,200,2000-02-11,902197
2000-01-28,200,2000-02-14,906184
2000-01-28,200,2000-02-14,902197
2000-01-28,200,2000-02-15,906184
2000-01-28,200,2000-02-15,902197
2000-01-28,200,2000-02-16,906184
2000-01-28,200,2000-02-16,902197
2000-01-28,200,2000-02-16,894604
2000-01-28,200,2000-02-17,906184
2000-01-28,200,2000-02-17,902197
2000-01-28,200,2000-02-17,894604
2000-01-28,200,2000-02-18,906184
2000-01-28,200,2000-02-18,902197
2000-01-28,200,2000-02-18,894604
2000-01-28,200,2000-02-22,906184
2000-01-28,200,2000-02-22,902197
2000-01-28,200,2000-02-22,894604
2000-01-28,200,2000-02-23,906184
2000-01-28,200,2000-02-23,902197
2000-01-28,200,2000-02-23,894604
2000-01-28,200,2000-02-24,906184
2000-01-28,200,2000-02-24,902197
2000-01-28,200,2000-02-24,894604
2000-01-28,200,2000-02-25,906184
2000-01-28,200,2000-02-25,902197
2000-01-28,200,2000-02-25,894604
2000-01-28,200,2000-02-28,906184
2000-01-28,200,2000-02-28,902197
2000-01-28,200,2000-02-28,894604
2000-02-29,200,2000-02-29,894604
2000-02-29,200,2000-03-01,894604
2000-02-29,200,2000-03-02,894604
2000-02-29,200,2000-03-03,894604
2000-02-29,200,2000-03-06,894604
2000-02-29,200,2000-03-07,894604
2000-02-29,200,2000-03-08,894604
2000-02-29,200,2000-03-09,894604
2000-02-29,200,2000-03-10,894604
2000-02-29,200,2000-03-13,894604
2000-02-29,200,2000-03-14,894604
2000-02-29,200,2000-03-15,894604
2000-02-29,200,2000-03-16,894604
2000-02-29,200,2000-03-17,894604
2000-02-29,200,2000-03-20,894604
2000-02-29,200,2000-03-21,894604
2000-02-29,200,2000-03-22,894604
2000-02-29,200,2000-03-23,894604
2000-02-29,200,2000-03-24,894604
2000-02-29,200,2000-03-27,894604
2000-02-29,200,2000-03-28,894604
2000-04-28,100,2000-05-12,867201
2000-04-28,100,2000-05-15,867201
2000-04-28,100,2000-05-16,867201
2000-04-28,100,2000-05-17,867201
2000-04-28,100,2000-05-18,867201
2000-04-28,100,2000-05-19,867201
2000-04-28,100,2000-05-22,867201
2000-04-28,100,2000-05-23,867201
2000-04-28,100,2000-05-24,867201
2000-04-28,100,2000-05-25,867201
2000-04-28,100,2000-05-26,867201
2000-04-28,200,2000-05-12,867201
2000-04-28,200,2000-05-15,867201
2000-04-28,200,2000-05-16,867201
2000-04-28,200,2000-05-17,867201
2000-04-28,200,2000-05-18,867201
2000-04-28,200,2000-05-19,867201
2000-04-28,200,2000-05-22,867201
2000-04-28,200,2000-05-23,867201
2000-04-28,200,2000-05-24,867201
2000-04-28,200,2000-05-25,867201
2000-04-28,200,2000-05-26,867201
2000-05-30,100,2000-05-30,867201
2000-05-30,100,2000-05-30,904272
2000-05-30,100,2000-05-31,867201
2000-05-30,100,2000-05-31,904272
2000-05-30,100,2000-06-01,867201
2000-05-30,100,2000-06-01,904272
2000-05-30,100,2000-06-02,867201
2000-05-30,100,2000-06-02,904272
2000-05-30,100,2000-06-05,867201
2000-05-30,100,2000-06-05,904272
2000-05-30,100,2000-06-06,867201
2000-05-30,100,2000-06-06,904272
2000-05-30,100,2000-06-07,867201
2000-05-30,100,2000-06-07,904272
2000-05-30,100,2000-06-08,867201
2000-05-30,100,2000-06-08,904272
2000-05-30,100,2000-06-09,867201
2000-05-30,100,2000-06-09,904272
2000-05-30,100,2000-06-12,867201
2000-05-30,100,2000-06-12,904272
2000-05-30,100,2000-06-13,867201
2000-05-30,100,2000-06-13,904272
2000-05-30,100,2000-06-14,902170
2000-05-30,100,2000-06-14,867201
2000-05-30,100,2000-06-14,904272
2000-05-30,100,2000-06-15,902170
2000-05-30,100,2000-06-15,867201
2000-05-30,100,2000-06-15,904272
2000-05-30,100,2000-06-16,902170
2000-05-30,100,2000-06-16,867201
2000-05-30,100,2000-06-16,904272
2000-05-30,100,2000-06-19,902170
2000-05-30,100,2000-06-19,867201
2000-05-30,100,2000-06-19,904272
2000-05-30,100,2000-06-20,902170
2000-05-30,100,2000-06-20,867201
2000-05-30,100,2000-06-20,904272
2000-05-30,100,2000-06-21,902170
2000-05-30,100,2000-06-21,867201
2000-05-30,100,2000-06-21,904272
2000-05-30,100,2000-06-22,902170
2000-05-30,100,2000-06-22,867201
2000-05-30,100,2000-06-22,904272
2000-05-30,100,2000-06-23,902170
2000-05-30,100,2000-06-23,867201
2000-05-30,100,2000-06-23,904272
2000-05-30,100,2000-06-26,902170
2000-05-30,100,2000-06-26,867201
2000-05-30,100,2000-06-26,904272
2000-05-30,100,2000-06-27,902170
2000-05-30,100,2000-06-27,867201
2000-05-30,100,2000-06-27,904272
2000-05-30,200,2000-05-30,867201
2000-05-30,200,2000-05-30,904272
2000-05-30,200,2000-05-31,867201
2000-05-30,200,2000-05-31,904272
2000-05-30,200,2000-06-01,867201
2000-05-30,200,2000-06-01,904272
2000-05-30,200,2000-06-02,867201
2000-05-30,200,2000-06-02,904272
2000-05-30,200,2000-06-05,867201
2000-05-30,200,2000-06-05,904272
2000-05-30,200,2000-06-06,867201
2000-05-30,200,2000-06-06,904272
2000-05-30,200,2000-06-07,867201
2000-05-30,200,2000-06-07,904272
2000-05-30,200,2000-06-08,867201
2000-05-30,200,2000-06-08,904272
2000-05-30,200,2000-06-09,867201
2000-05-30,200,2000-06-09,904272
2000-05-30,200,2000-06-12,867201
2000-05-30,200,2000-06-12,904272
2000-05-30,200,2000-06-13,867201
2000-05-30,200,2000-06-13,904272
2000-05-30,200,2000-06-14,902170
2000-05-30,200,2000-06-14,867201
2000-05-30,200,2000-06-14,904272
2000-05-30,200,2000-06-15,902170
2000-05-30,200,2000-06-15,867201
2000-05-30,200,2000-06-15,904272
2000-05-30,200,2000-06-16,902170
2000-05-30,200,2000-06-16,867201
2000-05-30,200,2000-06-16,904272
2000-05-30,200,2000-06-19,902170
2000-05-30,200,2000-06-19,867201
2000-05-30,200,2000-06-19,904272
2000-05-30,200,2000-06-20,902170
2000-05-30,200,2000-06-20,867201
2000-05-30,200,2000-06-20,904272
2000-05-30,200,2000-06-21,902170
2000-05-30,200,2000-06-21,867201
2000-05-30,200,2000-06-21,904272
2000-05-30,200,2000-06-22,902170
2000-05-30,200,2000-06-22,867201
2000-05-30,200,2000-06-22,904272
2000-05-30,200,2000-06-23,902170
2000-05-30,200,2000-06-23,867201
2000-05-30,200,2000-06-23,904272
2000-05-30,200,2000-06-26,902170
2000-05-30,200,2000-06-26,867201
2000-05-30,200,2000-06-26,904272
2000-05-30,200,2000-06-27,902170
2000-05-30,200,2000-06-27,867201
2000-05-30,200,2000-06-27,904272
2000-06-28,100,2000-06-28,902170
2000-06-28,100,2000-06-29,902170
2000-06-28,100,2000-06-30,902170
2000-06-28,100,2000-07-03,902170
2000-06-28,100,2000-07-05,902170
2000-06-28,100,2000-07-06,902170
2000-06-28,100,2000-07-07,902170
2000-06-28,100,2000-07-10,902170
2000-06-28,100,2000-07-11,902170
2000-06-28,100,2000-07-12,902170
2000-06-28,100,2000-07-13,902170
2000-06-28,100,2000-07-14,902170
2000-06-28,100,2000-07-17,902170
2000-06-28,100,2000-07-18,902170
2000-06-28,100,2000-07-19,902170
2000-06-28,100,2000-07-20,902170
2000-06-28,100,2000-07-21,902170
2000-06-28,100,2000-07-24,902170
2000-06-28,100,2000-07-25,902170
2000-06-28,100,2000-07-26,902170
2000-06-28,100,2000-07-26,867124
2000-06-28,100,2000-07-27,902170
2000-06-28,100,2000-07-27,867124
2000-06-28,200,2000-06-28,902170
2000-06-28,200,2000-06-28,904272
2000-06-28,200,2000-06-29,902170
2000-06-28,200,2000-06-29,904272
2000-06-28,200,2000-06-30,902170
2000-06-28,200,2000-06-30,904272
2000-06-28,200,2000-07-03,902170
2000-06-28,200,2000-07-03,904272
2000-06-28,200,2000-07-05,902170
2000-06-28,200,2000-07-05,904272
2000-06-28,200,2000-07-06,902170
2000-06-28,200,2000-07-06,904272
2000-06-28,200,2000-07-07,902170
2000-06-28,200,2000-07-07,904272
2000-06-28,200,2000-07-10,902170
2000-06-28,200,2000-07-10,904272
2000-06-28,200,2000-07-11,902170
2000-06-28,200,2000-07-11,904272
2000-06-28,200,2000-07-12,902170
2000-06-28,200,2000-07-12,904272
2000-06-28,200,2000-07-13,902170
2000-06-28,200,2000-07-13,904272
2000-06-28,200,2000-07-14,902170
2000-06-28,200,2000-07-14,904272
2000-06-28,200,2000-07-17,902170
2000-06-28,200,2000-07-17,904272
2000-06-28,200,2000-07-18,902170
2000-06-28,200,2000-07-18,904272
2000-06-28,200,2000-07-19,902170
2000-06-28,200,2000-07-19,904272
2000-06-28,200,2000-07-20,902170
2000-06-28,200,2000-07-20,904272
2000-06-28,200,2000-07-21,902170
2000-06-28,200,2000-07-21,904272
2000-06-28,200,2000-07-21,878847
2000-06-28,200,2000-07-24,902170
2000-06-28,200,2000-07-24,904272
2000-06-28,200,2000-07-24,878847
2000-06-28,200,2000-07-25,902170
2000-06-28,200,2000-07-25,904272
2000-06-28,200,2000-07-25,878847
2000-06-28,200,2000-07-26,902170
2000-06-28,200,2000-07-26,867124
2000-06-28,200,2000-07-26,904272
2000-06-28,200,2000-07-26,878847
2000-06-28,200,2000-07-27,902170
2000-06-28,200,2000-07-27,867124
2000-06-28,200,2000-07-27,904272
2000-06-28,200,2000-07-27,878847
2000-07-28,50,2000-08-01,905364
2000-07-28,50,2000-08-02,905364
2000-07-28,50,2000-08-03,905364
2000-07-28,50,2000-08-04,905364
2000-07-28,50,2000-08-07,905364
2000-07-28,50,2000-08-08,905364
2000-07-28,50,2000-08-09,905364
2000-07-28,50,2000-08-10,905364
2000-07-28,50,2000-08-11,905364
2000-07-28,50,2000-08-14,905364
2000-07-28,50,2000-08-15,905364
2000-07-28,50,2000-08-16,905364
2000-07-28,50,2000-08-17,905364
2000-07-28,50,2000-08-18,905364
2000-07-28,50,2000-08-21,905364
2000-07-28,50,2000-08-22,905364
2000-07-28,50,2000-08-23,905364
2000-07-28,50,2000-08-24,905364
2000-07-28,50,2000-08-25,905364
2000-07-28,100,2000-07-28,867124
2000-07-28,100,2000-07-31,867124
2000-07-28,100,2000-08-01,905364
2000-07-28,100,2000-08-01,867124
2000-07-28,100,2000-08-02,905364
2000-07-28,100,2000-08-02,867124
2000-07-28,100,2000-08-03,905364
2000-07-28,100,2000-08-03,867124
2000-07-28,100,2000-08-04,905364
2000-07-28,100,2000-08-04,867124
2000-07-28,100,2000-08-07,905364
2000-07-28,100,2000-08-07,867124
2000-07-28,100,2000-08-08,905364
2000-07-28,100,2000-08-08,867124
2000-07-28,100,2000-08-09,905364
2000-07-28,100,2000-08-09,867124
2000-07-28,100,2000-08-10,905364
2000-07-28,100,2000-08-10,867124
2000-07-28,100,2000-08-11,905364
2000-07-28,100,2000-08-11,906188
2000-07-28,100,2000-08-11,945389
2000-07-28,100,2000-08-11,867124
2000-07-28,100,2000-08-14,905364
2000-07-28,100,2000-08-14,906188
2000-07-28,100,2000-08-14,945389
2000-07-28,100,2000-08-14,867124
2000-07-28,100,2000-08-15,905364
2000-07-28,100,2000-08-15,906188
2000-07-28,100,2000-08-15,945389
2000-07-28,100,2000-08-15,867124
2000-07-28,100,2000-08-16,905364
2000-07-28,100,2000-08-16,906188
2000-07-28,100,2000-08-16,945389
2000-07-28,100,2000-08-16,867124
2000-07-28,100,2000-08-17,905364
2000-07-28,100,2000-08-17,906188
2000-07-28,100,2000-08-17,945389
2000-07-28,100,2000-08-17,867124
2000-07-28,100,2000-08-18,905364
2000-07-28,100,2000-08-18,906188
2000-07-28,100,2000-08-18,945389
2000-07-28,100,2000-08-18,867124
2000-07-28,100,2000-08-21,905364
2000-07-28,100,2000-08-21,906188
2000-07-28,100,2000-08-21,945389
2000-07-28,100,2000-08-21,867124
2000-07-28,100,2000-08-22,905364
2000-07-28,100,2000-08-22,906188
2000-07-28,100,2000-08-22,945389
2000-07-28,100,2000-08-22,867124
2000-07-28,100,2000-08-23,905364
2000-07-28,100,2000-08-23,906188
2000-07-28,100,2000-08-23,945389
2000-07-28,100,2000-08-23,867124
2000-07-28,100,2000-08-24,905364
2000-07-28,100,2000-08-24,906188
2000-07-28,100,2000-08-24,945389
2000-07-28,100,2000-08-24,867124
2000-07-28,100,2000-08-25,905364
2000-07-28,100,2000-08-25,906188
2000-07-28,100,2000-08-25,945389
2000-07-28,100,2000-08-25,867124
2000-07-28,200,2000-07-28,867124
2000-07-28,200,2000-07-28,878847
2000-07-28,200,2000-07-31,867124
2000-07-28,200,2000-07-31,878847
2000-07-28,200,2000-08-01,905364
2000-07-28,200,2000-08-01,867124
2000-07-28,200,2000-08-01,878847
2000-07-28,200,2000-08-02,905364
2000-07-28,200,2000-08-02,867124
2000-07-28,200,2000-08-02,878847
2000-07-28,200,2000-08-03,905364
2000-07-28,200,2000-08-03,867124
2000-07-28,200,2000-08-03,878847
2000-07-28,200,2000-08-04,905364
2000-07-28,200,2000-08-04,867124
2000-07-28,200,2000-08-04,878847
2000-07-28,200,2000-08-07,905364
2000-07-28,200,2000-08-07,867124
2000-07-28,200,2000-08-07,878847
2000-07-28,200,2000-08-08,905364
2000-07-28,200,2000-08-08,867124
2000-07-28,200,2000-08-08,878847
2000-07-28,200,2000-08-09,905364
2000-07-28,200,2000-08-09,867124
2000-07-28,200,2000-08-09,878847
2000-07-28,200,2000-08-10,905364
2000-07-28,200,2000-08-10,867124
2000-07-28,200,2000-08-10,878847
2000-07-28,200,2000-08-11,905364
2000-07-28,200,2000-08-11,906188
2000-07-28,200,2000-08-11,945389
2000-07-28,200,2000-08-11,867124
2000-07-28,200,2000-08-11,878847
2000-07-28,200,2000-08-14,905364
2000-07-28,200,2000-08-14,906188
2000-07-28,200,2000-08-14,945389
2000-07-28,200,2000-08-14,867124
2000-07-28,200,2000-08-14,878847
2000-07-28,200,2000-08-15,905364
2000-07-28,200,2000-08-15,906188
2000-07-28,200,2000-08-15,945389
2000-07-28,200,2000-08-15,867124
2000-07-28,200,2000-08-15,878847
2000-07-28,200,2000-08-16,905364
2000-07-28,200,2000-08-16,906188
2000-07-28,200,2000-08-16,945389
2000-07-28,200,2000-08-16,867124
2000-07-28,200,2000-08-16,878847
2000-07-28,200,2000-08-17,905364
2000-07-28,200,2000-08-17,906188
2000-07-28,200,2000-08-17,945389
2000-07-28,200,2000-08-17,867124
2000-07-28,200,2000-08-17,878847
2000-07-28,200,2000-08-18,905364
2000-07-28,200,2000-08-18,906188
2000-07-28,200,2000-08-18,945389
2000-07-28,200,2000-08-18,867124
2000-07-28,200,2000-08-18,878847
2000-07-28,200,2000-08-21,905364
2000-07-28,200,2000-08-21,906188
2000-07-28,200,2000-08-21,945389
2000-07-28,200,2000-08-21,867124
2000-07-28,200,2000-08-21,878847
2000-07-28,200,2000-08-22,905364
2000-07-28,200,2000-08-22,906188
2000-07-28,200,2000-08-22,945389
2000-07-28,200,2000-08-22,867124
2000-07-28,200,2000-08-22,878847
2000-07-28,200,2000-08-23,905364
2000-07-28,200,2000-08-23,906188
2000-07-28,200,2000-08-23,945389
2000-07-28,200,2000-08-23,867124
2000-07-28,200,2000-08-23,878847
2000-07-28,200,2000-08-24,905364
2000-07-28,200,2000-08-24,906188
2000-07-28,200,2000-08-24,945389
2000-07-28,200,2000-08-24,867124
2000-07-28,200,2000-08-24,878847
2000-07-28,200,2000-08-25,905364
2000-07-28,200,2000-08-25,906188
2000-07-28,200,2000-08-25,945389
2000-07-28,200,2000-08-25,867124
2000-07-28,200,2000-08-25,878847
2000-08-28,50,2000-08-28,905364
2000-08-28,50,2000-08-29,905364
2000-08-28,50,2000-08-30,905364
2000-08-28,50,2000-08-31,905364
2000-08-28,50,2000-09-01,905364
2000-08-28,50,2000-09-05,905364
2000-08-28,50,2000-09-06,905364
2000-08-28,50,2000-09-07,905364
2000-08-28,50,2000-09-08,905364
2000-08-28,50,2000-09-11,905364
2000-08-28,50,2000-09-12,905364
2000-08-28,50,2000-09-13,905364
2000-08-28,50,2000-09-14,905364
2000-08-28,50,2000-09-15,905364
2000-08-28,50,2000-09-18,905364
2000-08-28,50,2000-09-19,905364
2000-08-28,50,2000-09-20,905364
2000-08-28,50,2000-09-21,905364
2000-08-28,50,2000-09-22,905364
2000-08-28,50,2000-09-25,905364
2000-08-28,50,2000-09-26,905364
2000-08-28,100,2000-08-28,905364
2000-08-28,100,2000-08-28,906188
2000-08-28,100,2000-08-28,945389
2000-08-28,100,2000-08-28,867124
2000-08-28,100,2000-08-29,905364
2000-08-28,100,2000-08-29,906188
2000-08-28,100,2000-08-29,945389
2000-08-28,100,2000-08-29,867124
2000-08-28,100,2000-08-30,905364
2000-08-28,100,2000-08-30,906188
2000-08-28,100,2000-08-30,945389
2000-08-28,100,2000-08-30,867124
2000-08-28,100,2000-08-31,905364
2000-08-28,100,2000-08-31,906188
2000-08-28,100,2000-08-31,945389
2000-08-28,100,2000-08-31,867124
2000-08-28,100,2000-09-01,905364
2000-08-28,100,2000-09-01,906188
2000-08-28,100,2000-09-01,945389
2000-08-28,100,2000-09-01,867124
2000-08-28,100,2000-09-05,905364
2000-08-28,100,2000-09-05,906188
2000-08-28,100,2000-09-05,945389
2000-08-28,100,2000-09-05,867124
2000-08-28,100,2000-09-06,905364
2000-08-28,100,2000-09-06,906188
2000-08-28,100,2000-09-06,945389
2000-08-28,100,2000-09-06,867124
2000-08-28,100,2000-09-07,905364
2000-08-28,100,2000-09-07,906188
2000-08-28,100,2000-09-07,945389
2000-08-28,100,2000-09-07,867124
2000-08-28,100,2000-09-08,905364
2000-08-28,100,2000-09-08,906188
2000-08-28,100,2000-09-08,945389
2000-08-28,100,2000-09-08,867124
2000-08-28,100,2000-09-11,905364
2000-08-28,100,2000-09-11,906188
2000-08-28,100,2000-09-11,945389
2000-08-28,100,2000-09-11,867124
2000-08-28,100,2000-09-12,905364
2000-08-28,100,2000-09-12,906188
2000-08-28,100,2000-09-12,945389
2000-08-28,100,2000-09-12,867124
2000-08-28,100,2000-09-13,905364
2000-08-28,100,2000-09-13,906188
2000-08-28,100,2000-09-13,945389
2000-08-28,100,2000-09-13,867124
2000-08-28,100,2000-09-14,905364
2000-08-28,100,2000-09-14,906188
2000-08-28,100,2000-09-14,945389
2000-08-28,100,2000-09-14,867124
2000-08-28,100,2000-09-15,905364
2000-08-28,100,2000-09-15,906188
2000-08-28,100,2000-09-15,945389
2000-08-28,100,2000-09-15,867124
2000-08-28,100,2000-09-18,905364
2000-08-28,100,2000-09-18,906188
2000-08-28,100,2000-09-18,945389
2000-08-28,100,2000-09-18,867124
2000-08-28,100,2000-09-19,905364
2000-08-28,100,2000-09-19,906188
2000-08-28,100,2000-09-19,945389
2000-08-28,100,2000-09-19,867124
2000-08-28,100,2000-09-20,905364
2000-08-28,100,2000-09-20,906188
2000-08-28,100,2000-09-20,945389
2000-08-28,100,2000-09-20,867124
2000-08-28,100,2000-09-21,905364
2000-08-28,100,2000-09-21,906188
2000-08-28,100,2000-09-21,945389
2000-08-28,100,2000-09-21,867124
2000-08-28,100,2000-09-22,905364
2000-08-28,100,2000-09-22,906188
2000-08-28,100,2000-09-22,945389
2000-08-28,100,2000-09-22,867124
2000-08-28,100,2000-09-25,905364
2000-08-28,100,2000-09-25,906188
2000-08-28,100,2000-09-25,945389
2000-08-28,100,2000-09-25,867124
2000-08-28,100,2000-09-26,905364
2000-08-28,100,2000-09-26,906188
2000-08-28,100,2000-09-26,945389
2000-08-28,100,2000-09-26,867124
2000-08-28,200,2000-08-28,905364
2000-08-28,200,2000-08-28,906188
2000-08-28,200,2000-08-28,945389
2000-08-28,200,2000-08-28,867124
2000-08-28,200,2000-08-29,905364
2000-08-28,200,2000-08-29,906188
2000-08-28,200,2000-08-29,945389
2000-08-28,200,2000-08-29,867124
2000-08-28,200,2000-08-30,905364
2000-08-28,200,2000-08-30,906188
2000-08-28,200,2000-08-30,945389
2000-08-28,200,2000-08-30,867124
2000-08-28,200,2000-08-31,905364
2000-08-28,200,2000-08-31,906188
2000-08-28,200,2000-08-31,945389
2000-08-28,200,2000-08-31,867124
2000-08-28,200,2000-09-01,905364
2000-08-28,200,2000-09-01,906188
2000-08-28,200,2000-09-01,945389
2000-08-28,200,2000-09-01,867124
2000-08-28,200,2000-09-05,905364
2000-08-28,200,2000-09-05,906188
2000-08-28,200,2000-09-05,945389
2000-08-28,200,2000-09-05,867124
2000-08-28,200,2000-09-06,905364
2000-08-28,200,2000-09-06,906188
2000-08-28,200,2000-09-06,945389
2000-08-28,200,2000-09-06,867124
2000-08-28,200,2000-09-07,905364
2000-08-28,200,2000-09-07,906188
2000-08-28,200,2000-09-07,945389
2000-08-28,200,2000-09-07,867124
2000-08-28,200,2000-09-08,905364
2000-08-28,200,2000-09-08,906188
2000-08-28,200,2000-09-08,945389
2000-08-28,200,2000-09-08,867124
2000-08-28,200,2000-09-11,905364
2000-08-28,200,2000-09-11,906188
2000-08-28,200,2000-09-11,945389
2000-08-28,200,2000-09-11,867124
2000-08-28,200,2000-09-12,905364
2000-08-28,200,2000-09-12,906188
2000-08-28,200,2000-09-12,945389
2000-08-28,200,2000-09-12,867124
2000-08-28,200,2000-09-13,905364
2000-08-28,200,2000-09-13,906188
2000-08-28,200,2000-09-13,945389
2000-08-28,200,2000-09-13,867124
2000-08-28,200,2000-09-14,905364
2000-08-28,200,2000-09-14,906188
2000-08-28,200,2000-09-14,945389
2000-08-28,200,2000-09-14,867124
2000-08-28,200,2000-09-15,905364
2000-08-28,200,2000-09-15,906188
2000-08-28,200,2000-09-15,945389
2000-08-28,200,2000-09-15,867124
2000-08-28,200,2000-09-18,905364
2000-08-28,200,2000-09-18,906188
2000-08-28,200,2000-09-18,945389
2000-08-28,200,2000-09-18,867124
2000-08-28,200,2000-09-19,905364
2000-08-28,200,2000-09-19,906188
2000-08-28,200,2000-09-19,945389
2000-08-28,200,2000-09-19,867124
2000-08-28,200,2000-09-20,905364
2000-08-28,200,2000-09-20,906188
2000-08-28,200,2000-09-20,945389
2000-08-28,200,2000-09-20,867124
2000-08-28,200,2000-09-21,905364
2000-08-28,200,2000-09-21,906188
2000-08-28,200,2000-09-21,945389
2000-08-28,200,2000-09-21,867124
2000-08-28,200,2000-09-22,905364
2000-08-28,200,2000-09-22,906188
2000-08-28,200,2000-09-22,945389
2000-08-28,200,2000-09-22,867124
2000-08-28,200,2000-09-25,905364
2000-08-28,200,2000-09-25,906188
2000-08-28,200,2000-09-25,945389
2000-08-28,200,2000-09-25,867124
2000-08-28,200,2000-09-26,905364
2000-08-28,200,2000-09-26,906188
2000-08-28,200,2000-09-26,945389
2000-08-28,200,2000-09-26,867124
2000-09-27,200,2000-10-11,328704
2000-09-27,200,2000-10-12,328704
2000-09-27,200,2000-10-13,328704
2000-09-27,200,2000-10-16,328704
2000-09-27,200,2000-10-17,328704
2000-09-27,200,2000-10-18,328704
2000-09-27,200,2000-10-19,328704
2000-09-27,200,2000-10-20,328704
2000-09-27,200,2000-10-23,328704
2000-09-27,200,2000-10-24,328704
2000-09-27,200,2000-10-25,328704
2000-10-26,200,2000-10-26,328704
2000-10-26,200,2000-10-27,328704
2000-10-26,200,2000-10-30,328704
2000-10-26,200,2000-10-31,328704
2000-10-26,200,2000-11-01,328704
2000-10-26,200,2000-11-02,328704
2000-10-26,200,2000-11-03,328704
2000-10-26,200,2000-11-06,328704
2000-10-26,200,2000-11-07,328704
2000-10-26,200,2000-11-08,328704
2000-10-26,200,2000-11-09,328704
2000-10-26,200,2000-11-10,328704
2000-10-26,200,2000-11-13,328704
2000-10-26,200,2000-11-14,328704
2000-10-26,200,2000-11-15,902257
2000-10-26,200,2000-11-15,328704
2000-10-26,200,2000-11-16,902257
2000-10-26,200,2000-11-16,328704
2000-10-26,200,2000-11-17,902257
2000-10-26,200,2000-11-17,328704
2000-10-26,200,2000-11-20,902257
2000-10-26,200,2000-11-20,328704
2000-10-26,200,2000-11-21,902257
2000-10-26,200,2000-11-21,328704
2000-10-26,200,2000-11-22,902257
2000-10-26,200,2000-11-22,328704
2000-10-26,200,2000-11-24,902257
2000-10-26,200,2000-11-24,328704
2000-11-27,200,2000-11-27,902257
2000-11-27,200,2000-11-28,902257
2000-11-27,200,2000-11-29,902257
2000-11-27,200,2000-11-30,902257
2000-11-27,200,2000-12-01,902257
2000-11-27,200,2000-12-04,902257
2000-11-27,200,2000-12-05,902257
2000-11-27,200,2000-12-06,902257
2000-11-27,200,2000-12-07,902257
2000-11-27,200,2000-12-08,902257
2000-11-27,200,2000-12-11,902257
2000-11-27,200,2000-12-12,902257
2000-11-27,200,2000-12-13,902257
2000-11-27,200,2000-12-14,902257
2000-11-27,200,2000-12-15,902257
2000-11-27,200,2000-12-15,867077
2000-11-27,200,2000-12-18,902257
2000-11-27,200,2000-12-18,867077
2000-11-27,200,2000-12-19,902257
2000-11-27,200,2000-12-19,867077
2000-11-27,200,2000-12-20,902257
2000-11-27,200,2000-12-20,867077
2000-11-27,200,2000-12-21,902257
2000-11-27,200,2000-12-21,867077
2000-11-27,200,2000-12-22,902257
2000-11-27,200,2000-12-22,867077
2000-11-27,200,2000-12-26,902257
2000-11-27,200,2000-12-26,867077
2001-01-29,50,2001-02-23,905423
2001-01-29,50,2001-02-26,905423
2001-01-29,50,2001-02-27,905423
2001-01-29,100,2001-02-09,902247
2001-01-29,100,2001-02-12,902247
2001-01-29,100,2001-02-13,902247
2001-01-29,100,2001-02-14,902247
2001-01-29,100,2001-02-15,902247
2001-01-29,100,2001-02-16,902247
2001-01-29,100,2001-02-20,902247
2001-01-29,100,2001-02-21,902247
2001-01-29,100,2001-02-22,902247
2001-01-29,100,2001-02-23,905423
2001-01-29,100,2001-02-23,902247
2001-01-29,100,2001-02-26,905423
2001-01-29,100,2001-02-26,902247
2001-01-29,100,2001-02-27,905423
2001-01-29,100,2001-02-27,902247
2001-01-29,200,2001-02-09,902247
2001-01-29,200,2001-02-12,902247
2001-01-29,200,2001-02-13,902247
2001-01-29,200,2001-02-13,320392
2001-01-29,200,2001-02-14,902247
2001-01-29,200,2001-02-14,320392
2001-01-29,200,2001-02-15,902247
2001-01-29,200,2001-02-15,320392
2001-01-29,200,2001-02-16,902247
2001-01-29,200,2001-02-16,320392
2001-01-29,200,2001-02-20,902247
2001-01-29,200,2001-02-20,320392
2001-01-29,200,2001-02-21,902247
2001-01-29,200,2001-02-21,320392
2001-01-29,200,2001-02-22,902247
2001-01-29,200,2001-02-22,320392
2001-01-29,200,2001-02-23,905423
2001-01-29,200,2001-02-23,902247
2001-01-29,200,2001-02-23,320392
2001-01-29,200,2001-02-26,905423
2001-01-29,200,2001-02-26,902247
2001-01-29,200,2001-02-26,320392
2001-01-29,200,2001-02-27,905423
2001-01-29,200,2001-02-27,902247
2001-01-29,200,2001-02-27,320392
2001-01-29,200,2001-02-27,905173
2001-02-28,50,2001-02-28,905423
2001-02-28,50,2001-03-01,905423
2001-02-28,50,2001-03-02,905423
2001-02-28,50,2001-03-05,905423
2001-02-28,50,2001-03-06,905423
2001-02-28,50,2001-03-07,905423
2001-02-28,50,2001-03-08,905423
2001-02-28,50,2001-03-09,905423
2001-02-28,50,2001-03-12,905423
2001-02-28,50,2001-03-13,905423
2001-02-28,50,2001-03-14,905423
2001-02-28,50,2001-03-15,905423
2001-02-28,50,2001-03-16,905423
2001-02-28,50,2001-03-19,905423
2001-02-28,50,2001-03-20,905423
2001-02-28,50,2001-03-21,905423
2001-02-28,50,2001-03-22,905423
2001-02-28,50,2001-03-23,905423
2001-02-28,50,2001-03-26,905423
2001-02-28,50,2001-03-27,905423
2001-02-28,50,2001-03-28,905423
2001-02-28,100,2001-02-28,905423
2001-02-28,100,2001-02-28,902247
2001-02-28,100,2001-02-28,320392
2001-02-28,100,2001-03-01,905423
2001-02-28,100,2001-03-01,902247
2001-02-28,100,2001-03-01,320392
2001-02-28,100,2001-03-02,905423
2001-02-28,100,2001-03-02,902247
2001-02-28,100,2001-03-02,320392
2001-02-28,100,2001-03-05,905423
2001-02-28,100,2001-03-05,902247
2001-02-28,100,2001-03-05,320392
2001-02-28,100,2001-03-06,905423
2001-02-28,100,2001-03-06,902247
2001-02-28,100,2001-03-06,320392
2001-02-28,100,2001-03-07,905423
2001-02-28,100,2001-03-07,902247
2001-02-28,100,2001-03-07,320392
2001-02-28,100,2001-03-08,905423
2001-02-28,100,2001-03-08,902247
2001-02-28,100,2001-03-08,320392
2001-02-28,100,2001-03-09,905423
2001-02-28,100,2001-03-09,902247
2001-02-28,100,2001-03-09,320392
2001-02-28,100,2001-03-12,905423
2001-02-28,100,2001-03-12,902247
2001-02-28,100,2001-03-12,320392
2001-02-28,100,2001-03-13,905423
2001-02-28,100,2001-03-13,902247
2001-02-28,100,2001-03-13,320392
2001-02-28,100,2001-03-14,905423
2001-02-28,100,2001-03-14,902247
2001-02-28,100,2001-03-14,320392
2001-02-28,100,2001-03-15,905423
2001-02-28,100,2001-03-15,902247
2001-02-28,100,2001-03-15,320392
2001-02-28,100,2001-03-16,905423
2001-02-28,100,2001-03-16,902247
2001-02-28,100,2001-03-16,320392
2001-02-28,100,2001-03-19,905423
2001-02-28,100,2001-03-19,902247
2001-02-28,100,2001-03-19,320392
2001-02-28,100,2001-03-20,905423
2001-02-28,100,2001-03-20,902247
2001-02-28,100,2001-03-20,320392
2001-02-28,100,2001-03-21,905423
2001-02-28,100,2001-03-21,902247
2001-02-28,100,2001-03-21,320392
2001-02-28,100,2001-03-22,905423
2001-02-28,100,2001-03-22,902247
2001-02-28,100,2001-03-22,320392
2001-02-28,100,2001-03-23,905423
2001-02-28,100,2001-03-23,902247
2001-02-28,100,2001-03-23,320392
2001-02-28,100,2001-03-26,905423
2001-02-28,100,2001-03-26,902247
2001-02-28,100,2001-03-26,320392
2001-02-28,100,2001-03-27,905423
2001-02-28,100,2001-03-27,902247
2001-02-28,100,2001-03-27,320392
2001-02-28,100,2001-03-28,905423
2001-02-28,100,2001-03-28,902247
2001-02-28,100,2001-03-28,320392
2001-02-28,200,2001-02-28,905423
2001-02-28,200,2001-02-28,902247
2001-02-28,200,2001-02-28,320392
2001-02-28,200,2001-02-28,905173
2001-02-28,200,2001-03-01,905423
2001-02-28,200,2001-03-01,902247
2001-02-28,200,2001-03-01,320392
2001-02-28,200,2001-03-01,905173
2001-02-28,200,2001-03-02,905423
2001-02-28,200,2001-03-02,902247
2001-02-28,200,2001-03-02,320392
2001-02-28,200,2001-03-02,905173
2001-02-28,200,2001-03-05,905423
2001-02-28,200,2001-03-05,902247
2001-02-28,200,2001-03-05,320392
2001-02-28,200,2001-03-05,905173
2001-02-28,200,2001-03-06,905423
2001-02-28,200,2001-03-06,902247
2001-02-28,200,2001-03-06,320392
2001-02-28,200,2001-03-06,905173
2001-02-28,200,2001-03-07,905423
2001-02-28,200,2001-03-07,902247
2001-02-28,200,2001-03-07,320392
2001-02-28,200,2001-03-07,905173
2001-02-28,200,2001-03-08,905423
2001-02-28,200,2001-03-08,902247
2001-02-28,200,2001-03-08,320392
2001-02-28,200,2001-03-08,905173
2001-02-28,200,2001-03-09,905423
2001-02-28,200,2001-03-09,902247
2001-02-28,200,2001-03-09,320392
2001-02-28,200,2001-03-09,905173
2001-02-28,200,2001-03-12,905423
2001-02-28,200,2001-03-12,902247
2001-02-28,200,2001-03-12,320392
2001-02-28,200,2001-03-12,905173
2001-02-28,200,2001-03-12,916407
2001-02-28,200,2001-03-13,905423
2001-02-28,200,2001-03-13,902247
2001-02-28,200,2001-03-13,320392
2001-02-28,200,2001-03-13,905173
2001-02-28,200,2001-03-13,916407
2001-02-28,200,2001-03-14,905423
2001-02-28,200,2001-03-14,902247
2001-02-28,200,2001-03-14,320392
2001-02-28,200,2001-03-14,905173
2001-02-28,200,2001-03-14,916407
2001-02-28,200,2001-03-15,905423
2001-02-28,200,2001-03-15,902247
2001-02-28,200,2001-03-15,320392
2001-02-28,200,2001-03-15,905173
2001-02-28,200,2001-03-15,916407
2001-02-28,200,2001-03-16,905423
2001-02-28,200,2001-03-16,902247
2001-02-28,200,2001-03-16,320392
2001-02-28,200,2001-03-16,905173
2001-02-28,200,2001-03-16,916407
2001-02-28,200,2001-03-19,905423
2001-02-28,200,2001-03-19,902247
2001-02-28,200,2001-03-19,320392
2001-02-28,200,2001-03-19,905173
2001-02-28,200,2001-03-19,916407
2001-02-28,200,2001-03-20,905423
2001-02-28,200,2001-03-20,902247
2001-02-28,200,2001-03-20,320392
2001-02-28,200,2001-03-20,905173
2001-02-28,200,2001-03-20,916407
2001-02-28,200,2001-03-21,905423
2001-02-28,200,2001-03-21,902247
2001-02-28,200,2001-03-21,320392
2001-02-28,200,2001-03-21,905173
2001-02-28,200,2001-03-21,916407
2001-02-28,200,2001-03-22,905423
2001-02-28,200,2001-03-22,902247
2001-02-28,200,2001-03-22,320392
2001-02-28,200,2001-03-22,905173
2001-02-28,200,2001-03-22,916407
2001-02-28,200,2001-03-23,905423
2001-02-28,200,2001-03-23,902247
2001-02-28,200,2001-03-23,320392
2001-02-28,200,2001-03-23,905173
2001-02-28,200,2001-03-23,916407
2001-02-28,200,2001-03-26,905423
2001-02-28,200,2001-03-26,902247
2001-02-28,200,2001-03-26,320392
2001-02-28,200,2001-03-26,905173
2001-02-28,200,2001-03-26,916407
2001-02-28,200,2001-03-27,905423
2001-02-28,200,2001-03-27,902247
2001-02-28,200,2001-03-27,320392
2001-02-28,200,2001-03-27,905173
2001-02-28,200,2001-03-27,916407
2001-02-28,200,2001-03-27,154403
2001-02-28,200,2001-03-28,905423
2001-02-28,200,2001-03-28,902247
2001-02-28,200,2001-03-28,320392
2001-02-28,200,2001-03-28,905173
2001-02-28,200,2001-03-28,916407
2001-02-28,200,2001-03-28,154403
2001-03-29,50,2001-03-29,905423
2001-03-29,50,2001-03-30,905423
2001-03-29,50,2001-04-02,905423
2001-03-29,50,2001-04-03,905423
2001-03-29,50,2001-04-04,905423
2001-03-29,50,2001-04-05,905423
2001-03-29,50,2001-04-06,905423
2001-03-29,50,2001-04-09,905423
2001-03-29,50,2001-04-10,905423
2001-03-29,50,2001-04-11,905423
2001-03-29,50,2001-04-12,905423
2001-03-29,50,2001-04-16,905423
2001-03-29,50,2001-04-17,905423
2001-03-29,50,2001-04-18,905423
2001-03-29,50,2001-04-19,905423
2001-03-29,50,2001-04-20,905423
2001-03-29,50,2001-04-23,905423
2001-03-29,50,2001-04-24,905423
2001-03-29,50,2001-04-25,905423
2001-03-29,50,2001-04-26,905423
2001-03-29,50,2001-04-27,905423
2001-03-29,100,2001-03-29,905423
2001-03-29,100,2001-03-30,905423
2001-03-29,100,2001-04-02,905423
2001-03-29,100,2001-04-03,905423
2001-03-29,100,2001-04-04,905423
2001-03-29,100,2001-04-05,905423
2001-03-29,100,2001-04-06,905423
2001-03-29,100,2001-04-09,905423
2001-03-29,100,2001-04-10,905423
2001-03-29,100,2001-04-11,905423
2001-03-29,100,2001-04-12,905423
2001-03-29,100,2001-04-16,905423
2001-03-29,100,2001-04-17,905423
2001-03-29,100,2001-04-18,905423
2001-03-29,100,2001-04-19,905423
2001-03-29,100,2001-04-20,905423
2001-03-29,100,2001-04-23,905423
2001-03-29,100,2001-04-24,905423
2001-03-29,100,2001-04-25,905423
2001-03-29,100,2001-04-26,905423
2001-03-29,100,2001-04-27,905423
2001-03-29,200,2001-03-29,905423
2001-03-29,200,2001-03-29,905173
2001-03-29,200,2001-03-29,916407
2001-03-29,200,2001-03-29,154403
2001-03-29,200,2001-03-30,905423
2001-03-29,200,2001-03-30,905173
2001-03-29,200,2001-03-30,916407
2001-03-29,200,2001-03-30,154403
2001-03-29,200,2001-04-02,905423
2001-03-29,200,2001-04-02,905173
2001-03-29,200,2001-04-02,916407
2001-03-29,200,2001-04-02,154403
2001-03-29,200,2001-04-03,905423
2001-03-29,200,2001-04-03,905173
2001-03-29,200,2001-04-03,916407
2001-03-29,200,2001-04-03,154403
2001-03-29,200,2001-04-04,905423
2001-03-29,200,2001-04-04,905173
2001-03-29,200,2001-04-04,916407
2001-03-29,200,2001-04-04,154403
2001-03-29,200,2001-04-05,905423
2001-03-29,200,2001-04-05,905173
2001-03-29,200,2001-04-05,916407
2001-03-29,200,2001-04-05,154403
2001-03-29,200,2001-04-06,905423
2001-03-29,200,2001-04-06,905173
2001-03-29,200,2001-04-06,916407
2001-03-29,200,2001-04-06,154403
2001-03-29,200,2001-04-09,905423
2001-03-29,200,2001-04-09,905173
2001-03-29,200,2001-04-09,916407
2001-03-29,200,2001-04-09,154403
2001-03-29,200,2001-04-10,905423
2001-03-29,200,2001-04-10,905173
2001-03-29,200,2001-04-10,916407
2001-03-29,200,2001-04-10,154403
2001-03-29,200,2001-04-11,905423
2001-03-29,200,2001-04-11,905173
2001-03-29,200,2001-04-11,916407
2001-03-29,200,2001-04-11,154403
2001-03-29,200,2001-04-12,905423
2001-03-29,200,2001-04-12,905173
2001-03-29,200,2001-04-12,916407
2001-03-29,200,2001-04-12,154403
2001-03-29,200,2001-04-16,905423
2001-03-29,200,2001-04-16,905173
2001-03-29,200,2001-04-16,916407
2001-03-29,200,2001-04-16,154403
2001-03-29,200,2001-04-17,905423
2001-03-29,200,2001-04-17,905173
2001-03-29,200,2001-04-17,916407
2001-03-29,200,2001-04-17,154403
2001-03-29,200,2001-04-18,905423
2001-03-29,200,2001-04-18,905173
2001-03-29,200,2001-04-18,916407
2001-03-29,200,2001-04-18,154403
2001-03-29,200,2001-04-19,905423
2001-03-29,200,2001-04-19,905173
2001-03-29,200,2001-04-19,916407
2001-03-29,200,2001-04-19,154403
2001-03-29,200,2001-04-20,905423
2001-03-29,200,2001-04-20,905173
2001-03-29,200,2001-04-20,916407
2001-03-29,200,2001-04-20,154403
2001-03-29,200,2001-04-23,905423
2001-03-29,200,2001-04-23,905173
2001-03-29,200,2001-04-23,916407
2001-03-29,200,2001-04-23,154403
2001-03-29,200,2001-04-24,905423
2001-03-29,200,2001-04-24,905173
2001-03-29,200,2001-04-24,916407
2001-03-29,200,2001-04-24,154403
2001-03-29,200,2001-04-25,905423
2001-03-29,200,2001-04-25,905173
2001-03-29,200,2001-04-25,916407
2001-03-29,200,2001-04-25,154403
2001-03-29,200,2001-04-26,905423
2001-03-29,200,2001-04-26,905173
2001-03-29,200,2001-04-26,916407
2001-03-29,200,2001-04-26,154403
2001-03-29,200,2001-04-27,905423
2001-03-29,200,2001-04-27,905173
2001-03-29,200,2001-04-27,916407
2001-03-29,200,2001-04-27,154403
2001-04-30,200,2001-04-30,154403
2001-04-30,200,2001-05-01,154403
2001-04-30,200,2001-05-02,154403
2001-04-30,200,2001-05-03,154403
2001-04-30,200,2001-05-04,154403
2001-04-30,200,2001-05-07,154403
2001-04-30,200,2001-05-08,154403
2001-04-30,200,2001-05-09,154403
2001-04-30,200,2001-05-10,154403
2001-04-30,200,2001-05-11,154403
2001-04-30,200,2001-05-14,154403
2001-04-30,200,2001-05-15,154403
2001-04-30,200,2001-05-16,154403
2001-04-30,200,2001-05-17,154403
2001-04-30,200,2001-05-18,154403
2001-04-30,200,2001-05-21,154403
2001-04-30,200,2001-05-22,154403
2001-04-30,200,2001-05-23,154403
2001-04-30,200,2001-05-24,154403
2001-04-30,200,2001-05-25,154403
2001-04-30,200,2001-05-29,154403
2001-06-28,100,2001-07-12,696741
2001-06-28,100,2001-07-13,696741
2001-06-28,100,2001-07-16,696741
2001-06-28,100,2001-07-17,696741
2001-06-28,100,2001-07-18,696741
2001-06-28,100,2001-07-19,696741
2001-06-28,100,2001-07-20,696741
2001-06-28,100,2001-07-23,696741
2001-06-28,100,2001-07-24,696741
2001-06-28,100,2001-07-25,696741
2001-06-28,100,2001-07-26,696741
2001-06-28,100,2001-07-27,696741
2001-06-28,200,2001-07-12,696741
2001-06-28,200,2001-07-13,696741
2001-06-28,200,2001-07-16,696741
2001-06-28,200,2001-07-17,696741
2001-06-28,200,2001-07-18,696741
2001-06-28,200,2001-07-19,696741
2001-06-28,200,2001-07-20,696741
2001-06-28,200,2001-07-23,696741
2001-06-28,200,2001-07-24,696741
2001-06-28,200,2001-07-25,696741
2001-06-28,200,2001-07-26,696741
2001-06-28,200,2001-07-27,696741
2001-07-30,100,2001-07-30,696741
2001-07-30,100,2001-07-31,696741
2001-07-30,100,2001-08-01,696741
2001-07-30,100,2001-08-02,696741
2001-07-30,100,2001-08-03,696741
2001-07-30,100,2001-08-06,696741
2001-07-30,100,2001-08-07,696741
2001-07-30,100,2001-08-08,696741
2001-07-30,100,2001-08-09,696741
2001-07-30,100,2001-08-10,696741
2001-07-30,100,2001-08-13,696741
2001-07-30,100,2001-08-14,696741
2001-07-30,100,2001-08-15,696741
2001-07-30,100,2001-08-16,696741
2001-07-30,100,2001-08-17,696741
2001-07-30,100,2001-08-20,696741
2001-07-30,100,2001-08-21,696741
2001-07-30,100,2001-08-22,696741
2001-07-30,100,2001-08-23,696741
2001-07-30,100,2001-08-24,696741
2001-07-30,100,2001-08-27,696741
2001-07-30,200,2001-07-30,696741
2001-07-30,200,2001-07-31,696741
2001-07-30,200,2001-08-01,696741
2001-07-30,200,2001-08-02,696741
2001-07-30,200,2001-08-03,696741
2001-07-30,200,2001-08-03,916695
2001-07-30,200,2001-08-06,696741
2001-07-30,200,2001-08-06,916695
2001-07-30,200,2001-08-07,696741
2001-07-30,200,2001-08-07,916695
2001-07-30,200,2001-08-08,696741
2001-07-30,200,2001-08-08,916695
2001-07-30,200,2001-08-09,696741
2001-07-30,200,2001-08-09,916695
2001-07-30,200,2001-08-10,696741
2001-07-30,200,2001-08-10,916695
2001-07-30,200,2001-08-13,696741
2001-07-30,200,2001-08-13,916695
2001-07-30,200,2001-08-14,696741
2001-07-30,200,2001-08-14,916695
2001-07-30,200,2001-08-15,696741
2001-07-30,200,2001-08-15,916695
2001-07-30,200,2001-08-16,696741
2001-07-30,200,2001-08-16,916695
2001-07-30,200,2001-08-17,696741
2001-07-30,200,2001-08-17,916695
2001-07-30,200,2001-08-20,696741
2001-07-30,200,2001-08-20,916695
2001-07-30,200,2001-08-21,696741
2001-07-30,200,2001-08-21,916695
2001-07-30,200,2001-08-22,696741
2001-07-30,200,2001-08-22,916695
2001-07-30,200,2001-08-23,696741
2001-07-30,200,2001-08-23,916695
2001-07-30,200,2001-08-24,696741
2001-07-30,200,2001-08-24,916695
2001-07-30,200,2001-08-27,696741
2001-07-30,200,2001-08-27,916695
2001-08-28,100,2001-09-19,945551
2001-08-28,200,2001-08-28,916695
2001-08-28,200,2001-08-29,916695
2001-08-28,200,2001-08-30,916695
2001-08-28,200,2001-08-31,916695
2001-08-28,200,2001-09-04,916695
2001-08-28,200,2001-09-05,916695
2001-08-28,200,2001-09-06,916695
2001-08-28,200,2001-09-07,916695
2001-08-28,200,2001-09-10,916695
2001-08-28,200,2001-09-12,916695
2001-08-28,200,2001-09-17,905810
2001-08-28,200,2001-09-17,916695
2001-08-28,200,2001-09-18,905810
2001-08-28,200,2001-09-18,916695
2001-08-28,200,2001-09-19,945551
2001-08-28,200,2001-09-19,905810
2001-08-28,200,2001-09-19,916695
2001-08-28,200,2001-09-20,905810
2001-08-28,200,2001-09-20,916695
2001-08-28,200,2001-09-21,905810
2001-08-28,200,2001-09-21,916695
2001-08-28,200,2001-09-24,905810
2001-08-28,200,2001-09-24,916695
2001-08-28,200,2001-09-25,905810
2001-08-28,200,2001-09-25,916695
2001-08-28,200,2001-09-26,905810
2001-08-28,200,2001-09-26,916695
2001-08-28,200,2001-09-27,905810
2001-08-28,200,2001-09-27,916695
2001-08-28,200,2001-09-28,905810
2001-08-28,200,2001-09-28,916695
2001-08-28,200,2001-10-01,905810
2001-08-28,200,2001-10-01,916695
2001-10-02,100,2001-10-10,912201
2001-10-02,100,2001-10-11,912201
2001-10-02,100,2001-10-12,912201
2001-10-02,100,2001-10-15,912201
2001-10-02,100,2001-10-16,912201
2001-10-02,100,2001-10-17,912201
2001-10-02,100,2001-10-18,912201
2001-10-02,100,2001-10-19,912201
2001-10-02,100,2001-10-22,912201
2001-10-02,100,2001-10-23,912201
2001-10-02,100,2001-10-24,912201
2001-10-02,100,2001-10-25,912201
2001-10-02,100,2001-10-26,912201
2001-10-02,100,2001-10-29,912201
2001-10-02,100,2001-10-30,912201
2001-10-02,200,2001-10-02,905810
2001-10-02,200,2001-10-03,905810
2001-10-02,200,2001-10-04,905810
2001-10-02,200,2001-10-05,905810
2001-10-02,200,2001-10-08,905810
2001-10-02,200,2001-10-09,905810
2001-10-02,200,2001-10-10,912201
2001-10-02,200,2001-10-10,905810
2001-10-02,200,2001-10-11,912201
2001-10-02,200,2001-10-11,905810
2001-10-02,200,2001-10-12,912201
2001-10-02,200,2001-10-12,923253
2001-10-02,200,2001-10-12,905810
2001-10-02,200,2001-10-15,912201
2001-10-02,200,2001-10-15,923253
2001-10-02,200,2001-10-15,905810
2001-10-02,200,2001-10-16,912201
2001-10-02,200,2001-10-16,923253
2001-10-02,200,2001-10-16,905810
2001-10-02,200,2001-10-17,912201
2001-10-02,200,2001-10-17,923253
2001-10-02,200,2001-10-17,905810
2001-10-02,200,2001-10-18,912201
2001-10-02,200,2001-10-18,923253
2001-10-02,200,2001-10-18,905810
2001-10-02,200,2001-10-19,912201
2001-10-02,200,2001-10-19,923253
2001-10-02,200,2001-10-19,905810
2001-10-02,200,2001-10-22,912201
2001-10-02,200,2001-10-22,923253
2001-10-02,200,2001-10-22,905810
2001-10-02,200,2001-10-23,912201
2001-10-02,200,2001-10-23,923253
2001-10-02,200,2001-10-23,905810
2001-10-02,200,2001-10-24,912201
2001-10-02,200,2001-10-24,923253
2001-10-02,200,2001-10-24,905810
2001-10-02,200,2001-10-25,912201
2001-10-02,200,2001-10-25,923253
2001-10-02,200,2001-10-25,905810
2001-10-02,200,2001-10-26,912201
2001-10-02,200,2001-10-26,923253
2001-10-02,200,2001-10-26,905810
2001-10-02,200,2001-10-29,912201
2001-10-02,200,2001-10-29,923253
2001-10-02,200,2001-10-29,905810
2001-10-02,200,2001-10-30,912201
2001-10-02,200,2001-10-30,923253
2001-10-02,200,2001-10-30,905810
2001-10-31,50,2001-11-20,906177
2001-10-31,50,2001-11-21,906177
2001-10-31,50,2001-11-23,906177
2001-10-31,50,2001-11-26,906177
2001-10-31,50,2001-11-27,906177
2001-10-31,50,2001-11-28,906177
2001-10-31,50,2001-11-29,906177
2001-10-31,100,2001-10-31,912201
2001-10-31,100,2001-11-01,912201
2001-10-31,100,2001-11-02,912201
2001-10-31,100,2001-11-05,912201
2001-10-31,100,2001-11-06,912201
2001-10-31,100,2001-11-07,912201
2001-10-31,100,2001-11-08,912201
2001-10-31,100,2001-11-09,912201
2001-10-31,100,2001-11-12,912201
2001-10-31,100,2001-11-13,912201
2001-10-31,100,2001-11-14,912201
2001-10-31,100,2001-11-15,912201
2001-10-31,100,2001-11-16,912201
2001-10-31,100,2001-11-19,912201
2001-10-31,100,2001-11-20,906177
2001-10-31,100,2001-11-20,912201
2001-10-31,100,2001-11-21,906177
2001-10-31,100,2001-11-21,912201
2001-10-31,100,2001-11-23,906177
2001-10-31,100,2001-11-23,912201
2001-10-31,100,2001-11-26,906177
2001-10-31,100,2001-11-26,912201
2001-10-31,100,2001-11-27,906177
2001-10-31,100,2001-11-27,912201
2001-10-31,100,2001-11-28,906177
2001-10-31,100,2001-11-28,912201
2001-10-31,100,2001-11-29,906177
2001-10-31,100,2001-11-29,912201
2001-10-31,200,2001-10-31,912201
2001-10-31,200,2001-10-31,923253
2001-10-31,200,2001-11-01,912201
2001-10-31,200,2001-11-01,923253
2001-10-31,200,2001-11-02,912201
2001-10-31,200,2001-11-02,923253
2001-10-31,200,2001-11-05,912201
2001-10-31,200,2001-11-05,923253
2001-10-31,200,2001-11-06,912201
2001-10-31,200,2001-11-06,923253
2001-10-31,200,2001-11-07,912201
2001-10-31,200,2001-11-07,923253
2001-10-31,200,2001-11-08,912201
2001-10-31,200,2001-11-08,923253
2001-10-31,200,2001-11-09,912201
2001-10-31,200,2001-11-09,923253
2001-10-31,200,2001-11-12,912201
2001-10-31,200,2001-11-12,923253
2001-10-31,200,2001-11-13,912201
2001-10-31,200,2001-11-13,923253
2001-10-31,200,2001-11-14,912201
2001-10-31,200,2001-11-14,923253
2001-10-31,200,2001-11-15,912201
2001-10-31,200,2001-11-15,923253
2001-10-31,200,2001-11-16,912201
2001-10-31,200,2001-11-16,923253
2001-10-31,200,2001-11-19,912201
2001-10-31,200,2001-11-19,923253
2001-10-31,200,2001-11-20,906177
2001-10-31,200,2001-11-20,912201
2001-10-31,200,2001-11-20,923253
2001-10-31,200,2001-11-21,906177
2001-10-31,200,2001-11-21,912201
2001-10-31,200,2001-11-21,923253
2001-10-31,200,2001-11-23,906177
2001-10-31,200,2001-11-23,912201
2001-10-31,200,2001-11-23,923253
2001-10-31,200,2001-11-26,906177
2001-10-31,200,2001-11-26,912201
2001-10-31,200,2001-11-26,923253
2001-10-31,200,2001-11-27,906177
2001-10-31,200,2001-11-27,912201
2001-10-31,200,2001-11-27,923253
2001-10-31,200,2001-11-28,906177
2001-10-31,200,2001-11-28,912201
2001-10-31,200,2001-11-28,923253
2001-10-31,200,2001-11-29,906177
2001-10-31,200,2001-11-29,912201
2001-10-31,200,2001-11-29,923253
2001-11-30,100,2001-11-30,906177
2001-11-30,100,2001-12-03,906177
2001-11-30,100,2001-12-04,906177
2001-11-30,100,2001-12-05,906177
2001-11-30,100,2001-12-06,906177
2001-11-30,100,2001-12-07,906177
2001-11-30,100,2001-12-10,906177
2001-11-30,100,2001-12-11,906177
2001-11-30,100,2001-12-12,906177
2001-11-30,100,2001-12-13,906177
2001-11-30,100,2001-12-14,906177
2001-11-30,100,2001-12-17,906177
2001-11-30,100,2001-12-18,906177
2001-11-30,100,2001-12-19,906177
2001-11-30,100,2001-12-20,906177
2001-11-30,100,2001-12-21,906177
2001-11-30,100,2001-12-24,906177
2001-11-30,100,2001-12-26,906177
2001-11-30,100,2001-12-27,906177
2001-11-30,100,2001-12-28,906177
2001-11-30,100,2001-12-31,906177
2001-11-30,200,2001-11-30,906177
2001-11-30,200,2001-12-03,906177
2001-11-30,200,2001-12-04,906177
2001-11-30,200,2001-12-05,906177
2001-11-30,200,2001-12-06,906177
2001-11-30,200,2001-12-07,906177
2001-11-30,200,2001-12-10,906177
2001-11-30,200,2001-12-11,906177
2001-11-30,200,2001-12-12,906177
2001-11-30,200,2001-12-13,906177
2001-11-30,200,2001-12-14,906177
2001-11-30,200,2001-12-17,906177
2001-11-30,200,2001-12-18,906177
2001-11-30,200,2001-12-19,906177
2001-11-30,200,2001-12-20,906177
2001-11-30,200,2001-12-21,906177
2001-11-30,200,2001-12-24,906177
2001-11-30,200,2001-12-26,906177
2001-11-30,200,2001-12-27,906177
2001-11-30,200,2001-12-28,906177
2001-11-30,200,2001-12-31,906177
2002-02-01,200,2002-02-01,921139
2002-02-01,200,2002-02-04,921139
2002-02-01,200,2002-02-05,921139
2002-02-01,200,2002-02-06,921139
2002-02-01,200,2002-02-07,921139
2002-02-01,200,2002-02-08,921139
2002-02-01,200,2002-02-11,921139
2002-02-01,200,2002-02-12,921139
2002-02-01,200,2002-02-13,921139
2002-02-01,200,2002-02-14,921139
2002-02-01,200,2002-02-15,921139
2002-02-01,200,2002-02-19,921139
2002-02-01,200,2002-02-20,921139
2002-02-01,200,2002-02-21,921139
2002-02-01,200,2002-02-22,921139
2002-02-01,200,2002-02-25,921139
2002-02-01,200,2002-02-26,921139
2002-02-01,200,2002-02-27,921139
2002-02-01,200,2002-02-28,921139
2002-02-01,200,2002-03-01,921139
2002-02-01,200,2002-03-04,921139
2002-06-04,200,2002-06-14,945551
2002-06-04,200,2002-06-17,945551
2002-06-04,200,2002-06-18,945551
2002-06-04,200,2002-06-19,945551
2002-06-04,200,2002-06-20,945551
2002-06-04,200,2002-06-21,945551
2002-06-04,200,2002-06-24,945551
2002-06-04,200,2002-06-25,945551
2002-06-04,200,2002-06-26,945551
2002-06-04,200,2002-06-27,945551
2002-06-04,200,2002-06-28,945551
2002-06-04,200,2002-07-01,945551
2002-06-04,200,2002-07-01,873791
2002-06-04,200,2002-07-02,945551
2002-06-04,200,2002-07-02,873791
2002-07-03,100,2002-07-24,702635
2002-07-03,200,2002-07-03,945551
2002-07-03,200,2002-07-05,945551
2002-07-03,200,2002-07-08,945551
2002-07-03,200,2002-07-09,945551
2002-07-03,200,2002-07-10,945551
2002-07-03,200,2002-07-11,945551
2002-07-03,200,2002-07-12,945551
2002-07-03,200,2002-07-15,945551
2002-07-03,200,2002-07-16,945551
2002-07-03,200,2002-07-17,945551
2002-07-03,200,2002-07-18,945551
2002-07-03,200,2002-07-19,945551
2002-07-03,200,2002-07-22,945551
2002-07-03,200,2002-07-23,945551
2002-07-03,200,2002-07-24,702635
2002-07-03,200,2002-07-24,945551
2002-07-03,200,2002-07-25,945551
2002-07-03,200,2002-07-26,945551
2002-07-03,200,2002-07-29,945551
2002-07-03,200,2002-07-30,945551
2002-07-03,200,2002-07-31,945551
2002-07-03,200,2002-08-01,945551
2002-08-02,200,2002-08-26,328901
2002-08-02,200,2002-08-27,328901
2002-08-02,200,2002-08-28,328901
2002-08-02,200,2002-08-29,328901
2002-08-02,200,2002-08-30,328901
2002-09-03,200,2002-09-03,328901
2002-09-03,200,2002-09-04,328901
2002-09-03,200,2002-09-05,328901
2002-09-03,200,2002-09-06,328901
2002-09-03,200,2002-09-09,328901
2002-09-03,200,2002-09-10,328901
2002-09-03,200,2002-09-11,328901
2002-09-03,200,2002-09-12,328901
2002-09-03,200,2002-09-13,328901
2002-09-03,200,2002-09-16,328901
2002-09-03,200,2002-09-17,328901
2002-09-03,200,2002-09-18,328901
2002-09-03,200,2002-09-19,328901
2002-09-03,200,2002-09-20,328901
2002-09-03,200,2002-09-23,328901
2002-09-03,200,2002-09-24,328901
2002-09-03,200,2002-09-25,328901
2002-09-03,200,2002-09-26,328901
2002-09-03,200,2002-09-27,328901
2002-09-03,200,2002-09-30,328901
2002-09-03,200,2002-10-01,328901
2002-10-02,200,2002-10-11,683342
2002-10-02,200,2002-10-14,683342
2002-10-02,200,2002-10-15,683342
2002-10-02,200,2002-10-16,683342
2002-10-02,200,2002-10-17,683342
2002-10-02,200,2002-10-18,683342
2002-10-02,200,2002-10-21,683342
2002-10-02,200,2002-10-22,683342
2002-10-02,200,2002-10-23,683342
2002-10-02,200,2002-10-24,683342
2002-10-02,200,2002-10-25,683342
2002-10-02,200,2002-10-28,683342
2002-10-02,200,2002-10-29,683342
2002-10-02,200,2002-10-30,683342
2002-10-31,200,2002-10-31,683342
2002-10-31,200,2002-11-01,683342
2002-10-31,200,2002-11-04,683342
2002-10-31,200,2002-11-05,683342
2002-10-31,200,2002-11-06,683342
2002-10-31,200,2002-11-07,683342
2002-10-31,200,2002-11-08,683342
2002-10-31,200,2002-11-11,683342
2002-10-31,200,2002-11-12,683342
2002-10-31,200,2002-11-13,683342
2002-10-31,200,2002-11-14,683342
2002-10-31,200,2002-11-15,683342
2002-10-31,200,2002-11-18,683342
2002-10-31,200,2002-11-19,683342
2002-10-31,200,2002-11-20,683342
2002-10-31,200,2002-11-21,683342
2002-10-31,200,2002-11-22,683342
2002-10-31,200,2002-11-25,683342
2002-10-31,200,2002-11-26,683342
2002-10-31,200,2002-11-27,683342
2002-10-31,200,2002-11-29,683342
2003-05-05,50,2003-05-27,902221
2003-05-05,50,2003-05-28,902221
2003-05-05,50,2003-05-29,902221
2003-05-05,50,2003-05-30,902221
2003-05-05,50,2003-06-02,902221
2003-05-05,50,2003-06-03,902221
2003-05-05,100,2003-05-27,902221
2003-05-05,100,2003-05-28,902221
2003-05-05,100,2003-05-29,902221
2003-05-05,100,2003-05-30,902221
2003-05-05,100,2003-06-02,902221
2003-05-05,100,2003-06-03,902221
2003-05-05,200,2003-05-09,905027
2003-05-05,200,2003-05-12,905027
2003-05-05,200,2003-05-13,905027
2003-05-05,200,2003-05-14,905027
2003-05-05,200,2003-05-15,905027
2003-05-05,200,2003-05-16,905027
2003-05-05,200,2003-05-19,905027
2003-05-05,200,2003-05-20,905027
2003-05-05,200,2003-05-21,905027
2003-05-05,200,2003-05-22,905027
2003-05-05,200,2003-05-23,905027
2003-05-05,200,2003-05-27,902221
2003-05-05,200,2003-05-27,905027
2003-05-05,200,2003-05-28,902221
2003-05-05,200,2003-05-28,905027
2003-05-05,200,2003-05-28,154885
2003-05-05,200,2003-05-29,902221
2003-05-05,200,2003-05-29,905027
2003-05-05,200,2003-05-30,902221
2003-05-05,200,2003-05-30,905027
2003-05-05,200,2003-06-02,902221
2003-05-05,200,2003-06-02,905027
2003-05-05,200,2003-06-03,902221
2003-05-05,200,2003-06-03,905027
2003-06-04,50,2003-06-04,902221
2003-06-04,50,2003-06-05,902221
2003-06-04,50,2003-06-06,902221
2003-06-04,50,2003-06-09,902221
2003-06-04,50,2003-06-10,902221
2003-06-04,50,2003-06-11,902221
2003-06-04,50,2003-06-12,902221
2003-06-04,50,2003-06-13,902221
2003-06-04,50,2003-06-16,902221
2003-06-04,50,2003-06-17,902221
2003-06-04,50,2003-06-18,902221
2003-06-04,50,2003-06-19,902221
2003-06-04,50,2003-06-20,902221
2003-06-04,50,2003-06-23,902221
2003-06-04,50,2003-06-24,902221
2003-06-04,50,2003-06-25,902221
2003-06-04,50,2003-06-26,902221
2003-06-04,50,2003-06-27,902221
2003-06-04,50,2003-06-30,902221
2003-06-04,50,2003-07-01,902221
2003-06-04,50,2003-07-02,902221
2003-06-04,100,2003-06-04,902221
2003-06-04,100,2003-06-05,902221
2003-06-04,100,2003-06-06,902221
2003-06-04,100,2003-06-09,902221
2003-06-04,100,2003-06-10,902221
2003-06-04,100,2003-06-11,902221
2003-06-04,100,2003-06-12,902221
2003-06-04,100,2003-06-13,902221
2003-06-04,100,2003-06-16,902221
2003-06-04,100,2003-06-17,902221
2003-06-04,100,2003-06-18,902221
2003-06-04,100,2003-06-19,902221
2003-06-04,100,2003-06-20,902221
2003-06-04,100,2003-06-23,902221
2003-06-04,100,2003-06-24,902221
2003-06-04,100,2003-06-25,902221
2003-06-04,100,2003-06-26,902221
2003-06-04,100,2003-06-27,902221
2003-06-04,100,2003-06-30,902221
2003-06-04,100,2003-07-01,902221
2003-06-04,100,2003-07-02,902221
2003-06-04,200,2003-06-04,902221
2003-06-04,200,2003-06-04,905027
2003-06-04,200,2003-06-05,902221
2003-06-04,200,2003-06-05,905027
2003-06-04,200,2003-06-06,902221
2003-06-04,200,2003-06-06,905027
2003-06-04,200,2003-06-09,902221
2003-06-04,200,2003-06-09,905027
2003-06-04,200,2003-06-10,902221
2003-06-04,200,2003-06-10,905027
2003-06-04,200,2003-06-11,902221
2003-06-04,200,2003-06-11,905027
2003-06-04,200,2003-06-12,902221
2003-06-04,200,2003-06-12,905027
2003-06-04,200,2003-06-13,902221
2003-06-04,200,2003-06-13,905027
2003-06-04,200,2003-06-16,902221
2003-06-04,200,2003-06-16,905027
2003-06-04,200,2003-06-17,902221
2003-06-04,200,2003-06-17,905027
2003-06-04,200,2003-06-18,902221
2003-06-04,200,2003-06-18,905027
2003-06-04,200,2003-06-19,902221
2003-06-04,200,2003-06-19,905027
2003-06-04,200,2003-06-20,902221
2003-06-04,200,2003-06-20,905027
2003-06-04,200,2003-06-23,902221
2003-06-04,200,2003-06-23,905027
2003-06-04,200,2003-06-24,902221
2003-06-04,200,2003-06-24,905027
2003-06-04,200,2003-06-25,902221
2003-06-04,200,2003-06-25,905027
2003-06-04,200,2003-06-26,902221
2003-06-04,200,2003-06-26,905027
2003-06-04,200,2003-06-27,902221
2003-06-04,200,2003-06-27,905027
2003-06-04,200,2003-06-30,902221
2003-06-04,200,2003-06-30,905027
2003-06-04,200,2003-07-01,902221
2003-06-04,200,2003-07-01,905027
2003-06-04,200,2003-07-02,902221
2003-06-04,200,2003-07-02,905027
2003-07-03,200,2003-08-01,719563
2003-08-04,200,2003-08-04,719563
2003-08-04,200,2003-08-05,719563
2003-08-04,200,2003-08-06,719563
2003-08-04,200,2003-08-07,719563
2003-08-04,200,2003-08-08,719563
2003-08-04,200,2003-08-11,719563
2003-08-04,200,2003-08-12,719563
2003-08-04,200,2003-08-13,719563
2003-08-04,200,2003-08-14,719563
2003-08-04,200,2003-08-15,719563
2003-08-04,200,2003-08-18,719563
2003-08-04,200,2003-08-19,719563
2003-08-04,200,2003-08-20,719563
2003-08-04,200,2003-08-21,719563
2003-08-04,200,2003-08-22,719563
2003-08-04,200,2003-08-25,719563
2003-08-04,200,2003-08-26,719563
2003-08-04,200,2003-08-27,719563
2003-08-04,200,2003-08-28,719563
2003-08-04,200,2003-08-29,719563
2003-08-04,200,2003-09-02,719563
2003-09-03,200,2003-09-03,719563
2003-09-03,200,2003-09-04,719563
2003-09-03,200,2003-09-05,719563
2003-09-03,200,2003-09-08,719563
2003-09-03,200,2003-09-09,719563
2003-09-03,200,2003-09-10,719563
2003-09-03,200,2003-09-11,719563
2003-09-03,200,2003-09-12,719563
2003-09-03,200,2003-09-15,719563
2003-09-03,200,2003-09-16,719563
2003-09-03,200,2003-09-17,719563
2003-09-03,200,2003-09-18,719563
2003-09-03,200,2003-09-19,719563
2003-09-03,200,2003-09-22,719563
2003-09-03,200,2003-09-23,719563
2003-09-03,200,2003-09-24,719563
2003-09-03,200,2003-09-25,719563
2003-09-03,200,2003-09-26,719563
2003-09-03,200,2003-09-29,719563
2003-09-03,200,2003-09-30,719563
2003-09-03,200,2003-10-01,719563
2003-12-02,200,2003-12-23,700458
2003-12-02,200,2003-12-24,700458
2003-12-02,200,2003-12-26,700458
2003-12-02,200,2003-12-29,700458
2003-12-02,200,2003-12-30,700458
2003-12-02,200,2003-12-31,700458
2004-01-02,100,2004-01-27,292499
2004-01-02,200,2004-01-02,700458
2004-01-02,200,2004-01-05,700458
2004-01-02,200,2004-01-06,700458
2004-01-02,200,2004-01-07,700458
2004-01-02,200,2004-01-08,700458
2004-01-02,200,2004-01-09,700458
2004-01-02,200,2004-01-12,700458
2004-01-02,200,2004-01-13,700458
2004-01-02,200,2004-01-14,700458
2004-01-02,200,2004-01-15,700458
2004-01-02,200,2004-01-16,700458
2004-01-02,200,2004-01-20,700458
2004-01-02,200,2004-01-21,700458
2004-01-02,200,2004-01-22,700458
2004-01-02,200,2004-01-23,700458
2004-01-02,200,2004-01-26,700458
2004-01-02,200,2004-01-27,292499
2004-01-02,200,2004-01-27,700458
2004-01-02,200,2004-01-28,700458
2004-01-02,200,2004-01-29,700458
2004-01-02,200,2004-01-30,700458
2004-01-02,200,2004-02-02,700458
2004-04-02,200,2004-04-29,281631
2004-04-02,200,2004-04-30,281631
2004-04-02,200,2004-05-03,281631
2004-05-04,50,2004-05-13,923464
2004-05-04,50,2004-05-14,923464
2004-05-04,50,2004-05-17,923464
2004-05-04,50,2004-05-18,923464
2004-05-04,50,2004-05-19,923464
2004-05-04,50,2004-05-20,923464
2004-05-04,50,2004-05-21,923464
2004-05-04,50,2004-05-24,923464
2004-05-04,50,2004-05-25,923464
2004-05-04,50,2004-05-26,923464
2004-05-04,50,2004-05-27,923464
2004-05-04,50,2004-05-28,923464
2004-05-04,50,2004-06-01,923464
2004-05-04,50,2004-06-02,923464
2004-05-04,100,2004-05-13,923464
2004-05-04,100,2004-05-14,923464
2004-05-04,100,2004-05-17,923464
2004-05-04,100,2004-05-18,923464
2004-05-04,100,2004-05-19,923464
2004-05-04,100,2004-05-20,923464
2004-05-04,100,2004-05-21,923464
2004-05-04,100,2004-05-24,923464
2004-05-04,100,2004-05-25,923464
2004-05-04,100,2004-05-26,923464
2004-05-04,100,2004-05-27,923464
2004-05-04,100,2004-05-28,923464
2004-05-04,100,2004-06-01,923464
2004-05-04,100,2004-06-02,923464
2004-05-04,200,2004-05-04,281631
2004-05-04,200,2004-05-05,281631
2004-05-04,200,2004-05-06,281631
2004-05-04,200,2004-05-07,281631
2004-05-04,200,2004-05-10,281631
2004-05-04,200,2004-05-11,281631
2004-05-04,200,2004-05-12,281631
2004-05-04,200,2004-05-13,923464
2004-05-04,200,2004-05-13,281631
2004-05-04,200,2004-05-14,923464
2004-05-04,200,2004-05-14,281631
2004-05-04,200,2004-05-17,923464
2004-05-04,200,2004-05-17,281631
2004-05-04,200,2004-05-18,923464
2004-05-04,200,2004-05-18,281631
2004-05-04,200,2004-05-19,923464
2004-05-04,200,2004-05-19,281631
2004-05-04,200,2004-05-20,923464
2004-05-04,200,2004-05-20,281631
2004-05-04,200,2004-05-21,923464
2004-05-04,200,2004-05-21,281631
2004-05-04,200,2004-05-24,923464
2004-05-04,200,2004-05-24,281631
2004-05-04,200,2004-05-25,923464
2004-05-04,200,2004-05-25,281631
2004-05-04,200,2004-05-26,923464
2004-05-04,200,2004-05-26,281631
2004-05-04,200,2004-05-27,923464
2004-05-04,200,2004-05-27,281631
2004-05-04,200,2004-05-28,923464
2004-05-04,200,2004-05-28,281631
2004-05-04,200,2004-06-01,923464
2004-05-04,200,2004-06-01,281631
2004-05-04,200,2004-06-02,923464
2004-05-04,200,2004-06-02,281631
2004-06-03,100,2004-06-03,923464
2004-06-03,100,2004-06-04,923464
2004-06-03,100,2004-06-07,923464
2004-06-03,100,2004-06-08,923464
2004-06-03,100,2004-06-09,923464
2004-06-03,100,2004-06-10,923464
2004-06-03,100,2004-06-14,923464
2004-06-03,100,2004-06-15,923464
2004-06-03,100,2004-06-16,923464
2004-06-03,100,2004-06-17,923464
2004-06-03,100,2004-06-18,923464
2004-06-03,100,2004-06-21,923464
2004-06-03,100,2004-06-22,923464
2004-06-03,100,2004-06-23,923464
2004-06-03,100,2004-06-24,923464
2004-06-03,100,2004-06-25,923464
2004-06-03,100,2004-06-28,923464
2004-06-03,100,2004-06-29,923464
2004-06-03,100,2004-06-30,923464
2004-06-03,100,2004-07-01,923464
2004-06-03,100,2004-07-02,923464
2004-06-03,200,2004-06-03,923464
2004-06-03,200,2004-06-03,281631
2004-06-03,200,2004-06-04,923464
2004-06-03,200,2004-06-04,281631
2004-06-03,200,2004-06-07,923464
2004-06-03,200,2004-06-07,281631
2004-06-03,200,2004-06-08,923464
2004-06-03,200,2004-06-08,281631
2004-06-03,200,2004-06-09,923464
2004-06-03,200,2004-06-09,281631
2004-06-03,200,2004-06-10,923464
2004-06-03,200,2004-06-10,281631
2004-06-03,200,2004-06-14,923464
2004-06-03,200,2004-06-14,281631
2004-06-03,200,2004-06-15,923464
2004-06-03,200,2004-06-15,281631
2004-06-03,200,2004-06-16,923464
2004-06-03,200,2004-06-16,281631
2004-06-03,200,2004-06-17,923464
2004-06-03,200,2004-06-17,281631
2004-06-03,200,2004-06-18,923464
2004-06-03,200,2004-06-18,281631
2004-06-03,200,2004-06-21,923464
2004-06-03,200,2004-06-21,281631
2004-06-03,200,2004-06-22,923464
2004-06-03,200,2004-06-22,281631
2004-06-03,200,2004-06-23,923464
2004-06-03,200,2004-06-23,281631
2004-06-03,200,2004-06-24,923464
2004-06-03,200,2004-06-24,281631
2004-06-03,200,2004-06-25,923464
2004-06-03,200,2004-06-25,281631
2004-06-03,200,2004-06-28,923464
2004-06-03,200,2004-06-28,281631
2004-06-03,200,2004-06-29,923464
2004-06-03,200,2004-06-29,281631
2004-06-03,200,2004-06-30,923464
2004-06-03,200,2004-06-30,281631
2004-06-03,200,2004-07-01,923464
2004-06-03,200,2004-07-01,281631
2004-06-03,200,2004-07-02,923464
2004-06-03,200,2004-07-02,281631
2004-08-04,50,2004-08-11,951043
2004-08-04,50,2004-08-12,951043
2004-08-04,50,2004-08-13,951043
2004-08-04,50,2004-08-16,951043
2004-08-04,50,2004-08-17,951043
2004-08-04,50,2004-08-18,951043
2004-08-04,50,2004-08-19,951043
2004-08-04,50,2004-08-20,951043
2004-08-04,50,2004-08-23,951043
2004-08-04,50,2004-08-24,951043
2004-08-04,50,2004-08-25,951043
2004-08-04,50,2004-08-26,951043
2004-08-04,50,2004-08-27,951043
2004-08-04,50,2004-08-30,951043
2004-08-04,50,2004-08-31,951043
2004-08-04,50,2004-09-01,951043
2004-08-04,100,2004-08-11,951043
2004-08-04,100,2004-08-12,951043
2004-08-04,100,2004-08-13,951043
2004-08-04,100,2004-08-16,951043
2004-08-04,100,2004-08-17,951043
2004-08-04,100,2004-08-18,951043
2004-08-04,100,2004-08-19,951043
2004-08-04,100,2004-08-20,951043
2004-08-04,100,2004-08-23,951043
2004-08-04,100,2004-08-24,951043
2004-08-04,100,2004-08-25,951043
2004-08-04,100,2004-08-26,951043
2004-08-04,100,2004-08-27,951043
2004-08-04,100,2004-08-30,951043
2004-08-04,100,2004-08-31,951043
2004-08-04,100,2004-09-01,951043
2004-08-04,200,2004-08-11,951043
2004-08-04,200,2004-08-12,951043
2004-08-04,200,2004-08-13,951043
2004-08-04,200,2004-08-16,951043
2004-08-04,200,2004-08-17,951043
2004-08-04,200,2004-08-18,951043
2004-08-04,200,2004-08-19,951043
2004-08-04,200,2004-08-20,951043
2004-08-04,200,2004-08-23,951043
2004-08-04,200,2004-08-24,951043
2004-08-04,200,2004-08-25,951043
2004-08-04,200,2004-08-26,951043
2004-08-04,200,2004-08-27,951043
2004-08-04,200,2004-08-30,951043
2004-08-04,200,2004-08-31,951043
2004-08-04,200,2004-09-01,951043
2004-09-02,50,2004-09-02,951043
2004-09-02,50,2004-09-03,951043
2004-09-02,50,2004-09-07,951043
2004-09-02,50,2004-09-08,951043
2004-09-02,50,2004-09-09,951043
2004-09-02,50,2004-09-10,951043
2004-09-02,50,2004-09-13,951043
2004-09-02,50,2004-09-14,951043
2004-09-02,50,2004-09-15,951043
2004-09-02,50,2004-09-16,951043
2004-09-02,50,2004-09-17,951043
2004-09-02,50,2004-09-20,951043
2004-09-02,50,2004-09-21,951043
2004-09-02,50,2004-09-22,951043
2004-09-02,50,2004-09-23,951043
2004-09-02,50,2004-09-24,951043
2004-09-02,50,2004-09-27,951043
2004-09-02,50,2004-09-28,951043
2004-09-02,50,2004-09-29,951043
2004-09-02,50,2004-09-30,951043
2004-09-02,50,2004-10-01,951043
2004-09-02,100,2004-09-02,951043
2004-09-02,100,2004-09-03,951043
2004-09-02,100,2004-09-07,951043
2004-09-02,100,2004-09-08,951043
2004-09-02,100,2004-09-09,951043
2004-09-02,100,2004-09-10,951043
2004-09-02,100,2004-09-13,951043
2004-09-02,100,2004-09-14,951043
2004-09-02,100,2004-09-15,951043
2004-09-02,100,2004-09-16,951043
2004-09-02,100,2004-09-17,951043
2004-09-02,100,2004-09-20,951043
2004-09-02,100,2004-09-21,951043
2004-09-02,100,2004-09-22,951043
2004-09-02,100,2004-09-23,951043
2004-09-02,100,2004-09-24,951043
2004-09-02,100,2004-09-27,951043
2004-09-02,100,2004-09-28,951043
2004-09-02,100,2004-09-29,951043
2004-09-02,100,2004-09-30,951043
2004-09-02,100,2004-10-01,951043
2004-09-02,200,2004-09-02,951043
2004-09-02,200,2004-09-03,951043
2004-09-02,200,2004-09-07,951043
2004-09-02,200,2004-09-08,951043
2004-09-02,200,2004-09-09,951043
2004-09-02,200,2004-09-10,951043
2004-09-02,200,2004-09-13,951043
2004-09-02,200,2004-09-14,951043
2004-09-02,200,2004-09-15,951043
2004-09-02,200,2004-09-16,951043
2004-09-02,200,2004-09-17,951043
2004-09-02,200,2004-09-20,951043
2004-09-02,200,2004-09-21,951043
2004-09-02,200,2004-09-22,951043
2004-09-02,200,2004-09-23,951043
2004-09-02,200,2004-09-24,951043
2004-09-02,200,2004-09-27,951043
2004-09-02,200,2004-09-28,951043
2004-09-02,200,2004-09-29,951043
2004-09-02,200,2004-09-30,951043
2004-09-02,200,2004-10-01,951043
2004-12-02,100,2004-12-07,292038
2004-12-02,100,2004-12-08,292038
2004-12-02,100,2004-12-09,292038
2004-12-02,100,2004-12-10,292038
2004-12-02,100,2004-12-13,292038
2004-12-02,100,2004-12-14,292038
2004-12-02,100,2004-12-15,292038
2004-12-02,100,2004-12-16,292038
2004-12-02,100,2004-12-17,292038
2004-12-02,100,2004-12-20,292038
2004-12-02,100,2004-12-21,292038
2004-12-02,100,2004-12-22,292038
2004-12-02,100,2004-12-23,292038
2004-12-02,100,2004-12-27,292038
2004-12-02,100,2004-12-28,292038
2004-12-02,100,2004-12-29,292038
2004-12-02,100,2004-12-30,292038
2004-12-02,100,2004-12-31,292038
2004-12-02,200,2004-12-07,292038
2004-12-02,200,2004-12-08,292038
2004-12-02,200,2004-12-09,292038
2004-12-02,200,2004-12-10,292038
2004-12-02,200,2004-12-10,992303
2004-12-02,200,2004-12-13,292038
2004-12-02,200,2004-12-13,992303
2004-12-02,200,2004-12-14,292038
2004-12-02,200,2004-12-14,729433
2004-12-02,200,2004-12-14,992303
2004-12-02,200,2004-12-15,292038
2004-12-02,200,2004-12-15,729433
2004-12-02,200,2004-12-15,992303
2004-12-02,200,2004-12-16,292038
2004-12-02,200,2004-12-16,729433
2004-12-02,200,2004-12-16,992303
2004-12-02,200,2004-12-17,292038
2004-12-02,200,2004-12-17,729433
2004-12-02,200,2004-12-17,992303
2004-12-02,200,2004-12-20,292038
2004-12-02,200,2004-12-20,729433
2004-12-02,200,2004-12-20,992303
2004-12-02,200,2004-12-21,292038
2004-12-02,200,2004-12-21,729433
2004-12-02,200,2004-12-21,992303
2004-12-02,200,2004-12-22,292038
2004-12-02,200,2004-12-22,729433
2004-12-02,200,2004-12-22,992303
2004-12-02,200,2004-12-23,292038
2004-12-02,200,2004-12-23,729433
2004-12-02,200,2004-12-23,992303
2004-12-02,200,2004-12-27,292038
2004-12-02,200,2004-12-27,729433
2004-12-02,200,2004-12-27,992303
2004-12-02,200,2004-12-28,292038
2004-12-02,200,2004-12-28,729433
2004-12-02,200,2004-12-28,992303
2004-12-02,200,2004-12-29,292038
2004-12-02,200,2004-12-29,729433
2004-12-02,200,2004-12-29,992303
2004-12-02,200,2004-12-30,292038
2004-12-02,200,2004-12-30,729433
2004-12-02,200,2004-12-30,992303
2004-12-02,200,2004-12-31,292038
2004-12-02,200,2004-12-31,729433
2004-12-02,200,2004-12-31,992303
2005-01-03,100,2005-01-03,292038
2005-01-03,100,2005-01-04,292038
2005-01-03,100,2005-01-05,292038
2005-01-03,100,2005-01-06,292038
2005-01-03,100,2005-01-07,292038
2005-01-03,100,2005-01-10,292038
2005-01-03,100,2005-01-11,292038
2005-01-03,100,2005-01-12,292038
2005-01-03,100,2005-01-13,292038
2005-01-03,100,2005-01-14,292038
2005-01-03,100,2005-01-18,292038
2005-01-03,100,2005-01-19,292038
2005-01-03,100,2005-01-20,292038
2005-01-03,100,2005-01-21,292038
2005-01-03,100,2005-01-24,292038
2005-01-03,100,2005-01-25,292038
2005-01-03,100,2005-01-26,292038
2005-01-03,100,2005-01-27,292038
2005-01-03,100,2005-01-28,292038
2005-01-03,100,2005-01-31,292038
2005-01-03,100,2005-02-01,292038
2005-01-03,200,2005-01-03,292038
2005-01-03,200,2005-01-03,729433
2005-01-03,200,2005-01-03,992303
2005-01-03,200,2005-01-04,292038
2005-01-03,200,2005-01-04,729433
2005-01-03,200,2005-01-04,992303
2005-01-03,200,2005-01-05,292038
2005-01-03,200,2005-01-05,729433
2005-01-03,200,2005-01-05,992303
2005-01-03,200,2005-01-06,292038
2005-01-03,200,2005-01-06,729433
2005-01-03,200,2005-01-06,992303
2005-01-03,200,2005-01-07,292038
2005-01-03,200,2005-01-07,729433
2005-01-03,200,2005-01-07,992303
2005-01-03,200,2005-01-10,292038
2005-01-03,200,2005-01-10,729433
2005-01-03,200,2005-01-10,992303
2005-01-03,200,2005-01-11,292038
2005-01-03,200,2005-01-11,729433
2005-01-03,200,2005-01-11,992303
2005-01-03,200,2005-01-12,292038
2005-01-03,200,2005-01-12,327706
2005-01-03,200,2005-01-12,729433
2005-01-03,200,2005-01-12,992303
2005-01-03,200,2005-01-13,292038
2005-01-03,200,2005-01-13,327706
2005-01-03,200,2005-01-13,729433
2005-01-03,200,2005-01-13,992303
2005-01-03,200,2005-01-14,292038
2005-01-03,200,2005-01-14,327706
2005-01-03,200,2005-01-14,729433
2005-01-03,200,2005-01-14,992303
2005-01-03,200,2005-01-18,292038
2005-01-03,200,2005-01-18,327706
2005-01-03,200,2005-01-18,729433
2005-01-03,200,2005-01-18,992303
2005-01-03,200,2005-01-19,292038
2005-01-03,200,2005-01-19,327706
2005-01-03,200,2005-01-19,729433
2005-01-03,200,2005-01-19,992303
2005-01-03,200,2005-01-20,292038
2005-01-03,200,2005-01-20,151671
2005-01-03,200,2005-01-20,327706
2005-01-03,200,2005-01-20,729433
2005-01-03,200,2005-01-20,992303
2005-01-03,200,2005-01-21,292038
2005-01-03,200,2005-01-21,151671
2005-01-03,200,2005-01-21,327706
2005-01-03,200,2005-01-21,729433
2005-01-03,200,2005-01-21,992303
2005-01-03,200,2005-01-24,292038
2005-01-03,200,2005-01-24,151671
2005-01-03,200,2005-01-24,327706
2005-01-03,200,2005-01-24,729433
2005-01-03,200,2005-01-24,992303
2005-01-03,200,2005-01-25,292038
2005-01-03,200,2005-01-25,151671
2005-01-03,200,2005-01-25,327706
2005-01-03,200,2005-01-25,729433
2005-01-03,200,2005-01-25,992303
2005-01-03,200,2005-01-26,292038
2005-01-03,200,2005-01-26,151671
2005-01-03,200,2005-01-26,327706
2005-01-03,200,2005-01-26,729433
2005-01-03,200,2005-01-26,992303
2005-01-03,200,2005-01-27,292038
2005-01-03,200,2005-01-27,151671
2005-01-03,200,2005-01-27,327706
2005-01-03,200,2005-01-27,729433
2005-01-03,200,2005-01-27,992303
2005-01-03,200,2005-01-28,292038
2005-01-03,200,2005-01-28,151671
2005-01-03,200,2005-01-28,327706
2005-01-03,200,2005-01-28,729433
2005-01-03,200,2005-01-28,992303
2005-01-03,200,2005-01-31,292038
2005-01-03,200,2005-01-31,151671
2005-01-03,200,2005-01-31,327706
2005-01-03,200,2005-01-31,729433
2005-01-03,200,2005-01-31,992303
2005-01-03,200,2005-02-01,292038
2005-01-03,200,2005-02-01,151671
2005-01-03,200,2005-02-01,327706
2005-01-03,200,2005-02-01,729433
2005-01-03,200,2005-02-01,992303
2005-02-02,200,2005-02-02,151671
2005-02-02,200,2005-02-02,327706
2005-02-02,200,2005-02-03,151671
2005-02-02,200,2005-02-03,327706
2005-02-02,200,2005-02-04,151671
2005-02-02,200,2005-02-04,327706
2005-02-02,200,2005-02-07,151671
2005-02-02,200,2005-02-07,327706
2005-02-02,200,2005-02-08,151671
2005-02-02,200,2005-02-08,327706
2005-02-02,200,2005-02-09,151671
2005-02-02,200,2005-02-09,327706
2005-02-02,200,2005-02-10,151671
2005-02-02,200,2005-02-10,327706
2005-02-02,200,2005-02-11,151671
2005-02-02,200,2005-02-11,327706
2005-02-02,200,2005-02-14,151671
2005-02-02,200,2005-02-14,327706
2005-02-02,200,2005-02-15,151671
2005-02-02,200,2005-02-15,327706
2005-02-02,200,2005-02-16,151671
2005-02-02,200,2005-02-16,327706
2005-02-02,200,2005-02-17,151671
2005-02-02,200,2005-02-17,327706
2005-02-02,200,2005-02-18,151671
2005-02-02,200,2005-02-18,327706
2005-02-02,200,2005-02-22,151671
2005-02-02,200,2005-02-22,327706
2005-02-02,200,2005-02-23,151671
2005-02-02,200,2005-02-23,327706
2005-02-02,200,2005-02-24,151671
2005-02-02,200,2005-02-24,327706
2005-02-02,200,2005-02-25,151671
2005-02-02,200,2005-02-25,327706
2005-02-02,200,2005-02-28,151671
2005-02-02,200,2005-02-28,327706
2005-02-02,200,2005-03-01,151671
2005-02-02,200,2005-03-01,327706
2005-02-02,200,2005-03-02,151671
2005-02-02,200,2005-03-02,327706
2005-02-02,200,2005-03-03,151671
2005-02-02,200,2005-03-03,327706
2005-03-04,200,2005-03-22,689315
2005-03-04,200,2005-03-23,689315
2005-03-04,200,2005-03-24,689315
2005-03-04,200,2005-03-28,689315
2005-03-04,200,2005-03-29,689315
2005-03-04,200,2005-03-30,689315
2005-03-04,200,2005-03-31,689315
2005-03-04,200,2005-04-01,689315
2005-03-04,200,2005-04-04,689315
2005-04-05,200,2005-04-05,689315
2005-04-05,200,2005-04-06,689315
2005-04-05,200,2005-04-07,689315
2005-04-05,200,2005-04-08,689315
2005-04-05,200,2005-04-11,689315
2005-04-05,200,2005-04-12,689315
2005-04-05,200,2005-04-13,689315
2005-04-05,200,2005-04-14,689315
2005-04-05,200,2005-04-15,689315
2005-04-05,200,2005-04-18,689315
2005-04-05,200,2005-04-19,689315
2005-04-05,200,2005-04-20,689315
2005-04-05,200,2005-04-21,689315
2005-04-05,200,2005-04-22,689315
2005-04-05,200,2005-04-25,689315
2005-04-05,200,2005-04-26,689315
2005-04-05,200,2005-04-27,689315
2005-04-05,200,2005-04-28,689315
2005-04-05,200,2005-04-29,689315
2005-04-05,200,2005-05-02,689315
2005-04-05,200,2005-05-03,689315
2005-07-05,100,2005-07-12,292499
2005-07-05,100,2005-07-13,292499
2005-07-05,100,2005-07-14,292499
2005-07-05,100,2005-07-15,292499
2005-07-05,100,2005-07-18,292499
2005-07-05,100,2005-07-19,292499
2005-07-05,100,2005-07-20,292499
2005-07-05,100,2005-07-21,292499
2005-07-05,100,2005-07-22,292499
2005-07-05,100,2005-07-25,292499
2005-07-05,100,2005-07-26,292499
2005-07-05,100,2005-07-27,292499
2005-07-05,100,2005-07-28,292499
2005-07-05,100,2005-07-29,292499
2005-07-05,100,2005-08-01,292499
2005-07-05,100,2005-08-02,292499
2005-07-05,200,2005-07-12,292499
2005-07-05,200,2005-07-13,292499
2005-07-05,200,2005-07-14,292499
2005-07-05,200,2005-07-15,292499
2005-07-05,200,2005-07-18,292499
2005-07-05,200,2005-07-19,292499
2005-07-05,200,2005-07-20,292499
2005-07-05,200,2005-07-21,292499
2005-07-05,200,2005-07-22,292499
2005-07-05,200,2005-07-25,292499
2005-07-05,200,2005-07-26,292499
2005-07-05,200,2005-07-27,292499
2005-07-05,200,2005-07-28,292499
2005-07-05,200,2005-07-29,292499
2005-07-05,200,2005-08-01,292499
2005-07-05,200,2005-08-02,292499
2005-08-03,200,2005-08-03,292499
2005-08-03,200,2005-08-04,292499
2005-08-03,200,2005-08-05,292499
2005-08-03,200,2005-08-08,292499
2005-08-03,200,2005-08-09,292499
2005-08-03,200,2005-08-10,292499
2005-08-03,200,2005-08-11,292499
2005-08-03,200,2005-08-12,292499
2005-08-03,200,2005-08-15,292499
2005-08-03,200,2005-08-16,292499
2005-08-03,200,2005-08-17,292499
2005-08-03,200,2005-08-18,292499
2005-08-03,200,2005-08-19,292499
2005-08-03,200,2005-08-22,292499
2005-08-03,200,2005-08-23,292499
2005-08-03,200,2005-08-24,292499
2005-08-03,200,2005-08-25,292499
2005-08-03,200,2005-08-26,292499
2005-08-03,200,2005-08-29,292499
2005-08-03,200,2005-08-30,292499
2005-08-03,200,2005-08-31,292499
2005-09-01,100,2005-09-23,546393
2005-09-01,100,2005-09-26,546393
2005-09-01,100,2005-09-27,546393
2005-09-01,100,2005-09-28,546393
2005-09-01,100,2005-09-29,546393
2005-09-01,100,2005-09-30,546393
2005-09-01,200,2005-09-21,904263
2005-09-01,200,2005-09-22,904263
2005-09-01,200,2005-09-23,546393
2005-09-01,200,2005-09-23,904263
2005-09-01,200,2005-09-26,546393
2005-09-01,200,2005-09-26,904263
2005-09-01,200,2005-09-27,546393
2005-09-01,200,2005-09-27,904263
2005-09-01,200,2005-09-28,546393
2005-09-01,200,2005-09-28,904263
2005-09-01,200,2005-09-29,546393
2005-09-01,200,2005-09-29,904263
2005-09-01,200,2005-09-30,546393
2005-09-01,200,2005-09-30,904263
2005-10-03,50,2005-10-03,905078
2005-10-03,50,2005-10-04,905078
2005-10-03,50,2005-10-05,905078
2005-10-03,50,2005-10-06,905078
2005-10-03,50,2005-10-07,905078
2005-10-03,50,2005-10-10,905078
2005-10-03,50,2005-10-11,905078
2005-10-03,50,2005-10-12,905078
2005-10-03,50,2005-10-13,905078
2005-10-03,50,2005-10-14,905078
2005-10-03,50,2005-10-17,905078
2005-10-03,50,2005-10-18,905078
2005-10-03,50,2005-10-19,905078
2005-10-03,50,2005-10-20,905078
2005-10-03,50,2005-10-21,905078
2005-10-03,50,2005-10-24,905078
2005-10-03,50,2005-10-25,905078
2005-10-03,50,2005-10-26,905078
2005-10-03,50,2005-10-27,905078
2005-10-03,50,2005-10-28,905078
2005-10-03,50,2005-10-31,905078
2005-10-03,100,2005-10-03,905078
2005-10-03,100,2005-10-03,546393
2005-10-03,100,2005-10-04,905078
2005-10-03,100,2005-10-04,546393
2005-10-03,100,2005-10-05,905078
2005-10-03,100,2005-10-05,546393
2005-10-03,100,2005-10-06,905078
2005-10-03,100,2005-10-06,546393
2005-10-03,100,2005-10-07,905078
2005-10-03,100,2005-10-07,546393
2005-10-03,100,2005-10-10,905078
2005-10-03,100,2005-10-10,546393
2005-10-03,100,2005-10-11,905078
2005-10-03,100,2005-10-11,546393
2005-10-03,100,2005-10-12,905078
2005-10-03,100,2005-10-12,546393
2005-10-03,100,2005-10-13,905078
2005-10-03,100,2005-10-13,546393
2005-10-03,100,2005-10-14,905078
2005-10-03,100,2005-10-14,546393
2005-10-03,100,2005-10-17,905078
2005-10-03,100,2005-10-17,546393
2005-10-03,100,2005-10-18,905078
2005-10-03,100,2005-10-18,546393
2005-10-03,100,2005-10-19,905078
2005-10-03,100,2005-10-19,546393
2005-10-03,100,2005-10-20,905078
2005-10-03,100,2005-10-20,546393
2005-10-03,100,2005-10-21,905078
2005-10-03,100,2005-10-21,546393
2005-10-03,100,2005-10-24,905078
2005-10-03,100,2005-10-24,546393
2005-10-03,100,2005-10-25,905078
2005-10-03,100,2005-10-25,546393
2005-10-03,100,2005-10-26,905078
2005-10-03,100,2005-10-26,546393
2005-10-03,100,2005-10-27,905078
2005-10-03,100,2005-10-27,546393
2005-10-03,100,2005-10-28,905078
2005-10-03,100,2005-10-28,546393
2005-10-03,100,2005-10-31,905078
2005-10-03,100,2005-10-31,546393
2005-10-03,200,2005-10-03,905078
2005-10-03,200,2005-10-03,546393
2005-10-03,200,2005-10-03,904263
2005-10-03,200,2005-10-04,905078
2005-10-03,200,2005-10-04,546393
2005-10-03,200,2005-10-04,904263
2005-10-03,200,2005-10-05,905078
2005-10-03,200,2005-10-05,546393
2005-10-03,200,2005-10-05,904263
2005-10-03,200,2005-10-06,905078
2005-10-03,200,2005-10-06,546393
2005-10-03,200,2005-10-06,904263
2005-10-03,200,2005-10-07,905078
2005-10-03,200,2005-10-07,546393
2005-10-03,200,2005-10-07,904263
2005-10-03,200,2005-10-10,905078
2005-10-03,200,2005-10-10,546393
2005-10-03,200,2005-10-10,904263
2005-10-03,200,2005-10-11,905078
2005-10-03,200,2005-10-11,546393
2005-10-03,200,2005-10-11,904263
2005-10-03,200,2005-10-12,905078
2005-10-03,200,2005-10-12,546393
2005-10-03,200,2005-10-12,904263
2005-10-03,200,2005-10-13,905078
2005-10-03,200,2005-10-13,546393
2005-10-03,200,2005-10-13,904263
2005-10-03,200,2005-10-14,905078
2005-10-03,200,2005-10-14,546393
2005-10-03,200,2005-10-14,904263
2005-10-03,200,2005-10-17,905078
2005-10-03,200,2005-10-17,546393
2005-10-03,200,2005-10-17,904263
2005-10-03,200,2005-10-18,905078
2005-10-03,200,2005-10-18,546393
2005-10-03,200,2005-10-18,904263
2005-10-03,200,2005-10-19,905078
2005-10-03,200,2005-10-19,546393
2005-10-03,200,2005-10-19,904263
2005-10-03,200,2005-10-20,905078
2005-10-03,200,2005-10-20,546393
2005-10-03,200,2005-10-20,904263
2005-10-03,200,2005-10-21,905078
2005-10-03,200,2005-10-21,546393
2005-10-03,200,2005-10-21,904263
2005-10-03,200,2005-10-24,905078
2005-10-03,200,2005-10-24,546393
2005-10-03,200,2005-10-24,904263
2005-10-03,200,2005-10-25,905078
2005-10-03,200,2005-10-25,546393
2005-10-03,200,2005-10-25,904263
2005-10-03,200,2005-10-26,905078
2005-10-03,200,2005-10-26,546393
2005-10-03,200,2005-10-26,904263
2005-10-03,200,2005-10-27,905078
2005-10-03,200,2005-10-27,546393
2005-10-03,200,2005-10-27,904263
2005-10-03,200,2005-10-28,905078
2005-10-03,200,2005-10-28,546393
2005-10-03,200,2005-10-28,904263
2005-10-03,200,2005-10-31,905078
2005-10-03,200,2005-10-31,546393
2005-10-03,200,2005-10-31,904263
2005-11-01,50,2005-11-01,905078
2005-11-01,50,2005-11-02,905078
2005-11-01,50,2005-11-03,905078
2005-11-01,50,2005-11-04,905078
2005-11-01,50,2005-11-07,905078
2005-11-01,50,2005-11-08,905078
2005-11-01,50,2005-11-09,905078
2005-11-01,50,2005-11-10,905078
2005-11-01,50,2005-11-11,905078
2005-11-01,50,2005-11-14,905078
2005-11-01,50,2005-11-15,905078
2005-11-01,50,2005-11-16,905078
2005-11-01,50,2005-11-17,905078
2005-11-01,50,2005-11-18,905078
2005-11-01,50,2005-11-21,905078
2005-11-01,50,2005-11-22,905078
2005-11-01,50,2005-11-23,905078
2005-11-01,50,2005-11-25,905078
2005-11-01,50,2005-11-28,905078
2005-11-01,50,2005-11-29,905078
2005-11-01,50,2005-11-30,905078
2005-11-01,100,2005-11-01,905078
2005-11-01,100,2005-11-02,905078
2005-11-01,100,2005-11-03,905078
2005-11-01,100,2005-11-04,905078
2005-11-01,100,2005-11-07,905078
2005-11-01,100,2005-11-08,905078
2005-11-01,100,2005-11-09,905078
2005-11-01,100,2005-11-10,905078
2005-11-01,100,2005-11-11,905078
2005-11-01,100,2005-11-14,905078
2005-11-01,100,2005-11-15,905078
2005-11-01,100,2005-11-16,905078
2005-11-01,100,2005-11-17,905078
2005-11-01,100,2005-11-18,905078
2005-11-01,100,2005-11-21,905078
2005-11-01,100,2005-11-22,905078
2005-11-01,100,2005-11-23,905078
2005-11-01,100,2005-11-25,905078
2005-11-01,100,2005-11-28,905078
2005-11-01,100,2005-11-29,905078
2005-11-01,100,2005-11-30,905078
2005-11-01,200,2005-11-01,905078
2005-11-01,200,2005-11-02,905078
2005-11-01,200,2005-11-03,905078
2005-11-01,200,2005-11-04,905078
2005-11-01,200,2005-11-07,905078
2005-11-01,200,2005-11-08,905078
2005-11-01,200,2005-11-09,905078
2005-11-01,200,2005-11-10,905078
2005-11-01,200,2005-11-11,905078
2005-11-01,200,2005-11-14,905078
2005-11-01,200,2005-11-15,905078
2005-11-01,200,2005-11-16,905078
2005-11-01,200,2005-11-17,905078
2005-11-01,200,2005-11-18,905078
2005-11-01,200,2005-11-21,905078
2005-11-01,200,2005-11-21,905261
2005-11-01,200,2005-11-22,905078
2005-11-01,200,2005-11-22,905261
2005-11-01,200,2005-11-23,905078
2005-11-01,200,2005-11-23,905261
2005-11-01,200,2005-11-25,905078
2005-11-01,200,2005-11-25,905261
2005-11-01,200,2005-11-28,905078
2005-11-01,200,2005-11-28,905261
2005-11-01,200,2005-11-29,905078
2005-11-01,200,2005-11-29,905261
2005-11-01,200,2005-11-30,905078
2005-11-01,200,2005-11-30,905261
2005-12-01,200,2005-12-01,905261
2005-12-01,200,2005-12-02,905261
2005-12-01,200,2005-12-05,905261
2005-12-01,200,2005-12-06,905261
2005-12-01,200,2005-12-07,905261
2005-12-01,200,2005-12-08,905261
2005-12-01,200,2005-12-09,905261
2005-12-01,200,2005-12-12,905261
2005-12-01,200,2005-12-13,905261
2005-12-01,200,2005-12-14,905261
2005-12-01,200,2005-12-15,905261
2005-12-01,200,2005-12-16,905261
2005-12-01,200,2005-12-19,905261
2005-12-01,200,2005-12-20,905261
2005-12-01,200,2005-12-21,905261
2005-12-01,200,2005-12-22,905261
2005-12-01,200,2005-12-23,905261
2005-12-01,200,2005-12-27,905261
2005-12-01,200,2005-12-28,905261
2005-12-01,200,2005-12-29,905261
2005-12-01,200,2005-12-30,905261
2006-01-03,100,2006-01-03,544345
2006-01-03,100,2006-01-04,544345
2006-01-03,100,2006-01-05,544345
2006-01-03,100,2006-01-06,544345
2006-01-03,100,2006-01-09,544345
2006-01-03,100,2006-01-10,544345
2006-01-03,100,2006-01-11,544345
2006-01-03,100,2006-01-12,544345
2006-01-03,100,2006-01-13,544345
2006-01-03,100,2006-01-17,544345
2006-01-03,100,2006-01-18,544345
2006-01-03,100,2006-01-19,544345
2006-01-03,100,2006-01-20,544345
2006-01-03,100,2006-01-23,544345
2006-01-03,100,2006-01-24,544345
2006-01-03,100,2006-01-25,544345
2006-01-03,100,2006-01-26,544345
2006-01-03,100,2006-01-27,544345
2006-01-03,100,2006-01-30,544345
2006-01-03,100,2006-01-31,544345
2006-01-03,100,2006-02-01,544345
2006-01-03,200,2006-01-03,544345
2006-01-03,200,2006-01-04,544345
2006-01-03,200,2006-01-05,544345
2006-01-03,200,2006-01-06,544345
2006-01-03,200,2006-01-09,544345
2006-01-03,200,2006-01-10,544345
2006-01-03,200,2006-01-11,544345
2006-01-03,200,2006-01-12,544345
2006-01-03,200,2006-01-13,544345
2006-01-03,200,2006-01-17,544345
2006-01-03,200,2006-01-18,544345
2006-01-03,200,2006-01-19,544345
2006-01-03,200,2006-01-20,544345
2006-01-03,200,2006-01-23,544345
2006-01-03,200,2006-01-24,544345
2006-01-03,200,2006-01-25,544345
2006-01-03,200,2006-01-26,544345
2006-01-03,200,2006-01-27,544345
2006-01-03,200,2006-01-30,544345
2006-01-03,200,2006-01-31,544345
2006-01-03,200,2006-02-01,544345
2006-02-02,100,2006-02-02,544345
2006-02-02,100,2006-02-03,544345
2006-02-02,100,2006-02-06,544345
2006-02-02,100,2006-02-07,544345
2006-02-02,100,2006-02-08,544345
2006-02-02,100,2006-02-09,544345
2006-02-02,100,2006-02-10,544345
2006-02-02,100,2006-02-13,544345
2006-02-02,100,2006-02-14,544345
2006-02-02,100,2006-02-15,544345
2006-02-02,100,2006-02-16,544345
2006-02-02,100,2006-02-17,544345
2006-02-02,100,2006-02-21,544345
2006-02-02,100,2006-02-22,544345
2006-02-02,100,2006-02-23,544345
2006-02-02,100,2006-02-24,544345
2006-02-02,100,2006-02-27,544345
2006-02-02,100,2006-02-28,544345
2006-02-02,100,2006-03-01,544345
2006-02-02,100,2006-03-02,544345
2006-02-02,100,2006-03-03,544345
2006-02-02,200,2006-02-02,544345
2006-02-02,200,2006-02-03,544345
2006-02-02,200,2006-02-06,544345
2006-02-02,200,2006-02-07,544345
2006-02-02,200,2006-02-08,544345
2006-02-02,200,2006-02-09,544345
2006-02-02,200,2006-02-10,544345
2006-02-02,200,2006-02-13,544345
2006-02-02,200,2006-02-14,544345
2006-02-02,200,2006-02-15,544345
2006-02-02,200,2006-02-16,544345
2006-02-02,200,2006-02-17,544345
2006-02-02,200,2006-02-21,544345
2006-02-02,200,2006-02-22,544345
2006-02-02,200,2006-02-23,544345
2006-02-02,200,2006-02-24,544345
2006-02-02,200,2006-02-27,544345
2006-02-02,200,2006-02-28,544345
2006-02-02,200,2006-03-01,544345
2006-02-02,200,2006-03-02,544345
2006-02-02,200,2006-03-03,544345
2006-04-04,200,2006-04-24,149488
2006-04-04,200,2006-04-25,149488
2006-04-04,200,2006-04-26,149488
2006-04-04,200,2006-04-27,149488
2006-04-04,200,2006-04-28,149488
2006-04-04,200,2006-05-01,149488
2006-04-04,200,2006-05-02,149488
2006-04-04,200,2006-05-03,149488
2006-05-04,100,2006-05-12,777011
2006-05-04,100,2006-05-15,777011
2006-05-04,100,2006-05-16,777011
2006-05-04,100,2006-05-17,777011
2006-05-04,100,2006-05-18,777011
2006-05-04,100,2006-05-19,777011
2006-05-04,100,2006-05-22,777011
2006-05-04,100,2006-05-23,777011
2006-05-04,100,2006-05-24,777011
2006-05-04,100,2006-05-25,777011
2006-05-04,100,2006-05-26,777011
2006-05-04,100,2006-05-30,777011
2006-05-04,100,2006-05-31,777011
2006-05-04,100,2006-06-01,777011
2006-05-04,100,2006-06-02,777011
2006-05-04,200,2006-05-04,149488
2006-05-04,200,2006-05-05,149488
2006-05-04,200,2006-05-08,149488
2006-05-04,200,2006-05-09,149488
2006-05-04,200,2006-05-10,149488
2006-05-04,200,2006-05-10,152908
2006-05-04,200,2006-05-11,149488
2006-05-04,200,2006-05-11,152908
2006-05-04,200,2006-05-12,777011
2006-05-04,200,2006-05-12,149488
2006-05-04,200,2006-05-12,152908
2006-05-04,200,2006-05-15,777011
2006-05-04,200,2006-05-15,149488
2006-05-04,200,2006-05-15,152908
2006-05-04,200,2006-05-16,777011
2006-05-04,200,2006-05-16,149488
2006-05-04,200,2006-05-16,152908
2006-05-04,200,2006-05-17,777011
2006-05-04,200,2006-05-17,149488
2006-05-04,200,2006-05-17,152908
2006-05-04,200,2006-05-18,777011
2006-05-04,200,2006-05-18,149488
2006-05-04,200,2006-05-18,152908
2006-05-04,200,2006-05-19,777011
2006-05-04,200,2006-05-19,149488
2006-05-04,200,2006-05-19,152908
2006-05-04,200,2006-05-22,777011
2006-05-04,200,2006-05-22,149488
2006-05-04,200,2006-05-22,152908
2006-05-04,200,2006-05-23,777011
2006-05-04,200,2006-05-23,149488
2006-05-04,200,2006-05-23,152908
2006-05-04,200,2006-05-24,777011
2006-05-04,200,2006-05-24,149488
2006-05-04,200,2006-05-24,152908
2006-05-04,200,2006-05-25,777011
2006-05-04,200,2006-05-25,149488
2006-05-04,200,2006-05-25,152908
2006-05-04,200,2006-05-26,777011
2006-05-04,200,2006-05-26,149488
2006-05-04,200,2006-05-26,152908
2006-05-04,200,2006-05-30,777011
2006-05-04,200,2006-05-30,149488
2006-05-04,200,2006-05-30,152908
2006-05-04,200,2006-05-31,777011
2006-05-04,200,2006-05-31,149488
2006-05-04,200,2006-05-31,152908
2006-05-04,200,2006-06-01,777011
2006-05-04,200,2006-06-01,149488
2006-05-04,200,2006-06-01,152908
2006-05-04,200,2006-06-02,777011
2006-05-04,200,2006-06-02,149488
2006-05-04,200,2006-06-02,152908
2006-06-05,100,2006-06-05,777011
2006-06-05,100,2006-06-06,777011
2006-06-05,100,2006-06-07,777011
2006-06-05,100,2006-06-08,777011
2006-06-05,100,2006-06-09,777011
2006-06-05,100,2006-06-12,777011
2006-06-05,100,2006-06-13,777011
2006-06-05,100,2006-06-14,777011
2006-06-05,100,2006-06-15,777011
2006-06-05,100,2006-06-16,777011
2006-06-05,100,2006-06-19,777011
2006-06-05,100,2006-06-20,777011
2006-06-05,100,2006-06-21,777011
2006-06-05,100,2006-06-22,777011
2006-06-05,100,2006-06-23,777011
2006-06-05,100,2006-06-26,777011
2006-06-05,100,2006-06-27,777011
2006-06-05,100,2006-06-28,777011
2006-06-05,100,2006-06-29,777011
2006-06-05,100,2006-06-30,777011
2006-06-05,100,2006-07-03,777011
2006-06-05,200,2006-06-05,777011
2006-06-05,200,2006-06-05,152908
2006-06-05,200,2006-06-06,777011
2006-06-05,200,2006-06-06,152908
2006-06-05,200,2006-06-07,777011
2006-06-05,200,2006-06-07,152908
2006-06-05,200,2006-06-08,777011
2006-06-05,200,2006-06-08,152908
2006-06-05,200,2006-06-09,777011
2006-06-05,200,2006-06-09,152908
2006-06-05,200,2006-06-12,777011
2006-06-05,200,2006-06-12,152908
2006-06-05,200,2006-06-13,777011
2006-06-05,200,2006-06-13,152908
2006-06-05,200,2006-06-14,777011
2006-06-05,200,2006-06-14,152908
2006-06-05,200,2006-06-15,777011
2006-06-05,200,2006-06-15,152908
2006-06-05,200,2006-06-16,777011
2006-06-05,200,2006-06-16,152908
2006-06-05,200,2006-06-19,777011
2006-06-05,200,2006-06-19,152908
2006-06-05,200,2006-06-20,777011
2006-06-05,200,2006-06-20,152908
2006-06-05,200,2006-06-21,777011
2006-06-05,200,2006-06-21,152908
2006-06-05,200,2006-06-22,777011
2006-06-05,200,2006-06-22,152908
2006-06-05,200,2006-06-23,777011
2006-06-05,200,2006-06-23,152908
2006-06-05,200,2006-06-26,777011
2006-06-05,200,2006-06-26,152908
2006-06-05,200,2006-06-27,777011
2006-06-05,200,2006-06-27,152908
2006-06-05,200,2006-06-28,777011
2006-06-05,200,2006-06-28,152908
2006-06-05,200,2006-06-29,777011
2006-06-05,200,2006-06-29,152908
2006-06-05,200,2006-06-30,777011
2006-06-05,200,2006-06-30,152908
2006-06-05,200,2006-07-03,777011
2006-06-05,200,2006-07-03,152908
2006-08-03,200,2006-08-11,905142
2006-08-03,200,2006-08-14,905142
2006-08-03,200,2006-08-15,905142
2006-08-03,200,2006-08-16,905142
2006-08-03,200,2006-08-17,905142
2006-08-03,200,2006-08-18,905142
2006-08-03,200,2006-08-21,905142
2006-08-03,200,2006-08-22,905142
2006-08-03,200,2006-08-23,905142
2006-08-03,200,2006-08-24,905142
2006-08-03,200,2006-08-25,905142
2006-08-03,200,2006-08-28,905142
2006-08-03,200,2006-08-29,905142
2006-08-03,200,2006-08-30,905142
2006-08-03,200,2006-08-31,905142
2006-09-01,200,2006-09-01,905142
2006-09-01,200,2006-09-05,905142
2006-09-01,200,2006-09-06,905142
2006-09-01,200,2006-09-07,905142
2006-09-01,200,2006-09-08,905142
2006-09-01,200,2006-09-11,905142
2006-09-01,200,2006-09-12,905142
2006-09-01,200,2006-09-13,905142
2006-09-01,200,2006-09-14,905142
2006-09-01,200,2006-09-15,905142
2006-09-01,200,2006-09-18,905142
2006-09-01,200,2006-09-19,905142
2006-09-01,200,2006-09-20,905142
2006-09-01,200,2006-09-21,905142
2006-09-01,200,2006-09-22,905142
2006-09-01,200,2006-09-25,905142
2006-09-01,200,2006-09-26,905142
2006-09-01,200,2006-09-27,905142
2006-09-01,200,2006-09-28,905142
2006-09-01,200,2006-09-29,905142
2006-09-01,200,2006-10-02,923564
2006-09-01,200,2006-10-02,905142
2006-10-03,200,2006-10-03,923564
2006-10-03,200,2006-10-04,923564
2006-10-03,200,2006-10-05,923564
2006-10-03,200,2006-10-06,923564
2006-10-03,200,2006-10-09,923564
2006-10-03,200,2006-10-10,923564
2006-10-03,200,2006-10-11,923564
2006-10-03,200,2006-10-12,923564
2006-10-03,200,2006-10-13,923564
2006-10-03,200,2006-10-16,923564
2006-10-03,200,2006-10-17,923564
2006-10-03,200,2006-10-18,923564
2006-10-03,200,2006-10-19,923564
2006-10-03,200,2006-10-20,923564
2006-10-03,200,2006-10-23,923564
2006-10-03,200,2006-10-24,923564
2006-10-03,200,2006-10-25,923564
2006-10-03,200,2006-10-26,923564
2006-10-03,200,2006-10-27,923564
2006-10-03,200,2006-10-30,923564
2006-10-03,200,2006-10-31,923564
2006-11-01,200,2006-11-01,923564
2006-11-01,200,2006-11-02,923564
2006-11-01,200,2006-11-03,923564
2006-11-01,200,2006-11-06,923564
2006-11-01,200,2006-11-07,923564
2006-11-01,200,2006-11-08,923564
2006-11-01,200,2006-11-09,923564
2006-11-01,200,2006-11-10,923564
2006-11-01,200,2006-11-13,923564
2006-11-01,200,2006-11-14,923564
2006-11-01,200,2006-11-15,923564
2006-11-01,200,2006-11-16,923564
2006-11-01,200,2006-11-17,923564
2006-11-01,200,2006-11-20,923564
2006-11-01,200,2006-11-21,923564
2006-11-01,200,2006-11-22,923564
2006-11-01,200,2006-11-24,923564
2006-11-01,200,2006-11-27,923564
2006-11-01,200,2006-11-28,923564
2006-11-01,200,2006-11-29,923564
2006-11-01,200,2006-11-30,923564
2006-12-01,50,2007-01-03,945385
2006-12-01,100,2007-01-03,945385
2006-12-01,200,2007-01-03,945385
2006-12-01,200,2007-01-03,543446
2007-01-04,50,2007-01-04,945385
2007-01-04,50,2007-01-05,945385
2007-01-04,50,2007-01-08,945385
2007-01-04,50,2007-01-09,945385
2007-01-04,50,2007-01-10,945385
2007-01-04,50,2007-01-11,945385
2007-01-04,50,2007-01-12,945385
2007-01-04,50,2007-01-16,945385
2007-01-04,50,2007-01-17,945385
2007-01-04,50,2007-01-18,945385
2007-01-04,50,2007-01-19,945385
2007-01-04,50,2007-01-22,945385
2007-01-04,50,2007-01-23,945385
2007-01-04,50,2007-01-24,945385
2007-01-04,50,2007-01-25,945385
2007-01-04,50,2007-01-26,945385
2007-01-04,50,2007-01-29,945385
2007-01-04,50,2007-01-30,945385
2007-01-04,50,2007-01-31,945385
2007-01-04,50,2007-02-01,945385
2007-01-04,50,2007-02-02,945385
2007-01-04,100,2007-01-04,945385
2007-01-04,100,2007-01-05,945385
2007-01-04,100,2007-01-08,945385
2007-01-04,100,2007-01-09,945385
2007-01-04,100,2007-01-10,945385
2007-01-04,100,2007-01-11,945385
2007-01-04,100,2007-01-12,945385
2007-01-04,100,2007-01-16,945385
2007-01-04,100,2007-01-17,945385
2007-01-04,100,2007-01-18,945385
2007-01-04,100,2007-01-19,945385
2007-01-04,100,2007-01-22,945385
2007-01-04,100,2007-01-23,945385
2007-01-04,100,2007-01-24,945385
2007-01-04,100,2007-01-25,945385
2007-01-04,100,2007-01-26,945385
2007-01-04,100,2007-01-29,945385
2007-01-04,100,2007-01-30,945385
2007-01-04,100,2007-01-31,945385
2007-01-04,100,2007-02-01,945385
2007-01-04,100,2007-02-02,945385
2007-01-04,200,2007-01-04,945385
2007-01-04,200,2007-01-04,543446
2007-01-04,200,2007-01-05,945385
2007-01-04,200,2007-01-05,543446
2007-01-04,200,2007-01-08,945385
2007-01-04,200,2007-01-08,543446
2007-01-04,200,2007-01-09,945385
2007-01-04,200,2007-01-09,543446
2007-01-04,200,2007-01-10,945385
2007-01-04,200,2007-01-10,543446
2007-01-04,200,2007-01-11,945385
2007-01-04,200,2007-01-11,543446
2007-01-04,200,2007-01-12,945385
2007-01-04,200,2007-01-12,543446
2007-01-04,200,2007-01-16,945385
2007-01-04,200,2007-01-16,543446
2007-01-04,200,2007-01-17,945385
2007-01-04,200,2007-01-17,543446
2007-01-04,200,2007-01-18,945385
2007-01-04,200,2007-01-18,543446
2007-01-04,200,2007-01-19,945385
2007-01-04,200,2007-01-19,543446
2007-01-04,200,2007-01-22,945385
2007-01-04,200,2007-01-22,543446
2007-01-04,200,2007-01-23,945385
2007-01-04,200,2007-01-23,543446
2007-01-04,200,2007-01-24,945385
2007-01-04,200,2007-01-24,543446
2007-01-04,200,2007-01-25,945385
2007-01-04,200,2007-01-25,543446
2007-01-04,200,2007-01-26,945385
2007-01-04,200,2007-01-26,543446
2007-01-04,200,2007-01-29,945385
2007-01-04,200,2007-01-29,543446
2007-01-04,200,2007-01-30,945385
2007-01-04,200,2007-01-30,543446
2007-01-04,200,2007-01-31,945385
2007-01-04,200,2007-01-31,543446
2007-01-04,200,2007-02-01,945385
2007-01-04,200,2007-02-01,543446
2007-01-04,200,2007-02-02,945385
2007-01-04,200,2007-02-02,543446
2007-02-05,50,2007-02-05,945385
2007-02-05,50,2007-02-06,945385
2007-02-05,50,2007-02-07,945385
2007-02-05,50,2007-02-08,945385
2007-02-05,50,2007-02-09,945385
2007-02-05,50,2007-02-12,945385
2007-02-05,50,2007-02-13,945385
2007-02-05,50,2007-02-14,945385
2007-02-05,50,2007-02-15,945385
2007-02-05,50,2007-02-16,945385
2007-02-05,50,2007-02-20,945385
2007-02-05,50,2007-02-21,945385
2007-02-05,50,2007-02-22,945385
2007-02-05,50,2007-02-23,945385
2007-02-05,50,2007-02-26,945385
2007-02-05,50,2007-02-27,945385
2007-02-05,50,2007-02-28,945385
2007-02-05,50,2007-03-01,945385
2007-02-05,50,2007-03-02,945385
2007-02-05,50,2007-03-05,945385
2007-02-05,50,2007-03-06,945385
2007-02-05,100,2007-02-05,945385
2007-02-05,100,2007-02-06,945385
2007-02-05,100,2007-02-07,945385
2007-02-05,100,2007-02-08,945385
2007-02-05,100,2007-02-09,945385
2007-02-05,100,2007-02-12,945385
2007-02-05,100,2007-02-13,945385
2007-02-05,100,2007-02-14,945385
2007-02-05,100,2007-02-15,945385
2007-02-05,100,2007-02-16,945385
2007-02-05,100,2007-02-20,945385
2007-02-05,100,2007-02-21,945385
2007-02-05,100,2007-02-22,945385
2007-02-05,100,2007-02-23,945385
2007-02-05,100,2007-02-26,945385
2007-02-05,100,2007-02-27,945385
2007-02-05,100,2007-02-28,945385
2007-02-05,100,2007-03-01,945385
2007-02-05,100,2007-03-02,945385
2007-02-05,100,2007-03-05,945385
2007-02-05,100,2007-03-06,945385
2007-02-05,200,2007-02-05,945385
2007-02-05,200,2007-02-05,543446
2007-02-05,200,2007-02-06,945385
2007-02-05,200,2007-02-06,543446
2007-02-05,200,2007-02-07,945385
2007-02-05,200,2007-02-07,543446
2007-02-05,200,2007-02-08,945385
2007-02-05,200,2007-02-08,543446
2007-02-05,200,2007-02-09,945385
2007-02-05,200,2007-02-09,543446
2007-02-05,200,2007-02-12,945385
2007-02-05,200,2007-02-12,543446
2007-02-05,200,2007-02-12,894876
2007-02-05,200,2007-02-13,945385
2007-02-05,200,2007-02-13,543446
2007-02-05,200,2007-02-13,894876
2007-02-05,200,2007-02-14,945385
2007-02-05,200,2007-02-14,543446
2007-02-05,200,2007-02-14,894876
2007-02-05,200,2007-02-15,945385
2007-02-05,200,2007-02-15,543446
2007-02-05,200,2007-02-15,894876
2007-02-05,200,2007-02-16,945385
2007-02-05,200,2007-02-16,543446
2007-02-05,200,2007-02-16,894876
2007-02-05,200,2007-02-20,945385
2007-02-05,200,2007-02-20,543446
2007-02-05,200,2007-02-20,894876
2007-02-05,200,2007-02-21,945385
2007-02-05,200,2007-02-21,543446
2007-02-05,200,2007-02-21,894876
2007-02-05,200,2007-02-22,945385
2007-02-05,200,2007-02-22,543446
2007-02-05,200,2007-02-22,894876
2007-02-05,200,2007-02-23,945385
2007-02-05,200,2007-02-23,543446
2007-02-05,200,2007-02-23,894876
2007-02-05,200,2007-02-26,945385
2007-02-05,200,2007-02-26,543446
2007-02-05,200,2007-02-26,894876
2007-02-05,200,2007-02-27,945385
2007-02-05,200,2007-02-27,543446
2007-02-05,200,2007-02-27,894876
2007-02-05,200,2007-02-28,945385
2007-02-05,200,2007-02-28,543446
2007-02-05,200,2007-02-28,894876
2007-02-05,200,2007-03-01,945385
2007-02-05,200,2007-03-01,543446
2007-02-05,200,2007-03-01,894876
2007-02-05,200,2007-03-02,945385
2007-02-05,200,2007-03-02,543446
2007-02-05,200,2007-03-02,894876
2007-02-05,200,2007-03-05,945385
2007-02-05,200,2007-03-05,543446
2007-02-05,200,2007-03-05,894876
2007-02-05,200,2007-03-06,945385
2007-02-05,200,2007-03-06,543446
2007-02-05,200,2007-03-06,894876
2007-03-07,200,2007-03-07,894876
2007-03-07,200,2007-03-08,894876
2007-03-07,200,2007-03-09,894876
2007-03-07,200,2007-03-12,894876
2007-03-07,200,2007-03-13,894876
2007-03-07,200,2007-03-14,894876
2007-03-07,200,2007-03-15,894876
2007-03-07,200,2007-03-16,894876
2007-03-07,200,2007-03-19,894876
2007-03-07,200,2007-03-20,894876
2007-03-07,200,2007-03-21,904262
2007-03-07,200,2007-03-21,894876
2007-03-07,200,2007-03-22,904262
2007-03-07,200,2007-03-22,894876
2007-03-07,200,2007-03-23,154096
2007-03-07,200,2007-03-23,904262
2007-03-07,200,2007-03-23,894876
2007-03-07,200,2007-03-26,154096
2007-03-07,200,2007-03-26,904262
2007-03-07,200,2007-03-26,894876
2007-03-07,200,2007-03-27,154096
2007-03-07,200,2007-03-27,904262
2007-03-07,200,2007-03-27,894876
2007-03-07,200,2007-03-28,154096
2007-03-07,200,2007-03-28,904262
2007-03-07,200,2007-03-28,894876
2007-03-07,200,2007-03-29,154096
2007-03-07,200,2007-03-29,904262
2007-03-07,200,2007-03-29,894876
2007-03-07,200,2007-03-30,154096
2007-03-07,200,2007-03-30,904262
2007-03-07,200,2007-03-30,894876
2007-03-07,200,2007-04-02,154096
2007-03-07,200,2007-04-02,904262
2007-03-07,200,2007-04-02,894876
2007-03-07,200,2007-04-03,154096
2007-03-07,200,2007-04-03,904262
2007-03-07,200,2007-04-03,894876
2007-03-07,200,2007-04-04,154096
2007-03-07,200,2007-04-04,904262
2007-03-07,200,2007-04-04,894876
2007-04-05,200,2007-04-05,154096
2007-04-05,200,2007-04-05,904262
2007-04-05,200,2007-04-09,154096
2007-04-05,200,2007-04-09,904262
2007-04-05,200,2007-04-10,154096
2007-04-05,200,2007-04-10,904262
2007-04-05,200,2007-04-11,154096
2007-04-05,200,2007-04-11,904262
2007-04-05,200,2007-04-12,154096
2007-04-05,200,2007-04-12,904262
2007-04-05,200,2007-04-13,154096
2007-04-05,200,2007-04-13,904262
2007-04-05,200,2007-04-16,154096
2007-04-05,200,2007-04-16,904262
2007-04-05,200,2007-04-17,154096
2007-04-05,200,2007-04-17,904262
2007-04-05,200,2007-04-18,154096
2007-04-05,200,2007-04-18,904262
2007-04-05,200,2007-04-19,154096
2007-04-05,200,2007-04-19,904262
2007-04-05,200,2007-04-20,154096
2007-04-05,200,2007-04-20,904262
2007-04-05,200,2007-04-23,154096
2007-04-05,200,2007-04-23,904262
2007-04-05,200,2007-04-24,154096
2007-04-05,200,2007-04-24,904262
2007-04-05,200,2007-04-25,154096
2007-04-05,200,2007-04-25,904262
2007-04-05,200,2007-04-26,154096
2007-04-05,200,2007-04-26,904262
2007-04-05,200,2007-04-27,154096
2007-04-05,200,2007-04-27,904262
2007-04-05,200,2007-04-30,154096
2007-04-05,200,2007-04-30,904262
2007-04-05,200,2007-05-01,154096
2007-04-05,200,2007-05-01,904262
2007-04-05,200,2007-05-02,154096
2007-04-05,200,2007-05-02,904262
2007-04-05,200,2007-05-03,154096
2007-04-05,200,2007-05-03,904262
2007-04-05,200,2007-05-04,154096
2007-04-05,200,2007-05-04,904262
2007-08-06,200,2007-08-13,933189
2007-08-06,200,2007-08-14,933189
2007-08-06,200,2007-08-15,933189
2007-08-06,200,2007-08-16,933189
2007-08-06,200,2007-08-17,933189
2007-08-06,200,2007-08-20,933189
2007-08-06,200,2007-08-21,933189
2007-08-06,200,2007-08-22,933189
2007-08-06,200,2007-08-23,933189
2007-08-06,200,2007-08-24,933189
2007-08-06,200,2007-08-27,933189
2007-08-06,200,2007-08-28,933189
2007-08-06,200,2007-08-29,933189
2007-08-06,200,2007-08-30,933189
2007-08-06,200,2007-08-31,933189
2007-08-06,200,2007-09-04,933189
2007-09-05,200,2007-09-05,933189
2007-09-05,200,2007-09-06,933189
2007-09-05,200,2007-09-07,933189
2007-09-05,200,2007-09-10,933189
2007-09-05,200,2007-09-11,933189
2007-09-05,200,2007-09-12,933189
2007-09-05,200,2007-09-13,933189
2007-09-05,200,2007-09-14,933189
2007-09-05,200,2007-09-17,933189
2007-09-05,200,2007-09-18,933189
2007-09-05,200,2007-09-19,933189
2007-09-05,200,2007-09-20,933189
2007-09-05,200,2007-09-21,933189
2007-09-05,200,2007-09-24,933189
2007-09-05,200,2007-09-25,933189
2007-09-05,200,2007-09-26,933189
2007-09-05,200,2007-09-27,933189
2007-09-05,200,2007-09-28,933189
2007-09-05,200,2007-10-01,933189
2007-09-05,200,2007-10-02,933189
2007-09-05,200,2007-10-03,933189
2007-11-02,200,2007-11-05,325518
2007-11-02,200,2007-11-06,325518
2007-11-02,200,2007-11-07,325518
2007-11-02,200,2007-11-08,325518
2007-11-02,200,2007-11-09,325518
2007-11-02,200,2007-11-12,325518
2007-11-02,200,2007-11-13,325518
2007-11-02,200,2007-11-14,325518
2007-11-02,200,2007-11-15,325518
2007-11-02,200,2007-11-16,325518
2007-11-02,200,2007-11-19,325518
2007-11-02,200,2007-11-20,325518
2007-11-02,200,2007-11-21,902329
2007-11-02,200,2007-11-21,325518
2007-11-02,200,2007-11-23,902329
2007-11-02,200,2007-11-23,325518
2007-11-02,200,2007-11-26,902329
2007-11-02,200,2007-11-26,325518
2007-11-02,200,2007-11-27,902329
2007-11-02,200,2007-11-27,325518
2007-11-02,200,2007-11-28,902329
2007-11-02,200,2007-11-28,325518
2007-11-02,200,2007-11-29,902329
2007-11-02,200,2007-11-29,325518
2007-11-02,200,2007-11-30,902329
2007-11-02,200,2007-11-30,325518
2007-11-02,200,2007-12-03,902329
2007-11-02,200,2007-12-03,325518
2007-12-04,200,2007-12-04,902329
2007-12-04,200,2007-12-04,325518
2007-12-04,200,2007-12-05,902329
2007-12-04,200,2007-12-05,325518
2007-12-04,200,2007-12-05,916209
2007-12-04,200,2007-12-06,902329
2007-12-04,200,2007-12-06,325518
2007-12-04,200,2007-12-06,916209
2007-12-04,200,2007-12-07,902329
2007-12-04,200,2007-12-07,325518
2007-12-04,200,2007-12-07,916209
2007-12-04,200,2007-12-10,902329
2007-12-04,200,2007-12-10,325518
2007-12-04,200,2007-12-10,916209
2007-12-04,200,2007-12-11,902329
2007-12-04,200,2007-12-11,325518
2007-12-04,200,2007-12-11,916209
2007-12-04,200,2007-12-12,902329
2007-12-04,200,2007-12-12,325518
2007-12-04,200,2007-12-12,916209
2007-12-04,200,2007-12-13,902329
2007-12-04,200,2007-12-13,325518
2007-12-04,200,2007-12-13,916209
2007-12-04,200,2007-12-14,902329
2007-12-04,200,2007-12-14,325518
2007-12-04,200,2007-12-14,916209
2007-12-04,200,2007-12-17,902329
2007-12-04,200,2007-12-17,325518
2007-12-04,200,2007-12-17,916209
2007-12-04,200,2007-12-18,902329
2007-12-04,200,2007-12-18,325518
2007-12-04,200,2007-12-18,916209
2007-12-04,200,2007-12-19,902329
2007-12-04,200,2007-12-19,325518
2007-12-04,200,2007-12-19,916209
2007-12-04,200,2007-12-20,902329
2007-12-04,200,2007-12-20,325518
2007-12-04,200,2007-12-20,916209
2007-12-04,200,2007-12-21,902329
2007-12-04,200,2007-12-21,325518
2007-12-04,200,2007-12-21,916209
2007-12-04,200,2007-12-24,902329
2007-12-04,200,2007-12-24,325518
2007-12-04,200,2007-12-24,916209
2007-12-04,200,2007-12-26,902329
2007-12-04,200,2007-12-26,325518
2007-12-04,200,2007-12-26,916209
2007-12-04,200,2007-12-27,902329
2007-12-04,200,2007-12-27,325518
2007-12-04,200,2007-12-27,916209
2007-12-04,200,2007-12-28,902329
2007-12-04,200,2007-12-28,325518
2007-12-04,200,2007-12-28,916311
2007-12-04,200,2007-12-28,916209
2007-12-04,200,2007-12-31,902329
2007-12-04,200,2007-12-31,325518
2007-12-04,200,2007-12-31,916311
2007-12-04,200,2007-12-31,916209
2007-12-04,200,2008-01-02,902329
2007-12-04,200,2008-01-02,325518
2007-12-04,200,2008-01-02,916311
2007-12-04,200,2008-01-02,916209
2007-12-04,200,2008-01-03,902329
2007-12-04,200,2008-01-03,325518
2007-12-04,200,2008-01-03,916311
2007-12-04,200,2008-01-03,916209
2008-01-04,200,2008-01-04,916311
2008-01-04,200,2008-01-04,916209
2008-01-04,200,2008-01-07,916311
2008-01-04,200,2008-01-07,916209
2008-01-04,200,2008-01-08,916311
2008-01-04,200,2008-01-08,894122
2008-01-04,200,2008-01-08,916209
2008-01-04,200,2008-01-09,916311
2008-01-04,200,2008-01-09,894122
2008-01-04,200,2008-01-09,916209
2008-01-04,200,2008-01-10,916311
2008-01-04,200,2008-01-10,894122
2008-01-04,200,2008-01-10,916209
2008-01-04,200,2008-01-11,916311
2008-01-04,200,2008-01-11,894122
2008-01-04,200,2008-01-11,916209
2008-01-04,200,2008-01-14,916311
2008-01-04,200,2008-01-14,894122
2008-01-04,200,2008-01-14,916209
2008-01-04,200,2008-01-15,916311
2008-01-04,200,2008-01-15,894122
2008-01-04,200,2008-01-15,916209
2008-01-04,200,2008-01-16,916311
2008-01-04,200,2008-01-16,894122
2008-01-04,200,2008-01-16,916209
2008-01-04,200,2008-01-17,916311
2008-01-04,200,2008-01-17,894122
2008-01-04,200,2008-01-17,916209
2008-01-04,200,2008-01-18,916311
2008-01-04,200,2008-01-18,894122
2008-01-04,200,2008-01-18,916209
2008-01-04,200,2008-01-22,916311
2008-01-04,200,2008-01-22,894122
2008-01-04,200,2008-01-22,916209
2008-01-04,200,2008-01-23,916311
2008-01-04,200,2008-01-23,894122
2008-01-04,200,2008-01-23,916209
2008-01-04,200,2008-01-24,916311
2008-01-04,200,2008-01-24,894122
2008-01-04,200,2008-01-24,916209
2008-01-04,200,2008-01-25,916311
2008-01-04,200,2008-01-25,894122
2008-01-04,200,2008-01-25,916209
2008-01-04,200,2008-01-28,916311
2008-01-04,200,2008-01-28,894122
2008-01-04,200,2008-01-28,916209
2008-01-04,200,2008-01-29,916311
2008-01-04,200,2008-01-29,894122
2008-01-04,200,2008-01-29,916209
2008-01-04,200,2008-01-30,916311
2008-01-04,200,2008-01-30,894122
2008-01-04,200,2008-01-30,916209
2008-01-04,200,2008-01-31,916311
2008-01-04,200,2008-01-31,894122
2008-01-04,200,2008-01-31,916209
2008-01-04,200,2008-02-01,916311
2008-01-04,200,2008-02-01,894122
2008-01-04,200,2008-02-01,916209
2008-01-04,200,2008-02-04,916311
2008-01-04,200,2008-02-04,894122
2008-01-04,200,2008-02-04,916209
2008-02-05,200,2008-02-05,916311
2008-02-05,200,2008-02-05,894122
2008-02-05,200,2008-02-06,916311
2008-02-05,200,2008-02-06,894122
2008-02-05,200,2008-02-07,916311
2008-02-05,200,2008-02-07,894122
2008-02-05,200,2008-02-08,916311
2008-02-05,200,2008-02-08,894122
2008-02-05,200,2008-02-11,916311
2008-02-05,200,2008-02-11,894122
2008-02-05,200,2008-02-12,916311
2008-02-05,200,2008-02-12,894122
2008-02-05,200,2008-02-13,916311
2008-02-05,200,2008-02-13,894122
2008-02-05,200,2008-02-14,916311
2008-02-05,200,2008-02-14,894122
2008-02-05,200,2008-02-15,916311
2008-02-05,200,2008-02-15,894122
2008-02-05,200,2008-02-19,916311
2008-02-05,200,2008-02-19,894122
2008-02-05,200,2008-02-20,916311
2008-02-05,200,2008-02-20,894122
2008-02-05,200,2008-02-21,916311
2008-02-05,200,2008-02-21,894122
2008-02-05,200,2008-02-22,916311
2008-02-05,200,2008-02-22,894122
2008-02-05,200,2008-02-25,916311
2008-02-05,200,2008-02-25,894122
2008-02-05,200,2008-02-26,916311
2008-02-05,200,2008-02-26,894122
2008-02-05,200,2008-02-27,916311
2008-02-05,200,2008-02-27,894122
2008-02-05,200,2008-02-28,916311
2008-02-05,200,2008-02-28,894122
2008-02-05,200,2008-02-29,916311
2008-02-05,200,2008-02-29,894122
2008-02-05,200,2008-03-03,916311
2008-02-05,200,2008-03-03,894122
2008-02-05,200,2008-03-04,916311
2008-02-05,200,2008-03-04,894122
2008-02-05,200,2008-03-05,916311
2008-02-05,200,2008-03-05,894122
2008-03-06,200,2008-03-10,501541
2008-03-06,200,2008-03-11,501541
2008-03-06,200,2008-03-12,501541
2008-03-06,200,2008-03-13,501541
2008-03-06,200,2008-03-14,501541
2008-03-06,200,2008-03-17,501541
2008-03-06,200,2008-03-18,501541
2008-03-06,200,2008-03-19,501541
2008-03-06,200,2008-03-20,501541
2008-03-06,200,2008-03-24,501541
2008-03-06,200,2008-03-25,501541
2008-03-06,200,2008-03-26,501541
2008-03-06,200,2008-03-27,501541
2008-03-06,200,2008-03-28,501541
2008-03-06,200,2008-03-31,501541
2008-03-06,200,2008-04-01,501541
2008-03-06,200,2008-04-02,501541
2008-03-06,200,2008-04-03,501541
2008-03-06,200,2008-04-04,501541
2008-04-07,200,2008-04-07,501541
2008-04-07,200,2008-04-08,501541
2008-04-07,200,2008-04-09,501541
2008-04-07,200,2008-04-10,501541
2008-04-07,200,2008-04-11,501541
2008-04-07,200,2008-04-14,501541
2008-04-07,200,2008-04-15,501541
2008-04-07,200,2008-04-16,501541
2008-04-07,200,2008-04-17,501541
2008-04-07,200,2008-04-18,501541
2008-04-07,200,2008-04-21,501541
2008-04-07,200,2008-04-22,501541
2008-04-07,200,2008-04-23,501541
2008-04-07,200,2008-04-24,501541
2008-04-07,200,2008-04-25,501541
2008-04-07,200,2008-04-28,501541
2008-04-07,200,2008-04-29,501541
2008-04-07,200,2008-04-30,501541
2008-04-07,200,2008-05-01,501541
2008-04-07,200,2008-05-02,501541
2008-04-07,200,2008-05-05,501541
2008-07-07,200,2008-07-31,510096
2008-07-07,200,2008-08-01,510096
2008-07-07,200,2008-08-04,510096
2008-08-05,200,2008-08-05,510096
2008-08-05,200,2008-08-06,510096
2008-08-05,200,2008-08-07,510096
2008-08-05,200,2008-08-08,510096
2008-08-05,200,2008-08-11,510096
2008-08-05,200,2008-08-12,510096
2008-08-05,200,2008-08-13,510096
2008-08-05,200,2008-08-14,510096
2008-08-05,200,2008-08-15,510096
2008-08-05,200,2008-08-18,510096
2008-08-05,200,2008-08-19,510096
2008-08-05,200,2008-08-20,510096
2008-08-05,200,2008-08-21,510096
2008-08-05,200,2008-08-22,510096
2008-08-05,200,2008-08-25,510096
2008-08-05,200,2008-08-26,510096
2008-08-05,200,2008-08-27,510096
2008-08-05,200,2008-08-28,510096
2008-08-05,200,2008-08-29,510096
2008-08-05,200,2008-09-02,510096
2008-08-05,200,2008-09-03,510096
2008-09-04,50,2008-10-01,916305
2008-09-04,50,2008-10-02,916305
2008-09-04,100,2008-10-01,916305
2008-09-04,100,2008-10-01,951048
2008-09-04,100,2008-10-02,916305
2008-09-04,100,2008-10-02,951048
2008-09-04,200,2008-09-04,510096
2008-09-04,200,2008-09-05,510096
2008-09-04,200,2008-09-08,510096
2008-09-04,200,2008-09-09,510096
2008-09-04,200,2008-09-10,510096
2008-09-04,200,2008-09-11,510096
2008-09-04,200,2008-09-12,510096
2008-09-04,200,2008-09-15,510096
2008-09-04,200,2008-09-16,510096
2008-09-04,200,2008-09-17,510096
2008-09-04,200,2008-09-18,510096
2008-09-04,200,2008-09-19,510096
2008-09-04,200,2008-09-22,510096
2008-09-04,200,2008-09-23,510096
2008-09-04,200,2008-09-24,510096
2008-09-04,200,2008-09-25,510096
2008-09-04,200,2008-09-26,510096
2008-09-04,200,2008-09-29,510096
2008-09-04,200,2008-09-30,510096
2008-09-04,200,2008-10-01,916305
2008-09-04,200,2008-10-01,951048
2008-09-04,200,2008-10-01,510096
2008-09-04,200,2008-10-02,916305
2008-09-04,200,2008-10-02,951048
2008-09-04,200,2008-10-02,510096
2008-10-03,200,2008-10-08,921154
2008-10-03,200,2008-10-09,921154
2008-10-03,200,2008-10-10,921154
2008-10-03,200,2008-10-13,921154
2008-10-03,200,2008-10-14,921154
2008-10-03,200,2008-10-15,921154
2008-10-03,200,2008-10-16,921154
2008-10-03,200,2008-10-17,921154
2008-10-03,200,2008-10-20,921154
2008-10-03,200,2008-10-21,921154
2008-10-03,200,2008-10-22,921154
2008-10-03,200,2008-10-23,921154
2008-10-03,200,2008-10-24,921154
2008-10-03,200,2008-10-27,921154
2008-10-03,200,2008-10-28,921154
2008-10-03,200,2008-10-29,921154
2008-10-03,200,2008-10-30,921154
2008-10-03,200,2008-10-31,921154
2008-11-03,50,2008-11-18,912059
2008-11-03,50,2008-11-19,912059
2008-11-03,50,2008-11-20,912059
2008-11-03,50,2008-11-21,912059
2008-11-03,50,2008-11-24,912059
2008-11-03,50,2008-11-25,912059
2008-11-03,50,2008-11-26,912059
2008-11-03,50,2008-11-28,912059
2008-11-03,50,2008-12-01,912059
2008-11-03,50,2008-12-02,912059
2008-11-03,100,2008-11-18,912059
2008-11-03,100,2008-11-19,912059
2008-11-03,100,2008-11-20,912059
2008-11-03,100,2008-11-21,912059
2008-11-03,100,2008-11-24,912059
2008-11-03,100,2008-11-25,912059
2008-11-03,100,2008-11-26,912059
2008-11-03,100,2008-11-28,912059
2008-11-03,100,2008-12-01,912059
2008-11-03,100,2008-12-02,912059
2008-11-03,200,2008-11-03,921154
2008-11-03,200,2008-11-04,921154
2008-11-03,200,2008-11-05,921154
2008-11-03,200,2008-11-06,921154
2008-11-03,200,2008-11-07,921154
2008-11-03,200,2008-11-10,921154
2008-11-03,200,2008-11-11,921154
2008-11-03,200,2008-11-12,921154
2008-11-03,200,2008-11-13,921154
2008-11-03,200,2008-11-14,921154
2008-11-03,200,2008-11-17,921154
2008-11-03,200,2008-11-18,912059
2008-11-03,200,2008-11-18,921154
2008-11-03,200,2008-11-19,912059
2008-11-03,200,2008-11-19,921154
2008-11-03,200,2008-11-20,912059
2008-11-03,200,2008-11-20,921154
2008-11-03,200,2008-11-21,912059
2008-11-03,200,2008-11-21,921154
2008-11-03,200,2008-11-24,912059
2008-11-03,200,2008-11-24,921154
2008-11-03,200,2008-11-25,912059
2008-11-03,200,2008-11-25,921154
2008-11-03,200,2008-11-26,912059
2008-11-03,200,2008-11-26,921154
2008-11-03,200,2008-11-28,912059
2008-11-03,200,2008-11-28,921154
2008-11-03,200,2008-12-01,912059
2008-11-03,200,2008-12-01,921154
2008-11-03,200,2008-12-02,912059
2008-11-03,200,2008-12-02,921154
2008-12-03,50,2008-12-03,912059
2008-12-03,50,2008-12-04,912059
2008-12-03,50,2008-12-05,912059
2008-12-03,50,2008-12-08,912059
2008-12-03,50,2008-12-09,912059
2008-12-03,50,2008-12-10,912059
2008-12-03,50,2008-12-11,912059
2008-12-03,50,2008-12-12,912059
2008-12-03,50,2008-12-15,912059
2008-12-03,50,2008-12-16,912059
2008-12-03,50,2008-12-17,912059
2008-12-03,50,2008-12-18,912059
2008-12-03,50,2008-12-18,874227
2008-12-03,50,2008-12-19,912059
2008-12-03,50,2008-12-22,912059
2008-12-03,50,2008-12-23,912059
2008-12-03,50,2008-12-24,912059
2008-12-03,50,2008-12-26,912059
2008-12-03,50,2008-12-29,912059
2008-12-03,50,2008-12-30,912059
2008-12-03,50,2008-12-31,912059
2008-12-03,50,2009-01-02,912059
2008-12-03,100,2008-12-03,912059
2008-12-03,100,2008-12-04,912059
2008-12-03,100,2008-12-05,912059
2008-12-03,100,2008-12-08,912059
2008-12-03,100,2008-12-09,912059
2008-12-03,100,2008-12-10,912059
2008-12-03,100,2008-12-11,912059
2008-12-03,100,2008-12-12,912059
2008-12-03,100,2008-12-15,912059
2008-12-03,100,2008-12-16,912059
2008-12-03,100,2008-12-17,912059
2008-12-03,100,2008-12-18,912059
2008-12-03,100,2008-12-18,874227
2008-12-03,100,2008-12-19,912059
2008-12-03,100,2008-12-22,912059
2008-12-03,100,2008-12-23,912059
2008-12-03,100,2008-12-24,912059
2008-12-03,100,2008-12-26,912059
2008-12-03,100,2008-12-29,912059
2008-12-03,100,2008-12-30,912059
2008-12-03,100,2008-12-31,912059
2008-12-03,100,2009-01-02,912059
2008-12-03,200,2008-12-03,912059
2008-12-03,200,2008-12-03,922456
2008-12-03,200,2008-12-04,912059
2008-12-03,200,2008-12-04,922456
2008-12-03,200,2008-12-05,912059
2008-12-03,200,2008-12-05,922456
2008-12-03,200,2008-12-08,912059
2008-12-03,200,2008-12-08,922456
2008-12-03,200,2008-12-09,912059
2008-12-03,200,2008-12-09,922456
2008-12-03,200,2008-12-10,912059
2008-12-03,200,2008-12-10,922456
2008-12-03,200,2008-12-11,912059
2008-12-03,200,2008-12-11,922456
2008-12-03,200,2008-12-12,912059
2008-12-03,200,2008-12-12,922456
2008-12-03,200,2008-12-15,912059
2008-12-03,200,2008-12-15,922456
2008-12-03,200,2008-12-16,912059
2008-12-03,200,2008-12-16,922456
2008-12-03,200,2008-12-17,912059
2008-12-03,200,2008-12-17,922456
2008-12-03,200,2008-12-18,912059
2008-12-03,200,2008-12-18,874227
2008-12-03,200,2008-12-18,25711E
2008-12-03,200,2008-12-18,905792
2008-12-03,200,2008-12-18,922456
2008-12-03,200,2008-12-19,912059
2008-12-03,200,2008-12-19,25711E
2008-12-03,200,2008-12-19,922456
2008-12-03,200,2008-12-22,912059
2008-12-03,200,2008-12-22,25711E
2008-12-03,200,2008-12-22,922456
2008-12-03,200,2008-12-23,912059
2008-12-03,200,2008-12-23,25711E
2008-12-03,200,2008-12-23,922456
2008-12-03,200,2008-12-24,912059
2008-12-03,200,2008-12-24,25711E
2008-12-03,200,2008-12-24,922456
2008-12-03,200,2008-12-26,912059
2008-12-03,200,2008-12-26,25711E
2008-12-03,200,2008-12-26,922456
2008-12-03,200,2008-12-29,912059
2008-12-03,200,2008-12-29,25711E
2008-12-03,200,2008-12-29,922456
2008-12-03,200,2008-12-30,912059
2008-12-03,200,2008-12-30,25711E
2008-12-03,200,2008-12-30,922456
2008-12-03,200,2008-12-31,912059
2008-12-03,200,2008-12-31,25711E
2008-12-03,200,2008-12-31,922456
2008-12-03,200,2009-01-02,912059
2008-12-03,200,2009-01-02,922060
2008-12-03,200,2009-01-02,25711E
2008-12-03,200,2009-01-02,951048
2008-12-03,200,2009-01-02,922456
2009-01-05,200,2009-01-05,922060
2009-01-05,200,2009-01-05,951048
2009-01-05,200,2009-01-05,25711E
2009-01-05,200,2009-01-06,922060
2009-01-05,200,2009-01-06,951048
2009-01-05,200,2009-01-06,25711E
2009-01-05,200,2009-01-07,922060
2009-01-05,200,2009-01-07,951048
2009-01-05,200,2009-01-07,25711E
2009-01-05,200,2009-01-08,922060
2009-01-05,200,2009-01-08,951048
2009-01-05,200,2009-01-08,25711E
2009-01-05,200,2009-01-09,922060
2009-01-05,200,2009-01-09,951048
2009-01-05,200,2009-01-09,25711E
2009-01-05,200,2009-01-12,922060
2009-01-05,200,2009-01-12,951048
2009-01-05,200,2009-01-12,25711E
2009-01-05,200,2009-01-13,922060
2009-01-05,200,2009-01-13,951048
2009-01-05,200,2009-01-13,25711E
2009-01-05,200,2009-01-14,922060
2009-01-05,200,2009-01-14,951048
2009-01-05,200,2009-01-14,25711E
2009-01-05,200,2009-01-15,922060
2009-01-05,200,2009-01-15,951048
2009-01-05,200,2009-01-15,25711E
2009-01-05,200,2009-01-16,922060
2009-01-05,200,2009-01-16,951048
2009-01-05,200,2009-01-16,25711E
2009-01-05,200,2009-01-20,922060
2009-01-05,200,2009-01-20,951048
2009-01-05,200,2009-01-20,25711E
2009-01-05,200,2009-01-21,922060
2009-01-05,200,2009-01-21,951048
2009-01-05,200,2009-01-21,25711E
2009-01-05,200,2009-01-22,922060
2009-01-05,200,2009-01-22,951048
2009-01-05,200,2009-01-22,25711E
2009-01-05,200,2009-01-23,922060
2009-01-05,200,2009-01-23,951048
2009-01-05,200,2009-01-23,25711E
2009-01-05,200,2009-01-26,922060
2009-01-05,200,2009-01-26,951048
2009-01-05,200,2009-01-26,25711E
2009-01-05,200,2009-01-27,922060
2009-01-05,200,2009-01-27,951048
2009-01-05,200,2009-01-27,25711E
2009-01-05,200,2009-01-28,922060
2009-01-05,200,2009-01-28,951048
2009-01-05,200,2009-01-28,25711E
2009-01-05,200,2009-01-29,922060
2009-01-05,200,2009-01-29,951048
2009-01-05,200,2009-01-29,25711E
2009-01-05,200,2009-01-30,922060
2009-01-05,200,2009-01-30,951048
2009-01-05,200,2009-01-30,25711E
2009-01-05,200,2009-02-02,922060
2009-01-05,200,2009-02-02,951048
2009-01-05,200,2009-02-02,25711E
2009-01-05,200,2009-02-03,922060
2009-01-05,200,2009-02-03,951048
2009-01-05,200,2009-02-03,25711E
2009-02-04,100,2009-03-02,741344
2009-02-04,100,2009-03-03,741344
2009-02-04,100,2009-03-04,741344
2009-02-04,100,2009-03-05,741344
2009-02-04,200,2009-02-04,922060
2009-02-04,200,2009-02-04,921153
2009-02-04,200,2009-02-05,922060
2009-02-04,200,2009-02-05,921153
2009-02-04,200,2009-02-06,922060
2009-02-04,200,2009-02-06,921153
2009-02-04,200,2009-02-09,922060
2009-02-04,200,2009-02-09,921153
2009-02-04,200,2009-02-10,922060
2009-02-04,200,2009-02-10,921153
2009-02-04,200,2009-02-11,922060
2009-02-04,200,2009-02-11,921153
2009-02-04,200,2009-02-12,922060
2009-02-04,200,2009-02-12,921153
2009-02-04,200,2009-02-13,922060
2009-02-04,200,2009-02-13,921153
2009-02-04,200,2009-02-17,922060
2009-02-04,200,2009-02-17,921153
2009-02-04,200,2009-02-18,922060
2009-02-04,200,2009-02-18,921153
2009-02-04,200,2009-02-19,922060
2009-02-04,200,2009-02-19,921153
2009-02-04,200,2009-02-20,922060
2009-02-04,200,2009-02-20,921153
2009-02-04,200,2009-02-23,922060
2009-02-04,200,2009-02-23,921153
2009-02-04,200,2009-02-24,922060
2009-02-04,200,2009-02-24,921153
2009-02-04,200,2009-02-25,922060
2009-02-04,200,2009-02-25,921153
2009-02-04,200,2009-02-26,922060
2009-02-04,200,2009-02-26,921153
2009-02-04,200,2009-02-27,922060
2009-02-04,200,2009-02-27,921153
2009-02-04,200,2009-03-02,741344
2009-02-04,200,2009-03-02,922060
2009-02-04,200,2009-03-02,921153
2009-02-04,200,2009-03-03,741344
2009-02-04,200,2009-03-03,922060
2009-02-04,200,2009-03-03,921153
2009-02-04,200,2009-03-04,741344
2009-02-04,200,2009-03-04,922060
2009-02-04,200,2009-03-04,921153
2009-02-04,200,2009-03-05,741344
2009-02-04,200,2009-03-05,922060
2009-02-04,200,2009-03-05,921153
2009-03-06,10,2009-03-27,271079
2009-03-06,10,2009-03-30,271079
2009-03-06,10,2009-03-31,271079
2009-03-06,10,2009-04-01,271079
2009-03-06,10,2009-04-02,271079
2009-03-06,10,2009-04-03,271079
2009-03-06,50,2009-03-27,271079
2009-03-06,50,2009-03-30,271079
2009-03-06,50,2009-03-31,271079
2009-03-06,50,2009-04-01,271079
2009-03-06,50,2009-04-02,271079
2009-03-06,50,2009-04-03,271079
2009-03-06,100,2009-03-27,271079
2009-03-06,100,2009-03-30,271079
2009-03-06,100,2009-03-31,271079
2009-03-06,100,2009-04-01,271079
2009-03-06,100,2009-04-02,271079
2009-03-06,100,2009-04-03,271079
2009-03-06,200,2009-03-06,741344
2009-03-06,200,2009-03-09,741344
2009-03-06,200,2009-03-10,741344
2009-03-06,200,2009-03-11,741344
2009-03-06,200,2009-03-12,741344
2009-03-06,200,2009-03-13,741344
2009-03-06,200,2009-03-16,741344
2009-03-06,200,2009-03-17,741344
2009-03-06,200,2009-03-18,741344
2009-03-06,200,2009-03-19,741344
2009-03-06,200,2009-03-20,741344
2009-03-06,200,2009-03-23,741344
2009-03-06,200,2009-03-24,741344
2009-03-06,200,2009-03-25,741344
2009-03-06,200,2009-03-26,741344
2009-03-06,200,2009-03-27,271079
2009-03-06,200,2009-03-27,741344
2009-03-06,200,2009-03-30,271079
2009-03-06,200,2009-03-30,741344
2009-03-06,200,2009-03-31,271079
2009-03-06,200,2009-03-31,741344
2009-03-06,200,2009-04-01,271079
2009-03-06,200,2009-04-02,271079
2009-03-06,200,2009-04-03,271079
2009-03-06,200,2009-04-03,905081
2009-04-06,50,2009-04-06,271079
2009-04-06,50,2009-04-07,271079
2009-04-06,50,2009-04-08,271079
2009-04-06,50,2009-04-09,271079
2009-04-06,50,2009-04-13,271079
2009-04-06,50,2009-04-14,271079
2009-04-06,50,2009-04-15,271079
2009-04-06,50,2009-04-16,271079
2009-04-06,50,2009-04-17,271079
2009-04-06,50,2009-04-20,271079
2009-04-06,50,2009-04-21,271079
2009-04-06,50,2009-04-22,271079
2009-04-06,50,2009-04-23,271079
2009-04-06,50,2009-04-24,271079
2009-04-06,50,2009-04-27,271079
2009-04-06,50,2009-04-28,271079
2009-04-06,50,2009-04-29,271079
2009-04-06,50,2009-04-30,271079
2009-04-06,50,2009-05-01,271079
2009-04-06,50,2009-05-04,271079
2009-04-06,50,2009-05-05,271079
2009-04-06,100,2009-04-06,271079
2009-04-06,100,2009-04-07,271079
2009-04-06,100,2009-04-08,271079
2009-04-06,100,2009-04-09,271079
2009-04-06,100,2009-04-13,271079
2009-04-06,100,2009-04-14,271079
2009-04-06,100,2009-04-15,271079
2009-04-06,100,2009-04-16,271079
2009-04-06,100,2009-04-17,271079
2009-04-06,100,2009-04-20,271079
2009-04-06,100,2009-04-21,271079
2009-04-06,100,2009-04-22,271079
2009-04-06,100,2009-04-23,271079
2009-04-06,100,2009-04-24,271079
2009-04-06,100,2009-04-27,271079
2009-04-06,100,2009-04-28,271079
2009-04-06,100,2009-04-29,271079
2009-04-06,100,2009-04-30,271079
2009-04-06,100,2009-05-01,271079
2009-04-06,100,2009-05-04,271079
2009-04-06,100,2009-05-05,271079
2009-04-06,200,2009-04-06,271079
2009-04-06,200,2009-04-06,905081
2009-04-06,200,2009-04-07,271079
2009-04-06,200,2009-04-07,905081
2009-04-06,200,2009-04-08,271079
2009-04-06,200,2009-04-08,905081
2009-04-06,200,2009-04-09,271079
2009-04-06,200,2009-04-09,905081
2009-04-06,200,2009-04-13,271079
2009-04-06,200,2009-04-13,905081
2009-04-06,200,2009-04-14,271079
2009-04-06,200,2009-04-14,905081
2009-04-06,200,2009-04-15,271079
2009-04-06,200,2009-04-15,905081
2009-04-06,200,2009-04-16,271079
2009-04-06,200,2009-04-16,905081
2009-04-06,200,2009-04-17,271079
2009-04-06,200,2009-04-17,905081
2009-04-06,200,2009-04-20,271079
2009-04-06,200,2009-04-20,905081
2009-04-06,200,2009-04-21,271079
2009-04-06,200,2009-04-21,905081
2009-04-06,200,2009-04-22,271079
2009-04-06,200,2009-04-22,905081
2009-04-06,200,2009-04-23,271079
2009-04-06,200,2009-04-23,905081
2009-04-06,200,2009-04-24,271079
2009-04-06,200,2009-04-24,905081
2009-04-06,200,2009-04-27,271079
2009-04-06,200,2009-04-27,905081
2009-04-06,200,2009-04-28,271079
2009-04-06,200,2009-04-28,905081
2009-04-06,200,2009-04-29,271079
2009-04-06,200,2009-04-29,905081
2009-04-06,200,2009-04-30,271079
2009-04-06,200,2009-04-30,905081
2009-04-06,200,2009-05-01,271079
2009-04-06,200,2009-05-01,905081
2009-04-06,200,2009-05-04,271079
2009-04-06,200,2009-05-04,905081
2009-04-06,200,2009-05-05,271079
2009-04-06,200,2009-05-05,905081
2009-05-06,200,2009-05-06,905081
2009-05-06,200,2009-05-07,905081
2009-05-06,200,2009-05-08,905081
2009-05-06,200,2009-05-11,905081
2009-05-06,200,2009-05-12,905081
2009-05-06,200,2009-05-13,905081
2009-05-06,200,2009-05-14,905081
2009-05-06,200,2009-05-15,905081
2009-05-06,200,2009-05-18,905081
2009-05-06,200,2009-05-19,905081
2009-05-06,200,2009-05-20,905081
2009-05-06,200,2009-05-21,905081
2009-05-06,200,2009-05-22,905081
2009-05-06,200,2009-05-26,905081
2009-05-06,200,2009-05-27,905081
2009-05-06,200,2009-05-28,905081
2009-05-06,200,2009-05-29,905081
2009-05-06,200,2009-06-01,905081
2009-05-06,200,2009-06-02,905081
2009-05-06,200,2009-06-03,905081
2009-05-06,200,2009-06-04,905081
2009-06-05,200,2009-07-01,741344
2009-06-05,200,2009-07-02,741344
2009-06-05,200,2009-07-06,741344
2009-07-07,200,2009-07-07,741344
2009-07-07,200,2009-07-08,741344
2009-07-07,200,2009-07-09,741344
2009-07-07,200,2009-07-10,741344
2009-07-07,200,2009-07-13,741344
2009-07-07,200,2009-07-14,741344
2009-07-07,200,2009-07-15,741344
2009-07-07,200,2009-07-16,741344
2009-07-07,200,2009-07-17,741344
2009-07-07,200,2009-07-20,741344
2009-07-07,200,2009-07-21,741344
2009-07-07,200,2009-07-22,741344
2009-07-07,200,2009-07-23,741344
2009-07-07,200,2009-07-24,741344
2009-07-07,200,2009-07-27,741344
2009-07-07,200,2009-07-28,741344
2009-07-07,200,2009-07-29,741344
2009-07-07,200,2009-07-30,741344
2009-07-07,200,2009-07-31,741344
2009-07-07,200,2009-08-03,741344
2009-07-07,200,2009-08-04,741344
2009-10-05,50,2009-10-16,906151
2009-10-05,50,2009-10-19,906151
2009-10-05,50,2009-10-20,906151
2009-10-05,50,2009-10-21,906151
2009-10-05,50,2009-10-22,906151
2009-10-05,50,2009-10-23,906151
2009-10-05,50,2009-10-26,906151
2009-10-05,50,2009-10-27,906151
2009-10-05,50,2009-10-28,906151
2009-10-05,50,2009-10-29,906151
2009-10-05,50,2009-10-30,906151
2009-10-05,50,2009-11-02,906151
2009-10-05,100,2009-10-16,906151
2009-10-05,100,2009-10-19,906151
2009-10-05,100,2009-10-20,906151
2009-10-05,100,2009-10-21,906151
2009-10-05,100,2009-10-22,906151
2009-10-05,100,2009-10-23,906151
2009-10-05,100,2009-10-26,906151
2009-10-05,100,2009-10-27,906151
2009-10-05,100,2009-10-28,906151
2009-10-05,100,2009-10-29,906151
2009-10-05,100,2009-10-30,906151
2009-10-05,100,2009-11-02,906151
2009-10-05,200,2009-10-16,906151
2009-10-05,200,2009-10-19,906151
2009-10-05,200,2009-10-20,906151
2009-10-05,200,2009-10-21,906151
2009-10-05,200,2009-10-22,906151
2009-10-05,200,2009-10-23,906151
2009-10-05,200,2009-10-26,906151
2009-10-05,200,2009-10-27,906151
2009-10-05,200,2009-10-28,906151
2009-10-05,200,2009-10-29,906151
2009-10-05,200,2009-10-30,906151
2009-10-05,200,2009-11-02,906151
2009-11-03,50,2009-11-03,906151
2009-11-03,50,2009-11-04,906151
2009-11-03,50,2009-11-05,906151
2009-11-03,50,2009-11-06,906151
2009-11-03,50,2009-11-09,906151
2009-11-03,50,2009-11-10,906151
2009-11-03,50,2009-11-11,906151
2009-11-03,50,2009-11-12,906151
2009-11-03,50,2009-11-13,906151
2009-11-03,50,2009-11-16,906151
2009-11-03,50,2009-11-17,906151
2009-11-03,50,2009-11-18,906151
2009-11-03,50,2009-11-19,906151
2009-11-03,50,2009-11-20,906151
2009-11-03,50,2009-11-23,906151
2009-11-03,50,2009-11-24,906151
2009-11-03,50,2009-11-25,906151
2009-11-03,50,2009-11-27,906151
2009-11-03,50,2009-11-30,906151
2009-11-03,50,2009-12-01,906151
2009-11-03,50,2009-12-02,906151
2009-11-03,100,2009-11-03,906151
2009-11-03,100,2009-11-04,906151
2009-11-03,100,2009-11-05,906151
2009-11-03,100,2009-11-06,906151
2009-11-03,100,2009-11-09,906151
2009-11-03,100,2009-11-10,906151
2009-11-03,100,2009-11-11,906151
2009-11-03,100,2009-11-12,906151
2009-11-03,100,2009-11-13,906151
2009-11-03,100,2009-11-16,906151
2009-11-03,100,2009-11-17,906151
2009-11-03,100,2009-11-18,906151
2009-11-03,100,2009-11-19,906151
2009-11-03,100,2009-11-20,906151
2009-11-03,100,2009-11-23,906151
2009-11-03,100,2009-11-24,906151
2009-11-03,100,2009-11-25,906151
2009-11-03,100,2009-11-27,906151
2009-11-03,100,2009-11-30,906151
2009-11-03,100,2009-12-01,906151
2009-11-03,100,2009-12-02,906151
2009-11-03,200,2009-11-03,906151
2009-11-03,200,2009-11-04,906151
2009-11-03,200,2009-11-05,906151
2009-11-03,200,2009-11-06,906151
2009-11-03,200,2009-11-09,906151
2009-11-03,200,2009-11-10,906151
2009-11-03,200,2009-11-11,906151
2009-11-03,200,2009-11-12,906151
2009-11-03,200,2009-11-13,906151
2009-11-03,200,2009-11-16,906151
2009-11-03,200,2009-11-17,906151
2009-11-03,200,2009-11-18,906151
2009-11-03,200,2009-11-19,906151
2009-11-03,200,2009-11-20,906151
2009-11-03,200,2009-11-23,906151
2009-11-03,200,2009-11-24,906151
2009-11-03,200,2009-11-25,906151
2009-11-03,200,2009-11-27,906151
2009-11-03,200,2009-11-30,906151
2009-11-03,200,2009-12-01,906151
2009-11-03,200,2009-12-02,906151
2009-12-03,50,2009-12-15,921314
2009-12-03,50,2009-12-16,921314
2009-12-03,50,2009-12-17,921314
2009-12-03,50,2009-12-18,921314
2009-12-03,50,2009-12-21,921314
2009-12-03,50,2009-12-22,921314
2009-12-03,50,2009-12-23,921314
2009-12-03,50,2009-12-24,921314
2009-12-03,50,2009-12-28,921314
2009-12-03,50,2009-12-29,921314
2009-12-03,50,2009-12-30,921314
2009-12-03,50,2009-12-31,921314
2009-12-03,50,2010-01-04,921314
2009-12-03,100,2009-12-15,921314
2009-12-03,100,2009-12-16,921314
2009-12-03,100,2009-12-17,921314
2009-12-03,100,2009-12-18,921314
2009-12-03,100,2009-12-21,921314
2009-12-03,100,2009-12-22,921314
2009-12-03,100,2009-12-23,921314
2009-12-03,100,2009-12-24,921314
2009-12-03,100,2009-12-28,921314
2009-12-03,100,2009-12-29,921314
2009-12-03,100,2009-12-30,921314
2009-12-03,100,2009-12-31,921314
2009-12-03,100,2010-01-04,921314
2009-12-03,200,2009-12-15,921314
2009-12-03,200,2009-12-16,921314
2009-12-03,200,2009-12-17,921314
2009-12-03,200,2009-12-18,921314
2009-12-03,200,2009-12-21,921314
2009-12-03,200,2009-12-22,921314
2009-12-03,200,2009-12-23,921314
2009-12-03,200,2009-12-24,921314
2009-12-03,200,2009-12-28,921314
2009-12-03,200,2009-12-29,921314
2009-12-03,200,2009-12-30,921314
2009-12-03,200,2009-12-31,921314
2009-12-03,200,2010-01-04,921314
2010-01-05,50,2010-01-05,921314
2010-01-05,50,2010-01-06,921314
2010-01-05,50,2010-01-07,921314
2010-01-05,50,2010-01-08,921314
2010-01-05,50,2010-01-11,921314
2010-01-05,50,2010-01-12,921314
2010-01-05,50,2010-01-13,921314
2010-01-05,50,2010-01-14,921314
2010-01-05,50,2010-01-15,921314
2010-01-05,50,2010-01-19,921314
2010-01-05,50,2010-01-20,921314
2010-01-05,50,2010-01-21,921314
2010-01-05,50,2010-01-22,921314
2010-01-05,50,2010-01-25,921314
2010-01-05,50,2010-01-26,921314
2010-01-05,50,2010-01-27,921314
2010-01-05,50,2010-01-28,921314
2010-01-05,50,2010-01-29,921314
2010-01-05,50,2010-02-01,921314
2010-01-05,50,2010-02-02,921314
2010-01-05,50,2010-02-03,921314
2010-01-05,100,2010-01-05,921314
2010-01-05,100,2010-01-06,921314
2010-01-05,100,2010-01-07,921314
2010-01-05,100,2010-01-08,921314
2010-01-05,100,2010-01-11,921314
2010-01-05,100,2010-01-12,921314
2010-01-05,100,2010-01-13,921314
2010-01-05,100,2010-01-14,921314
2010-01-05,100,2010-01-15,921314
2010-01-05,100,2010-01-19,921314
2010-01-05,100,2010-01-20,921314
2010-01-05,100,2010-01-21,921314
2010-01-05,100,2010-01-22,921314
2010-01-05,100,2010-01-25,921314
2010-01-05,100,2010-01-26,921314
2010-01-05,100,2010-01-27,921314
2010-01-05,100,2010-01-28,921314
2010-01-05,100,2010-01-29,921314
2010-01-05,100,2010-02-01,921314
2010-01-05,100,2010-02-02,921314
2010-01-05,100,2010-02-03,921314
2010-01-05,200,2010-01-05,921314
2010-01-05,200,2010-01-06,921314
2010-01-05,200,2010-01-07,921314
2010-01-05,200,2010-01-08,921314
2010-01-05,200,2010-01-11,921314
2010-01-05,200,2010-01-12,921314
2010-01-05,200,2010-01-13,921314
2010-01-05,200,2010-01-14,921314
2010-01-05,200,2010-01-15,921314
2010-01-05,200,2010-01-19,921314
2010-01-05,200,2010-01-20,921314
2010-01-05,200,2010-01-21,921314
2010-01-05,200,2010-01-22,921314
2010-01-05,200,2010-01-25,921314
2010-01-05,200,2010-01-26,921314
2010-01-05,200,2010-01-27,921314
2010-01-05,200,2010-01-28,921314
2010-01-05,200,2010-01-29,921314
2010-01-05,200,2010-02-01,921314
2010-01-05,200,2010-02-02,921314
2010-01-05,200,2010-02-03,921314
2010-02-04,100,2010-02-16,916098
2010-02-04,100,2010-02-17,916098
2010-02-04,100,2010-02-18,916098
2010-02-04,100,2010-02-19,916098
2010-02-04,100,2010-02-22,916098
2010-02-04,100,2010-02-23,916098
2010-02-04,100,2010-02-24,916098
2010-02-04,100,2010-02-25,916098
2010-02-04,100,2010-02-26,916098
2010-02-04,100,2010-03-01,916098
2010-02-04,100,2010-03-02,916098
2010-02-04,100,2010-03-03,916098
2010-02-04,100,2010-03-04,916098
2010-02-04,100,2010-03-05,916098
2010-02-04,200,2010-02-16,916098
2010-02-04,200,2010-02-17,916098
2010-02-04,200,2010-02-18,916098
2010-02-04,200,2010-02-19,916098
2010-02-04,200,2010-02-22,916098
2010-02-04,200,2010-02-23,916098
2010-02-04,200,2010-02-24,916098
2010-02-04,200,2010-02-25,916098
2010-02-04,200,2010-02-26,916098
2010-02-04,200,2010-03-01,916098
2010-02-04,200,2010-03-02,916098
2010-02-04,200,2010-03-03,916098
2010-02-04,200,2010-03-04,916098
2010-02-04,200,2010-03-05,916098
2010-03-08,100,2010-03-08,916098
2010-03-08,100,2010-03-09,916098
2010-03-08,100,2010-03-10,916098
2010-03-08,100,2010-03-11,916098
2010-03-08,100,2010-03-12,916098
2010-03-08,100,2010-03-15,916098
2010-03-08,100,2010-03-16,916098
2010-03-08,100,2010-03-17,916098
2010-03-08,100,2010-03-18,916098
2010-03-08,100,2010-03-19,916098
2010-03-08,100,2010-03-22,916098
2010-03-08,100,2010-03-23,916098
2010-03-08,100,2010-03-24,916098
2010-03-08,100,2010-03-25,916098
2010-03-08,100,2010-03-26,916098
2010-03-08,100,2010-03-29,916098
2010-03-08,100,2010-03-30,916098
2010-03-08,100,2010-03-31,916098
2010-03-08,100,2010-04-01,916098
2010-03-08,100,2010-04-05,916098
2010-03-08,100,2010-04-06,916098
2010-03-08,200,2010-03-08,916098
2010-03-08,200,2010-03-09,916098
2010-03-08,200,2010-03-10,916098
2010-03-08,200,2010-03-11,916098
2010-03-08,200,2010-03-12,916098
2010-03-08,200,2010-03-15,916098
2010-03-08,200,2010-03-16,916098
2010-03-08,200,2010-03-17,916098
2010-03-08,200,2010-03-18,916098
2010-03-08,200,2010-03-19,916098
2010-03-08,200,2010-03-22,916098
2010-03-08,200,2010-03-23,916098
2010-03-08,200,2010-03-24,916098
2010-03-08,200,2010-03-25,916098
2010-03-08,200,2010-03-26,916098
2010-03-08,200,2010-03-29,916098
2010-03-08,200,2010-03-30,916098
2010-03-08,200,2010-03-31,916098
2010-03-08,200,2010-04-01,916098
2010-03-08,200,2010-04-05,916098
2010-03-08,200,2010-04-06,916098
2010-06-07,100,2010-06-28,328723
2010-06-07,100,2010-06-29,328723
2010-06-07,100,2010-06-30,328723
2010-06-07,100,2010-07-01,328723
2010-06-07,100,2010-07-02,328723
2010-06-07,100,2010-07-06,328723
2010-06-07,200,2010-06-28,328723
2010-06-07,200,2010-06-29,328723
2010-06-07,200,2010-06-30,328723
2010-06-07,200,2010-07-01,328723
2010-06-07,200,2010-07-02,328723
2010-06-07,200,2010-07-06,328723
2010-07-07,100,2010-07-07,328723
2010-07-07,100,2010-07-08,328723
2010-07-07,100,2010-07-09,328723
2010-07-07,100,2010-07-12,328723
2010-07-07,100,2010-07-13,328723
2010-07-07,100,2010-07-14,328723
2010-07-07,100,2010-07-15,328723
2010-07-07,100,2010-07-16,328723
2010-07-07,100,2010-07-19,328723
2010-07-07,100,2010-07-20,328723
2010-07-07,100,2010-07-21,328723
2010-07-07,100,2010-07-22,328723
2010-07-07,100,2010-07-23,328723
2010-07-07,100,2010-07-26,328723
2010-07-07,100,2010-07-27,328723
2010-07-07,100,2010-07-28,328723
2010-07-07,100,2010-07-29,328723
2010-07-07,100,2010-07-30,328723
2010-07-07,100,2010-08-02,328723
2010-07-07,100,2010-08-03,328723
2010-07-07,100,2010-08-04,328723
2010-07-07,200,2010-07-07,328723
2010-07-07,200,2010-07-08,328723
2010-07-07,200,2010-07-09,328723
2010-07-07,200,2010-07-12,328723
2010-07-07,200,2010-07-13,328723
2010-07-07,200,2010-07-14,328723
2010-07-07,200,2010-07-15,328723
2010-07-07,200,2010-07-16,328723
2010-07-07,200,2010-07-19,328723
2010-07-07,200,2010-07-20,328723
2010-07-07,200,2010-07-21,328723
2010-07-07,200,2010-07-22,328723
2010-07-07,200,2010-07-23,328723
2010-07-07,200,2010-07-26,328723
2010-07-07,200,2010-07-27,328723
2010-07-07,200,2010-07-28,328723
2010-07-07,200,2010-07-29,328723
2010-07-07,200,2010-07-30,328723
2010-07-07,200,2010-08-02,328723
2010-07-07,200,2010-08-03,328723
2010-07-07,200,2010-08-04,328723
2011-04-05,100,2011-04-12,15238D
2011-04-05,100,2011-04-13,15238D
2011-04-05,100,2011-04-14,15238D
2011-04-05,100,2011-04-15,15238D
2011-04-05,100,2011-04-18,15238D
2011-04-05,100,2011-04-19,15238D
2011-04-05,100,2011-04-20,15238D
2011-04-05,100,2011-04-21,15238D
2011-04-05,100,2011-04-25,15238D
2011-04-05,100,2011-04-26,15238D
2011-04-05,100,2011-04-27,15238D
2011-04-05,100,2011-04-28,15238D
2011-04-05,100,2011-04-29,15238D
2011-04-05,100,2011-05-02,15238D
2011-04-05,100,2011-05-03,15238D
2011-04-05,100,2011-05-04,15238D
2011-04-05,200,2011-04-11,729431
2011-04-05,200,2011-04-12,15238D
2011-04-05,200,2011-04-12,729431
2011-04-05,200,2011-04-13,15238D
2011-04-05,200,2011-04-13,729431
2011-04-05,200,2011-04-14,15238D
2011-04-05,200,2011-04-14,729431
2011-04-05,200,2011-04-15,15238D
2011-04-05,200,2011-04-15,729431
2011-04-05,200,2011-04-18,15238D
2011-04-05,200,2011-04-18,729431
2011-04-05,200,2011-04-19,15238D
2011-04-05,200,2011-04-19,729431
2011-04-05,200,2011-04-20,15238D
2011-04-05,200,2011-04-20,729431
2011-04-05,200,2011-04-21,15238D
2011-04-05,200,2011-04-21,729431
2011-04-05,200,2011-04-25,15238D
2011-04-05,200,2011-04-25,729431
2011-04-05,200,2011-04-26,15238D
2011-04-05,200,2011-04-26,729431
2011-04-05,200,2011-04-27,15238D
2011-04-05,200,2011-04-27,729431
2011-04-05,200,2011-04-28,15238D
2011-04-05,200,2011-04-28,729431
2011-04-05,200,2011-04-29,15238D
2011-04-05,200,2011-04-29,729431
2011-04-05,200,2011-05-02,15238D
2011-04-05,200,2011-05-02,729431
2011-04-05,200,2011-05-03,15238D
2011-04-05,200,2011-05-03,729431
2011-04-05,200,2011-05-04,15238D
2011-04-05,200,2011-05-04,729431
2011-05-05,100,2011-05-05,15238D
2011-05-05,100,2011-05-06,15238D
2011-05-05,100,2011-05-09,15238D
2011-05-05,100,2011-05-10,15238D
2011-05-05,100,2011-05-11,15238D
2011-05-05,100,2011-05-12,15238D
2011-05-05,100,2011-05-13,15238D
2011-05-05,100,2011-05-16,15238D
2011-05-05,100,2011-05-17,15238D
2011-05-05,100,2011-05-18,15238D
2011-05-05,100,2011-05-19,15238D
2011-05-05,100,2011-05-20,15238D
2011-05-05,100,2011-05-23,15238D
2011-05-05,100,2011-05-24,15238D
2011-05-05,100,2011-05-25,15238D
2011-05-05,100,2011-05-26,15238D
2011-05-05,100,2011-05-27,15238D
2011-05-05,100,2011-05-31,15238D
2011-05-05,100,2011-06-01,15238D
2011-05-05,100,2011-06-02,15238D
2011-05-05,100,2011-06-03,15238D
2011-05-05,200,2011-05-05,15238D
2011-05-05,200,2011-05-05,729431
2011-05-05,200,2011-05-06,15238D
2011-05-05,200,2011-05-06,729431
2011-05-05,200,2011-05-09,15238D
2011-05-05,200,2011-05-09,729431
2011-05-05,200,2011-05-10,15238D
2011-05-05,200,2011-05-10,729431
2011-05-05,200,2011-05-11,15238D
2011-05-05,200,2011-05-11,729431
2011-05-05,200,2011-05-12,15238D
2011-05-05,200,2011-05-12,729431
2011-05-05,200,2011-05-13,15238D
2011-05-05,200,2011-05-13,729431
2011-05-05,200,2011-05-16,15238D
2011-05-05,200,2011-05-16,729431
2011-05-05,200,2011-05-17,15238D
2011-05-05,200,2011-05-17,729431
2011-05-05,200,2011-05-18,15238D
2011-05-05,200,2011-05-18,729431
2011-05-05,200,2011-05-19,15238D
2011-05-05,200,2011-05-19,729431
2011-05-05,200,2011-05-20,15238D
2011-05-05,200,2011-05-20,729431
2011-05-05,200,2011-05-23,15238D
2011-05-05,200,2011-05-23,729431
2011-05-05,200,2011-05-24,15238D
2011-05-05,200,2011-05-24,729431
2011-05-05,200,2011-05-25,15238D
2011-05-05,200,2011-05-25,729431
2011-05-05,200,2011-05-26,15238D
2011-05-05,200,2011-05-26,729431
2011-05-05,200,2011-05-27,15238D
2011-05-05,200,2011-05-27,729431
2011-05-05,200,2011-05-31,15238D
2011-05-05,200,2011-05-31,729431
2011-05-05,200,2011-06-01,15238D
2011-05-05,200,2011-06-01,729431
2011-05-05,200,2011-06-02,15238D
2011-05-05,200,2011-06-02,729431
2011-05-05,200,2011-06-03,15238D
2011-05-05,200,2011-06-03,729431
2012-05-04,200,2012-05-14,26012E
2012-05-04,200,2012-05-15,26012E
2012-05-04,200,2012-05-16,26012E
2012-05-04,200,2012-05-17,26012E
2012-05-04,200,2012-05-18,26012E
2012-05-04,200,2012-05-21,26012E
2012-05-04,200,2012-05-22,26012E
2012-05-04,200,2012-05-23,26012E
2012-05-04,200,2012-05-24,26012E
2012-05-04,200,2012-05-25,26012E
2012-05-04,200,2012-05-29,26012E
2012-05-04,200,2012-05-30,26012E
2012-05-04,200,2012-05-31,26012E
2012-05-04,200,2012-06-01,26012E
2012-05-04,200,2012-06-04,26012E
2012-06-05,200,2012-06-05,26012E
2012-06-05,200,2012-06-06,26012E
2012-06-05,200,2012-06-07,26012E
2012-06-05,200,2012-06-08,26012E
2012-06-05,200,2012-06-11,26012E
2012-06-05,200,2012-06-12,26012E
2012-06-05,200,2012-06-13,26012E
2012-06-05,200,2012-06-14,26012E
2012-06-05,200,2012-06-15,26012E
2012-06-05,200,2012-06-18,26012E
2012-06-05,200,2012-06-19,26012E
2012-06-05,200,2012-06-20,26012E
2012-06-05,200,2012-06-21,26012E
2012-06-05,200,2012-06-22,26012E
2012-06-05,200,2012-06-25,26012E
2012-06-05,200,2012-06-26,26012E
2012-06-05,200,2012-06-27,26012E
2012-06-05,200,2012-06-28,26012E
2012-06-05,200,2012-06-29,26012E
2012-06-05,200,2012-07-02,26012E
2012-06-05,200,2012-07-03,26012E
2012-07-05,200,2012-07-05,325308
2012-07-05,200,2012-07-06,325308
2012-07-05,200,2012-07-09,325308
2012-07-05,200,2012-07-10,325308
2012-07-05,200,2012-07-11,325308
2012-07-05,200,2012-07-12,325308
2012-07-05,200,2012-07-13,325308
2012-07-05,200,2012-07-16,325308
2012-07-05,200,2012-07-17,325308
2012-07-05,200,2012-07-18,325308
2012-07-05,200,2012-07-19,325308
2012-07-05,200,2012-07-20,325308
2012-07-05,200,2012-07-23,325308
2012-07-05,200,2012-07-24,325308
2012-07-05,200,2012-07-25,325308
2012-07-05,200,2012-07-26,325308
2012-07-05,200,2012-07-27,325308
2012-07-05,200,2012-07-30,325308
2012-07-05,200,2012-07-31,325308
2012-07-05,200,2012-08-01,325308
2012-07-05,200,2012-08-02,325308
2012-08-03,200,2012-08-03,325308
2012-08-03,200,2012-08-06,325308
2012-08-03,200,2012-08-07,325308
2012-08-03,200,2012-08-08,325308
2012-08-03,200,2012-08-09,325308
2012-08-03,200,2012-08-10,325308
2012-08-03,200,2012-08-13,325308
2012-08-03,200,2012-08-13,904820
2012-08-03,200,2012-08-14,325308
2012-08-03,200,2012-08-14,904820
2012-08-03,200,2012-08-15,325308
2012-08-03,200,2012-08-15,904820
2012-08-03,200,2012-08-16,325308
2012-08-03,200,2012-08-16,904820
2012-08-03,200,2012-08-17,325308
2012-08-03,200,2012-08-17,904820
2012-08-03,200,2012-08-20,325308
2012-08-03,200,2012-08-20,904820
2012-08-03,200,2012-08-21,325308
2012-08-03,200,2012-08-21,904820
2012-08-03,200,2012-08-22,325308
2012-08-03,200,2012-08-22,904820
2012-08-03,200,2012-08-23,325308
2012-08-03,200,2012-08-23,904820
2012-08-03,200,2012-08-24,325308
2012-08-03,200,2012-08-24,904820
2012-08-03,200,2012-08-27,325308
2012-08-03,200,2012-08-27,904820
2012-08-03,200,2012-08-28,325308
2012-08-03,200,2012-08-28,904820
2012-08-03,200,2012-08-29,325308
2012-08-03,200,2012-08-29,904820
2012-08-03,200,2012-08-30,325308
2012-08-03,200,2012-08-30,904820
2012-08-03,200,2012-08-31,325308
2012-08-03,200,2012-08-31,904820
2012-09-04,200,2012-09-04,904820
2012-09-04,200,2012-09-05,904820
2012-09-04,200,2012-09-06,904820
2012-09-04,200,2012-09-07,904820
2012-09-04,200,2012-09-10,904820
2012-09-04,200,2012-09-11,904820
2012-09-04,200,2012-09-12,904820
2012-09-04,200,2012-09-13,904820
2012-09-04,200,2012-09-14,904820
2012-09-04,200,2012-09-17,904820
2012-09-04,200,2012-09-18,904820
2012-09-04,200,2012-09-19,904820
2012-09-04,200,2012-09-20,904820
2012-09-04,200,2012-09-21,904820
2012-09-04,200,2012-09-24,904820
2012-09-04,200,2012-09-25,904820
2012-09-04,200,2012-09-26,904820
2012-09-04,200,2012-09-27,904820
2012-09-04,200,2012-09-28,904820
2012-09-04,200,2012-10-01,904820
2012-09-04,200,2012-10-02,904820
2013-06-07,200,2013-06-10,902262
2013-06-07,200,2013-06-11,902262
2013-06-07,200,2013-06-12,902262
2013-06-07,200,2013-06-13,902262
2013-06-07,200,2013-06-14,902262
2013-06-07,200,2013-06-17,902262
2013-06-07,200,2013-06-18,902262
2013-06-07,200,2013-06-19,902262
2013-06-07,200,2013-06-20,902262
2013-06-07,200,2013-06-21,902262
2013-06-07,200,2013-06-24,902262
2013-06-07,200,2013-06-25,902262
2013-06-07,200,2013-06-26,902262
2013-06-07,200,2013-06-27,902262
2013-06-07,200,2013-06-28,902262
2013-06-07,200,2013-07-01,902262
2013-06-07,200,2013-07-02,902262
2013-06-07,200,2013-07-03,902262
2013-06-07,200,2013-07-05,902262
2013-06-07,200,2013-07-08,902262
2013-07-09,200,2013-07-09,902262
2013-07-09,200,2013-07-10,902262
2013-07-09,200,2013-07-11,902262
2013-07-09,200,2013-07-12,902262
2013-07-09,200,2013-07-15,902262
2013-07-09,200,2013-07-16,902262
2013-07-09,200,2013-07-17,902262
2013-07-09,200,2013-07-18,902262
2013-07-09,200,2013-07-19,902262
2013-07-09,200,2013-07-22,902262
2013-07-09,200,2013-07-23,902262
2013-07-09,200,2013-07-24,902262
2013-07-09,200,2013-07-25,902262
2013-07-09,200,2013-07-26,902262
2013-07-09,200,2013-07-29,902262
2013-07-09,200,2013-07-30,902262
2013-07-09,200,2013-07-31,902262
2013-07-09,200,2013-08-01,902262
2013-07-09,200,2013-08-02,902262
2013-07-09,200,2013-08-05,902262
2013-07-09,200,2013-08-06,902262
2013-10-07,200,2013-10-30,772203
2013-10-07,200,2013-10-31,772203
2013-10-07,200,2013-11-01,772203
2013-10-07,200,2013-11-04,772203
2013-11-05,200,2013-11-05,772203
2013-11-05,200,2013-11-06,772203
2013-11-05,200,2013-11-07,772203
2013-11-05,200,2013-11-08,772203
2013-11-05,200,2013-11-11,772203
2013-11-05,200,2013-11-12,772203
2013-11-05,200,2013-11-13,772203
2013-11-05,200,2013-11-14,772203
2013-11-05,200,2013-11-15,772203
2013-11-05,200,2013-11-18,772203
2013-11-05,200,2013-11-19,772203
2013-11-05,200,2013-11-20,772203
2013-11-05,200,2013-11-21,772203
2013-11-05,200,2013-11-22,772203
2013-11-05,200,2013-11-25,772203
2013-11-05,200,2013-11-26,772203
2013-11-05,200,2013-11-27,772203
2013-11-05,200,2013-11-29,772203
2013-11-05,200,2013-12-02,772203
2013-11-05,200,2013-12-03,772203
2013-11-05,200,2013-12-04,772203
2013-12-05,200,2013-12-05,772203
2013-12-05,200,2013-12-06,772203
2013-12-05,200,2013-12-09,772203
2013-12-05,200,2013-12-10,772203
2013-12-05,200,2013-12-11,772203
2013-12-05,200,2013-12-12,772203
2013-12-05,200,2013-12-13,772203
2013-12-05,200,2013-12-16,772203
2013-12-05,200,2013-12-17,772203
2013-12-05,200,2013-12-18,772203
2013-12-05,200,2013-12-19,772203
2013-12-05,200,2013-12-20,772203
2013-12-05,200,2013-12-23,772203
2013-12-05,200,2013-12-24,772203
2013-12-05,200,2013-12-26,772203
2013-12-05,200,2013-12-27,772203
2013-12-05,200,2013-12-30,772203
2013-12-05,200,2013-12-31,772203
2013-12-05,200,2014-01-02,772203
2013-12-05,200,2014-01-03,772203
2013-12-05,200,2014-01-06,772203
2014-06-09,200,2014-07-02,921276
2014-06-09,200,2014-07-03,921276
2014-06-09,200,2014-07-07,921276
2014-06-09,200,2014-07-08,921276
2014-07-09,200,2014-07-09,921276
2014-07-09,200,2014-07-10,921276
2014-07-09,200,2014-07-11,921276
2014-07-09,200,2014-07-14,921276
2014-07-09,200,2014-07-15,921276
2014-07-09,200,2014-07-16,921276
2014-07-09,200,2014-07-17,921276
2014-07-09,200,2014-07-18,921276
2014-07-09,200,2014-07-21,921276
2014-07-09,200,2014-07-22,921276
2014-07-09,200,2014-07-23,921276
2014-07-09,200,2014-07-24,921276
2014-07-09,200,2014-07-25,921276
2014-07-09,200,2014-07-28,921276
2014-07-09,200,2014-07-29,921276
2014-07-09,200,2014-07-30,921276
2014-07-09,200,2014-07-31,921276
2014-07-09,200,2014-08-01,921276
2014-07-09,200,2014-08-04,921276
2014-07-09,200,2014-08-05,921276
2014-07-09,200,2014-08-06,921276
2014-08-07,200,2014-08-07,921276
2014-08-07,200,2014-08-08,921276
2014-08-07,200,2014-08-11,921276
2014-08-07,200,2014-08-12,921276
2014-08-07,200,2014-08-13,921276
2014-08-07,200,2014-08-14,921276
2014-08-07,200,2014-08-15,921276
2014-08-07,200,2014-08-18,921276
2014-08-07,200,2014-08-19,921276
2014-08-07,200,2014-08-20,921276
2014-08-07,200,2014-08-21,921276
2014-08-07,200,2014-08-22,921276
2014-08-07,200,2014-08-25,921276
2014-08-07,200,2014-08-26,921276
2014-08-07,200,2014-08-27,921276
2014-08-07,200,2014-08-28,921276
2014-08-07,200,2014-08-29,921276
2014-08-07,200,2014-09-02,921276
2014-08-07,200,2014-09-03,921276
2014-08-07,200,2014-09-04,921276
2014-08-07,200,2014-09-05,921276
2014-11-05,200,2014-11-28,326414
2014-11-05,200,2014-12-01,326414
2014-11-05,200,2014-12-02,326414
2014-11-05,200,2014-12-03,326414
2014-11-05,200,2014-12-04,326414
2014-12-05,200,2014-12-05,326414
2014-12-05,200,2014-12-08,326414
2014-12-05,200,2014-12-09,326414
2014-12-05,200,2014-12-10,326414
2014-12-05,200,2014-12-11,326414
2014-12-05,200,2014-12-12,326414
2014-12-05,200,2014-12-15,326414
2014-12-05,200,2014-12-16,326414
2014-12-05,200,2014-12-17,326414
2014-12-05,200,2014-12-18,326414
2014-12-05,200,2014-12-19,326414
2014-12-05,200,2014-12-22,326414
2014-12-05,200,2014-12-23,326414
2014-12-05,200,2014-12-24,326414
2014-12-05,200,2014-12-26,326414
2014-12-05,200,2014-12-29,326414
2014-12-05,200,2014-12-30,326414
2014-12-05,200,2014-12-31,326414
2014-12-05,200,2015-01-02,326414
2014-12-05,200,2015-01-05,326414
2014-12-05,200,2015-01-06,326414
2015-01-07,200,2015-01-27,50661P
2015-01-07,200,2015-01-28,50661P
2015-01-07,200,2015-01-29,50661P
2015-01-07,200,2015-01-30,50661P
2015-01-07,200,2015-02-02,50661P
2015-01-07,200,2015-02-03,50661P
2015-01-07,200,2015-02-04,50661P
2015-01-07,200,2015-02-05,50661P
2015-02-06,200,2015-02-06,50661P
2015-02-06,200,2015-02-09,50661P
2015-02-06,200,2015-02-10,50661P
2015-02-06,200,2015-02-11,50661P
2015-02-06,200,2015-02-12,50661P
2015-02-06,200,2015-02-13,50661P
2015-02-06,200,2015-02-17,50661P
2015-02-06,200,2015-02-18,50661P
2015-02-06,200,2015-02-19,50661P
2015-02-06,200,2015-02-20,50661P
2015-02-06,200,2015-02-23,50661P
2015-02-06,200,2015-02-24,50661P
2015-02-06,200,2015-02-25,50661P
2015-02-06,200,2015-02-26,50661P
2015-02-06,200,2015-02-27,50661P
2015-02-06,200,2015-03-02,50661P
2015-02-06,200,2015-03-03,50661P
2015-02-06,200,2015-03-04,50661P
2015-02-06,200,2015-03-05,50661P
2015-02-06,200,2015-03-06,50661P
2015-02-06,200,2015-03-09,50661P
2015-03-10,100,2015-03-17,541863
2015-03-10,100,2015-03-18,541863
2015-03-10,100,2015-03-19,541863
2015-03-10,100,2015-03-20,541863
2015-03-10,100,2015-03-23,541863
2015-03-10,100,2015-03-24,541863
2015-03-10,100,2015-03-25,541863
2015-03-10,100,2015-03-26,541863
2015-03-10,100,2015-03-27,541863
2015-03-10,100,2015-03-30,541863
2015-03-10,100,2015-03-31,541863
2015-03-10,100,2015-04-01,541863
2015-03-10,100,2015-04-02,541863
2015-03-10,100,2015-04-06,541863
2015-03-10,100,2015-04-07,541863
2015-03-10,100,2015-04-08,541863
2015-03-10,200,2015-03-17,541863
2015-03-10,200,2015-03-18,541863
2015-03-10,200,2015-03-19,541863
2015-03-10,200,2015-03-20,541863
2015-03-10,200,2015-03-23,541863
2015-03-10,200,2015-03-24,541863
2015-03-10,200,2015-03-25,541863
2015-03-10,200,2015-03-26,541863
2015-03-10,200,2015-03-27,541863
2015-03-10,200,2015-03-30,541863
2015-03-10,200,2015-03-31,541863
2015-03-10,200,2015-04-01,541863
2015-03-10,200,2015-04-02,541863
2015-03-10,200,2015-04-06,541863
2015-03-10,200,2015-04-07,541863
2015-03-10,200,2015-04-08,541863
2015-04-09,100,2015-04-09,541863
2015-04-09,100,2015-04-10,541863
2015-04-09,100,2015-04-13,541863
2015-04-09,100,2015-04-14,541863
2015-04-09,100,2015-04-15,541863
2015-04-09,100,2015-04-16,541863
2015-04-09,100,2015-04-17,541863
2015-04-09,100,2015-04-20,541863
2015-04-09,100,2015-04-21,541863
2015-04-09,100,2015-04-22,541863
2015-04-09,100,2015-04-23,541863
2015-04-09,100,2015-04-24,541863
2015-04-09,100,2015-04-27,541863
2015-04-09,100,2015-04-28,541863
2015-04-09,100,2015-04-29,541863
2015-04-09,100,2015-04-30,541863
2015-04-09,100,2015-05-01,541863
2015-04-09,100,2015-05-04,541863
2015-04-09,100,2015-05-05,541863
2015-04-09,100,2015-05-06,541863
2015-04-09,100,2015-05-07,541863
2015-04-09,200,2015-04-09,541863
2015-04-09,200,2015-04-10,541863
2015-04-09,200,2015-04-13,541863
2015-04-09,200,2015-04-14,541863
2015-04-09,200,2015-04-15,541863
2015-04-09,200,2015-04-16,541863
2015-04-09,200,2015-04-17,541863
2015-04-09,200,2015-04-20,541863
2015-04-09,200,2015-04-21,541863
2015-04-09,200,2015-04-22,541863
2015-04-09,200,2015-04-23,541863
2015-04-09,200,2015-04-24,541863
2015-04-09,200,2015-04-27,541863
2015-04-09,200,2015-04-28,541863
2015-04-09,200,2015-04-29,541863
2015-04-09,200,2015-04-30,541863
2015-04-09,200,2015-05-01,541863
2015-04-09,200,2015-05-04,541863
2015-04-09,200,2015-05-05,541863
2015-04-09,200,2015-05-06,541863
2015-04-09,200,2015-05-07,541863
2015-08-07,100,2015-08-13,87659R
2015-08-07,100,2015-08-14,87659R
2015-08-07,100,2015-08-17,87659R
2015-08-07,100,2015-08-18,87659R
2015-08-07,100,2015-08-19,87659R
2015-08-07,100,2015-08-20,87659R
2015-08-07,100,2015-08-21,87659R
2015-08-07,100,2015-08-24,87659R
2015-08-07,100,2015-08-25,87659R
2015-08-07,100,2015-08-26,87659R
2015-08-07,100,2015-08-27,87659R
2015-08-07,100,2015-08-28,87659R
2015-08-07,100,2015-08-31,87659R
2015-08-07,100,2015-09-01,87659R
2015-08-07,100,2015-09-02,87659R
2015-08-07,100,2015-09-03,87659R
2015-08-07,100,2015-09-04,87659R
2015-08-07,200,2015-08-13,87659R
2015-08-07,200,2015-08-14,87659R
2015-08-07,200,2015-08-17,87659R
2015-08-07,200,2015-08-18,87659R
2015-08-07,200,2015-08-19,87659R
2015-08-07,200,2015-08-20,87659R
2015-08-07,200,2015-08-21,87659R
2015-08-07,200,2015-08-24,87659R
2015-08-07,200,2015-08-25,87659R
2015-08-07,200,2015-08-26,87659R
2015-08-07,200,2015-08-27,87659R
2015-08-07,200,2015-08-28,87659R
2015-08-07,200,2015-08-31,87659R
2015-08-07,200,2015-09-01,87659R
2015-08-07,200,2015-09-02,87659R
2015-08-07,200,2015-09-03,87659R
2015-08-07,200,2015-09-04,87659R
2015-09-08,100,2015-09-08,87659R
2015-09-08,100,2015-09-08,28226P
2015-09-08,100,2015-09-09,87659R
2015-09-08,100,2015-09-09,28226P
2015-09-08,100,2015-09-10,87659R
2015-09-08,100,2015-09-10,28226P
2015-09-08,100,2015-09-11,87659R
2015-09-08,100,2015-09-11,28226P
2015-09-08,100,2015-09-14,87659R
2015-09-08,100,2015-09-14,28226P
2015-09-08,100,2015-09-15,87659R
2015-09-08,100,2015-09-15,28226P
2015-09-08,100,2015-09-16,87659R
2015-09-08,100,2015-09-16,28226P
2015-09-08,100,2015-09-17,87659R
2015-09-08,100,2015-09-17,28226P
2015-09-08,100,2015-09-18,87659R
2015-09-08,100,2015-09-18,28226P
2015-09-08,100,2015-09-21,87659R
2015-09-08,100,2015-09-21,28226P
2015-09-08,100,2015-09-22,87659R
2015-09-08,100,2015-09-22,28226P
2015-09-08,100,2015-09-23,87659R
2015-09-08,100,2015-09-23,28226P
2015-09-08,100,2015-09-24,87659R
2015-09-08,100,2015-09-24,28226P
2015-09-08,100,2015-09-25,87659R
2015-09-08,100,2015-09-25,28226P
2015-09-08,100,2015-09-28,87659R
2015-09-08,100,2015-09-28,28226P
2015-09-08,100,2015-09-29,87659R
2015-09-08,100,2015-09-29,28226P
2015-09-08,100,2015-09-30,87659R
2015-09-08,100,2015-09-30,28226P
2015-09-08,100,2015-10-01,87659R
2015-09-08,100,2015-10-01,28226P
2015-09-08,100,2015-10-02,87659R
2015-09-08,100,2015-10-02,28226P
2015-09-08,100,2015-10-05,87659R
2015-09-08,100,2015-10-05,28226P
2015-09-08,100,2015-10-06,87659R
2015-09-08,100,2015-10-06,28226P
2015-09-08,200,2015-09-08,87659R
2015-09-08,200,2015-09-08,28226P
2015-09-08,200,2015-09-09,87659R
2015-09-08,200,2015-09-09,28226P
2015-09-08,200,2015-09-10,87659R
2015-09-08,200,2015-09-10,28226P
2015-09-08,200,2015-09-11,87659R
2015-09-08,200,2015-09-11,28226P
2015-09-08,200,2015-09-14,87659R
2015-09-08,200,2015-09-14,28226P
2015-09-08,200,2015-09-15,87659R
2015-09-08,200,2015-09-15,28226P
2015-09-08,200,2015-09-16,87659R
2015-09-08,200,2015-09-16,28226P
2015-09-08,200,2015-09-17,87659R
2015-09-08,200,2015-09-17,28226P
2015-09-08,200,2015-09-18,87659R
2015-09-08,200,2015-09-18,28226P
2015-09-08,200,2015-09-21,87659R
2015-09-08,200,2015-09-21,28226P
2015-09-08,200,2015-09-22,87659R
2015-09-08,200,2015-09-22,28226P
2015-09-08,200,2015-09-23,87659R
2015-09-08,200,2015-09-23,28226P
2015-09-08,200,2015-09-24,87659R
2015-09-08,200,2015-09-24,28226P
2015-09-08,200,2015-09-25,87659R
2015-09-08,200,2015-09-25,28226P
2015-09-08,200,2015-09-28,87659R
2015-09-08,200,2015-09-28,28226P
2015-09-08,200,2015-09-29,87659R
2015-09-08,200,2015-09-29,28226P
2015-09-08,200,2015-09-30,87659R
2015-09-08,200,2015-09-30,28226P
2015-09-08,200,2015-10-01,87659R
2015-09-08,200,2015-10-01,28226P
2015-09-08,200,2015-10-02,87659R
2015-09-08,200,2015-10-02,28226P
2015-09-08,200,2015-10-05,87659R
2015-09-08,200,2015-10-05,28226P
2015-09-08,200,2015-10-06,87659R
2015-09-08,200,2015-10-06,28226P
2015-10-07,100,2015-10-07,28226P
2015-10-07,100,2015-10-08,28226P
2015-10-07,100,2015-10-09,28226P
2015-10-07,100,2015-10-12,28226P
2015-10-07,100,2015-10-13,28226P
2015-10-07,100,2015-10-14,28226P
2015-10-07,100,2015-10-15,28226P
2015-10-07,100,2015-10-16,28226P
2015-10-07,100,2015-10-19,28226P
2015-10-07,100,2015-10-20,28226P
2015-10-07,100,2015-10-21,28226P
2015-10-07,100,2015-10-22,28226P
2015-10-07,100,2015-10-23,28226P
2015-10-07,100,2015-10-26,28226P
2015-10-07,100,2015-10-27,28226P
2015-10-07,100,2015-10-28,28226P
2015-10-07,100,2015-10-29,28226P
2015-10-07,100,2015-10-30,28226P
2015-10-07,100,2015-11-02,28226P
2015-10-07,100,2015-11-03,28226P
2015-10-07,100,2015-11-04,28226P
2015-10-07,200,2015-10-07,28226P
2015-10-07,200,2015-10-08,28226P
2015-10-07,200,2015-10-09,28226P
2015-10-07,200,2015-10-12,28226P
2015-10-07,200,2015-10-13,28226P
2015-10-07,200,2015-10-14,28226P
2015-10-07,200,2015-10-15,28226P
2015-10-07,200,2015-10-16,28226P
2015-10-07,200,2015-10-19,28226P
2015-10-07,200,2015-10-20,28226P
2015-10-07,200,2015-10-21,28226P
2015-10-07,200,2015-10-22,28226P
2015-10-07,200,2015-10-23,28226P
2015-10-07,200,2015-10-26,28226P
2015-10-07,200,2015-10-27,28226P
2015-10-07,200,2015-10-28,28226P
2015-10-07,200,2015-10-29,28226P
2015-10-07,200,2015-10-30,28226P
2015-10-07,200,2015-11-02,28226P
2015-10-07,200,2015-11-03,28226P
2015-10-07,200,2015-11-04,28226P
2016-01-07,200,2016-01-15,916790
2016-01-07,200,2016-01-19,916790
2016-01-07,200,2016-01-20,916790
2016-01-07,200,2016-01-21,916790
2016-01-07,200,2016-01-22,916790
2016-01-07,200,2016-01-25,916790
2016-01-07,200,2016-01-26,916790
2016-01-07,200,2016-01-27,916790
2016-01-07,200,2016-01-28,916790
2016-01-07,200,2016-01-29,916790
2016-01-07,200,2016-02-01,916790
2016-01-07,200,2016-02-02,916790
2016-01-07,200,2016-02-03,916790
2016-01-07,200,2016-02-04,916790
2016-01-07,200,2016-02-05,916790
2016-02-08,200,2016-02-08,916790
2016-02-08,200,2016-02-09,916790
2016-02-08,200,2016-02-10,916790
2016-02-08,200,2016-02-11,916790
2016-02-08,200,2016-02-12,916790
2016-02-08,200,2016-02-16,916790
2016-02-08,200,2016-02-17,916790
2016-02-08,200,2016-02-18,916790
2016-02-08,200,2016-02-19,916790
2016-02-08,200,2016-02-22,916790
2016-02-08,200,2016-02-23,916790
2016-02-08,200,2016-02-24,916790
2016-02-08,200,2016-02-25,916790
2016-02-08,200,2016-02-26,916790
2016-02-08,200,2016-02-29,916790
2016-02-08,200,2016-03-01,916790
2016-02-08,200,2016-03-02,916790
2016-02-08,200,2016-03-03,916790
2016-02-08,200,2016-03-04,916790
2016-02-08,200,2016-03-07,916790
2016-02-08,200,2016-03-08,916790
2016-03-09,200,2016-03-11,997350
2016-03-09,200,2016-03-14,680006
2016-03-09,200,2016-03-14,997350
2016-03-09,200,2016-03-15,680006
2016-03-09,200,2016-03-15,997350
2016-03-09,200,2016-03-16,680006
2016-03-09,200,2016-03-16,997350
2016-03-09,200,2016-03-17,680006
2016-03-09,200,2016-03-17,997350
2016-03-09,200,2016-03-18,680006
2016-03-09,200,2016-03-18,997350
2016-03-09,200,2016-03-21,680006
2016-03-09,200,2016-03-21,997350
2016-03-09,200,2016-03-22,680006
2016-03-09,200,2016-03-22,997350
2016-03-09,200,2016-03-23,680006
2016-03-09,200,2016-03-23,997350
2016-03-09,200,2016-03-24,680006
2016-03-09,200,2016-03-24,997350
2016-03-09,200,2016-03-28,680006
2016-03-09,200,2016-03-28,997350
2016-03-09,200,2016-03-29,680006
2016-03-09,200,2016-03-29,997350
2016-03-09,200,2016-03-30,680006
2016-03-09,200,2016-03-30,997350
2016-03-09,200,2016-03-31,680006
2016-03-09,200,2016-03-31,997350
2016-03-09,200,2016-04-01,680006
2016-03-09,200,2016-04-01,997350
2016-03-09,200,2016-04-04,680006
2016-03-09,200,2016-04-04,997350
2016-03-09,200,2016-04-05,680006
2016-03-09,200,2016-04-05,997350
2016-03-09,200,2016-04-06,680006
2016-03-09,200,2016-04-06,997350
2016-03-09,200,2016-04-07,680006
2016-03-09,200,2016-04-07,997350
2016-04-08,200,2016-04-08,680006
2016-04-08,200,2016-04-08,997350
2016-04-08,200,2016-04-11,680006
2016-04-08,200,2016-04-11,997350
2016-04-08,200,2016-04-12,680006
2016-04-08,200,2016-04-12,997350
2016-04-08,200,2016-04-13,680006
2016-04-08,200,2016-04-13,997350
2016-04-08,200,2016-04-14,680006
2016-04-08,200,2016-04-14,997350
2016-04-08,200,2016-04-15,680006
2016-04-08,200,2016-04-15,997350
2016-04-08,200,2016-04-18,680006
2016-04-08,200,2016-04-18,997350
2016-04-08,200,2016-04-19,680006
2016-04-08,200,2016-04-19,997350
2016-04-08,200,2016-04-20,680006
2016-04-08,200,2016-04-20,997350
2016-04-08,200,2016-04-21,680006
2016-04-08,200,2016-04-21,997350
2016-04-08,200,2016-04-22,680006
2016-04-08,200,2016-04-22,997350
2016-04-08,200,2016-04-25,680006
2016-04-08,200,2016-04-25,997350
2016-04-08,200,2016-04-26,680006
2016-04-08,200,2016-04-26,997350
2016-04-08,200,2016-04-27,680006
2016-04-08,200,2016-04-27,997350
2016-04-08,200,2016-04-28,680006
2016-04-08,200,2016-04-28,997350
2016-04-08,200,2016-04-29,680006
2016-04-08,200,2016-04-29,997350
2016-04-08,200,2016-05-02,680006
2016-04-08,200,2016-05-02,997350
2016-04-08,200,2016-05-03,680006
2016-04-08,200,2016-05-03,997350
2016-04-08,200,2016-05-04,680006
2016-04-08,200,2016-05-04,997350
2016-04-08,200,2016-05-05,680006
2016-04-08,200,2016-05-05,997350
2016-04-08,200,2016-05-06,680006
2016-04-08,200,2016-05-06,997350
2016-05-09,100,2016-05-18,41582M
2016-05-09,100,2016-05-19,41582M
2016-05-09,100,2016-05-20,41582M
2016-05-09,100,2016-05-23,41582M
2016-05-09,100,2016-05-24,41582M
2016-05-09,100,2016-05-25,41582M
2016-05-09,100,2016-05-26,41582M
2016-05-09,100,2016-05-27,41582M
2016-05-09,100,2016-05-31,41582M
2016-05-09,100,2016-06-01,41582M
2016-05-09,100,2016-06-02,41582M
2016-05-09,100,2016-06-03,41582M
2016-05-09,100,2016-06-06,41582M
2016-05-09,100,2016-06-07,41582M
2016-05-09,200,2016-05-18,41582M
2016-05-09,200,2016-05-19,41582M
2016-05-09,200,2016-05-20,41582M
2016-05-09,200,2016-05-23,41582M
2016-05-09,200,2016-05-24,41582M
2016-05-09,200,2016-05-25,41582M
2016-05-09,200,2016-05-26,41582M
2016-05-09,200,2016-05-27,41582M
2016-05-09,200,2016-05-31,41582M
2016-05-09,200,2016-06-01,41582M
2016-05-09,200,2016-06-02,41582M
2016-05-09,200,2016-06-03,41582M
2016-05-09,200,2016-06-06,41582M
2016-05-09,200,2016-06-07,41582M
2016-06-08,100,2016-06-08,41582M
2016-06-08,100,2016-06-09,41582M
2016-06-08,100,2016-06-10,41582M
2016-06-08,100,2016-06-13,41582M
2016-06-08,100,2016-06-14,41582M
2016-06-08,100,2016-06-15,41582M
2016-06-08,100,2016-06-16,41582M
2016-06-08,100,2016-06-17,41582M
2016-06-08,100,2016-06-20,41582M
2016-06-08,100,2016-06-21,41582M
2016-06-08,100,2016-06-22,41582M
2016-06-08,100,2016-06-23,41582M
2016-06-08,100,2016-06-24,41582M
2016-06-08,100,2016-06-27,41582M
2016-06-08,100,2016-06-28,41582M
2016-06-08,100,2016-06-29,41582M
2016-06-08,100,2016-06-30,41582M
2016-06-08,100,2016-07-01,41582M
2016-06-08,100,2016-07-05,41582M
2016-06-08,100,2016-07-06,41582M
2016-06-08,100,2016-07-07,41582M
2016-06-08,200,2016-06-08,41582M
2016-06-08,200,2016-06-09,41582M
2016-06-08,200,2016-06-10,41582M
2016-06-08,200,2016-06-13,41582M
2016-06-08,200,2016-06-14,41582M
2016-06-08,200,2016-06-15,41582M
2016-06-08,200,2016-06-16,41582M
2016-06-08,200,2016-06-17,41582M
2016-06-08,200,2016-06-20,41582M
2016-06-08,200,2016-06-21,41582M
2016-06-08,200,2016-06-22,41582M
2016-06-08,200,2016-06-23,41582M
2016-06-08,200,2016-06-24,41582M
2016-06-08,200,2016-06-27,41582M
2016-06-08,200,2016-06-28,41582M
2016-06-08,200,2016-06-29,41582M
2016-06-08,200,2016-06-30,41582M
2016-06-08,200,2016-07-01,41582M
2016-06-08,200,2016-07-05,41582M
2016-06-08,200,2016-07-06,41582M
2016-06-08,200,2016-07-07,41582M
2016-08-08,200,2016-09-06,907677
2016-09-07,100,2016-09-07,719630
2016-09-07,100,2016-09-08,719630
2016-09-07,100,2016-09-09,719630
2016-09-07,100,2016-09-12,719630
2016-09-07,100,2016-09-13,719630
2016-09-07,100,2016-09-14,719630
2016-09-07,100,2016-09-15,719630
2016-09-07,100,2016-09-16,719630
2016-09-07,100,2016-09-19,719630
2016-09-07,100,2016-09-20,719630
2016-09-07,100,2016-09-21,719630
2016-09-07,100,2016-09-22,719630
2016-09-07,100,2016-09-23,719630
2016-09-07,100,2016-09-26,719630
2016-09-07,100,2016-09-27,719630
2016-09-07,100,2016-09-28,719630
2016-09-07,100,2016-09-29,719630
2016-09-07,100,2016-09-30,719630
2016-09-07,100,2016-10-03,719630
2016-09-07,100,2016-10-04,719630
2016-09-07,100,2016-10-05,719630
2016-09-07,200,2016-09-07,719630
2016-09-07,200,2016-09-07,907677
2016-09-07,200,2016-09-08,719630
2016-09-07,200,2016-09-08,907677
2016-09-07,200,2016-09-09,719630
2016-09-07,200,2016-09-09,907677
2016-09-07,200,2016-09-12,719630
2016-09-07,200,2016-09-12,907677
2016-09-07,200,2016-09-13,719630
2016-09-07,200,2016-09-13,907677
2016-09-07,200,2016-09-14,719630
2016-09-07,200,2016-09-14,907677
2016-09-07,200,2016-09-15,719630
2016-09-07,200,2016-09-15,907677
2016-09-07,200,2016-09-16,719630
2016-09-07,200,2016-09-16,907677
2016-09-07,200,2016-09-19,719630
2016-09-07,200,2016-09-19,907677
2016-09-07,200,2016-09-20,719630
2016-09-07,200,2016-09-20,907677
2016-09-07,200,2016-09-21,719630
2016-09-07,200,2016-09-21,907677
2016-09-07,200,2016-09-22,719630
2016-09-07,200,2016-09-22,907677
2016-09-07,200,2016-09-23,719630
2016-09-07,200,2016-09-23,907677
2016-09-07,200,2016-09-26,719630
2016-09-07,200,2016-09-26,907677
2016-09-07,200,2016-09-27,719630
2016-09-07,200,2016-09-27,907677
2016-09-07,200,2016-09-28,719630
2016-09-07,200,2016-09-28,907677
2016-09-07,200,2016-09-29,719630
2016-09-07,200,2016-09-29,907677
2016-09-07,200,2016-09-30,719630
2016-09-07,200,2016-09-30,907677
2016-09-07,200,2016-10-03,719630
2016-09-07,200,2016-10-03,907677
2016-09-07,200,2016-10-04,719630
2016-09-07,200,2016-10-04,907677
2016-09-07,200,2016-10-05,719630
2016-09-07,200,2016-10-05,907677
2016-10-06,100,2016-10-06,719630
2016-10-06,100,2016-10-07,719630
2016-10-06,100,2016-10-10,719630
2016-10-06,100,2016-10-11,719630
2016-10-06,100,2016-10-12,719630
2016-10-06,100,2016-10-13,719630
2016-10-06,100,2016-10-14,719630
2016-10-06,100,2016-10-17,719630
2016-10-06,100,2016-10-18,719630
2016-10-06,100,2016-10-19,719630
2016-10-06,100,2016-10-20,719630
2016-10-06,100,2016-10-21,719630
2016-10-06,100,2016-10-24,719630
2016-10-06,100,2016-10-25,719630
2016-10-06,100,2016-10-26,719630
2016-10-06,100,2016-10-27,719630
2016-10-06,100,2016-10-28,719630
2016-10-06,100,2016-10-31,719630
2016-10-06,100,2016-11-01,719630
2016-10-06,100,2016-11-02,719630
2016-10-06,100,2016-11-03,719630
2016-10-06,200,2016-10-06,719630
2016-10-06,200,2016-10-06,907677
2016-10-06,200,2016-10-07,719630
2016-10-06,200,2016-10-07,907677
2016-10-06,200,2016-10-10,719630
2016-10-06,200,2016-10-10,907677
2016-10-06,200,2016-10-11,719630
2016-10-06,200,2016-10-11,907677
2016-10-06,200,2016-10-12,719630
2016-10-06,200,2016-10-12,907677
2016-10-06,200,2016-10-13,719630
2016-10-06,200,2016-10-13,907677
2016-10-06,200,2016-10-14,719630
2016-10-06,200,2016-10-14,907677
2016-10-06,200,2016-10-17,719630
2016-10-06,200,2016-10-17,907677
2016-10-06,200,2016-10-18,719630
2016-10-06,200,2016-10-18,907677
2016-10-06,200,2016-10-19,719630
2016-10-06,200,2016-10-19,907677
2016-10-06,200,2016-10-20,719630
2016-10-06,200,2016-10-20,907677
2016-10-06,200,2016-10-21,719630
2016-10-06,200,2016-10-21,907677
2016-10-06,200,2016-10-24,719630
2016-10-06,200,2016-10-24,907677
2016-10-06,200,2016-10-25,719630
2016-10-06,200,2016-10-25,907677
2016-10-06,200,2016-10-26,719630
2016-10-06,200,2016-10-26,907677
2016-10-06,200,2016-10-27,719630
2016-10-06,200,2016-10-27,907677
2016-10-06,200,2016-10-28,719630
2016-10-06,200,2016-10-28,907677
2016-10-06,200,2016-10-31,719630
2016-10-06,200,2016-10-31,907677
2016-10-06,200,2016-11-01,719630
2016-10-06,200,2016-11-01,907677
2016-10-06,200,2016-11-02,719630
2016-10-06,200,2016-11-02,907677
2016-10-06,200,2016-11-03,719630
2016-10-06,200,2016-11-03,907677
2017-02-07,200,2017-02-27,41487P
2017-02-07,200,2017-02-28,41487P
2017-02-07,200,2017-03-01,41487P
2017-02-07,200,2017-03-02,41487P
2017-02-07,200,2017-03-03,41487P
2017-02-07,200,2017-03-06,41487P
2017-02-07,200,2017-03-07,41487P
2017-02-07,200,2017-03-08,41487P
2017-03-09,200,2017-03-09,41487P
2017-03-09,200,2017-03-10,41487P
2017-03-09,200,2017-03-13,41487P
2017-03-09,200,2017-03-14,41487P
2017-03-09,200,2017-03-15,41487P
2017-03-09,200,2017-03-16,41487P
2017-03-09,200,2017-03-17,41487P
2017-03-09,200,2017-03-20,41487P
2017-03-09,200,2017-03-21,41487P
2017-03-09,200,2017-03-22,41487P
2017-03-09,200,2017-03-23,41487P
2017-03-09,200,2017-03-24,41487P
2017-03-09,200,2017-03-27,41487P
2017-03-09,200,2017-03-28,41487P
2017-03-09,200,2017-03-29,41487P
2017-03-09,200,2017-03-30,41487P
2017-03-09,200,2017-03-31,41487P
2017-03-09,200,2017-04-03,41487P
2017-03-09,200,2017-04-04,41487P
2017-03-09,200,2017-04-05,41487P
2017-03-09,200,2017-04-06,41487P
2017-07-10,100,2017-07-25,699577
2017-07-10,100,2017-07-26,699577
2017-07-10,100,2017-07-27,699577
2017-07-10,100,2017-07-28,699577
2017-07-10,100,2017-07-31,699577
2017-07-10,100,2017-08-01,699577
2017-07-10,100,2017-08-02,699577
2017-07-10,100,2017-08-03,699577
2017-07-10,100,2017-08-04,699577
2017-07-10,100,2017-08-07,699577
2017-07-10,200,2017-07-25,699577
2017-07-10,200,2017-07-26,699577
2017-07-10,200,2017-07-27,699577
2017-07-10,200,2017-07-28,699577
2017-07-10,200,2017-07-31,699577
2017-07-10,200,2017-08-01,699577
2017-07-10,200,2017-08-02,699577
2017-07-10,200,2017-08-03,699577
2017-07-10,200,2017-08-04,699577
2017-07-10,200,2017-08-07,699577
2017-08-08,100,2017-08-08,699577
2017-08-08,100,2017-08-09,699577
2017-08-08,100,2017-08-10,699577
2017-08-08,100,2017-08-11,699577
2017-08-08,100,2017-08-14,699577
2017-08-08,100,2017-08-15,699577
2017-08-08,100,2017-08-16,699577
2017-08-08,100,2017-08-17,699577
2017-08-08,100,2017-08-18,699577
2017-08-08,100,2017-08-21,699577
2017-08-08,100,2017-08-22,699577
2017-08-08,100,2017-08-23,699577
2017-08-08,100,2017-08-24,699577
2017-08-08,100,2017-08-25,699577
2017-08-08,100,2017-08-28,699577
2017-08-08,100,2017-08-29,699577
2017-08-08,100,2017-08-30,699577
2017-08-08,100,2017-08-31,699577
2017-08-08,100,2017-09-01,699577
2017-08-08,100,2017-09-05,699577
2017-08-08,100,2017-09-05,905114
2017-08-08,100,2017-09-05,902199
2017-08-08,100,2017-09-06,699577
2017-08-08,100,2017-09-06,905114
2017-08-08,100,2017-09-06,902199
2017-08-08,200,2017-08-08,699577
2017-08-08,200,2017-08-09,699577
2017-08-08,200,2017-08-10,699577
2017-08-08,200,2017-08-11,699577
2017-08-08,200,2017-08-14,699577
2017-08-08,200,2017-08-15,699577
2017-08-08,200,2017-08-16,699577
2017-08-08,200,2017-08-17,699577
2017-08-08,200,2017-08-18,699577
2017-08-08,200,2017-08-21,699577
2017-08-08,200,2017-08-22,699577
2017-08-08,200,2017-08-23,699577
2017-08-08,200,2017-08-24,699577
2017-08-08,200,2017-08-25,699577
2017-08-08,200,2017-08-28,699577
2017-08-08,200,2017-08-29,699577
2017-08-08,200,2017-08-30,699577
2017-08-08,200,2017-08-31,699577
2017-08-08,200,2017-09-01,699577
2017-08-08,200,2017-09-05,699577
2017-08-08,200,2017-09-05,905114
2017-08-08,200,2017-09-05,902199
2017-08-08,200,2017-09-06,699577
2017-08-08,200,2017-09-06,905114
2017-08-08,200,2017-09-06,902199
2017-09-07,100,2017-09-07,905114
2017-09-07,100,2017-09-07,902199
2017-09-07,100,2017-09-08,905114
2017-09-07,100,2017-09-08,902199
2017-09-07,100,2017-09-11,905114
2017-09-07,100,2017-09-11,902199
2017-09-07,100,2017-09-12,905114
2017-09-07,100,2017-09-12,902199
2017-09-07,100,2017-09-13,905114
2017-09-07,100,2017-09-13,902199
2017-09-07,100,2017-09-14,905114
2017-09-07,100,2017-09-14,902199
2017-09-07,100,2017-09-15,905114
2017-09-07,100,2017-09-15,902199
2017-09-07,100,2017-09-18,905114
2017-09-07,100,2017-09-18,902199
2017-09-07,100,2017-09-19,905114
2017-09-07,100,2017-09-19,902199
2017-09-07,100,2017-09-20,905114
2017-09-07,100,2017-09-20,902199
2017-09-07,100,2017-09-21,905114
2017-09-07,100,2017-09-21,902199
2017-09-07,100,2017-09-22,905114
2017-09-07,100,2017-09-22,902199
2017-09-07,100,2017-09-25,905114
2017-09-07,100,2017-09-25,902199
2017-09-07,100,2017-09-26,905114
2017-09-07,100,2017-09-26,902199
2017-09-07,100,2017-09-27,905114
2017-09-07,100,2017-09-27,902199
2017-09-07,100,2017-09-28,905114
2017-09-07,100,2017-09-28,902199
2017-09-07,100,2017-09-29,905114
2017-09-07,100,2017-09-29,902199
2017-09-07,100,2017-10-02,905114
2017-09-07,100,2017-10-02,902199
2017-09-07,100,2017-10-03,905114
2017-09-07,100,2017-10-03,902199
2017-09-07,100,2017-10-04,905114
2017-09-07,100,2017-10-04,902199
2017-09-07,100,2017-10-05,905114
2017-09-07,100,2017-10-05,902199
2017-09-07,200,2017-09-07,905114
2017-09-07,200,2017-09-07,902199
2017-09-07,200,2017-09-08,905114
2017-09-07,200,2017-09-08,902199
2017-09-07,200,2017-09-11,905114
2017-09-07,200,2017-09-11,902199
2017-09-07,200,2017-09-12,905114
2017-09-07,200,2017-09-12,902199
2017-09-07,200,2017-09-13,905114
2017-09-07,200,2017-09-13,902199
2017-09-07,200,2017-09-14,905114
2017-09-07,200,2017-09-14,902199
2017-09-07,200,2017-09-15,905114
2017-09-07,200,2017-09-15,902199
2017-09-07,200,2017-09-18,905114
2017-09-07,200,2017-09-18,902199
2017-09-07,200,2017-09-19,905114
2017-09-07,200,2017-09-19,902199
2017-09-07,200,2017-09-20,905114
2017-09-07,200,2017-09-20,902199
2017-09-07,200,2017-09-21,905114
2017-09-07,200,2017-09-21,902199
2017-09-07,200,2017-09-22,905114
2017-09-07,200,2017-09-22,902199
2017-09-07,200,2017-09-25,905114
2017-09-07,200,2017-09-25,902199
2017-09-07,200,2017-09-26,905114
2017-09-07,200,2017-09-26,902199
2017-09-07,200,2017-09-27,905114
2017-09-07,200,2017-09-27,902199
2017-09-07,200,2017-09-28,905114
2017-09-07,200,2017-09-28,902199
2017-09-07,200,2017-09-29,905114
2017-09-07,200,2017-09-29,902199
2017-09-07,200,2017-10-02,905114
2017-09-07,200,2017-10-02,902199
2017-09-07,200,2017-10-03,905114
2017-09-07,200,2017-10-03,902199
2017-09-07,200,2017-10-04,905114
2017-09-07,200,2017-10-04,902199
2017-09-07,200,2017-10-05,905114
2017-09-07,200,2017-10-05,902199
2017-10-06,100,2017-10-06,905114
2017-10-06,100,2017-10-06,902199
2017-10-06,100,2017-10-09,905114
2017-10-06,100,2017-10-09,902199
2017-10-06,100,2017-10-10,905114
2017-10-06,100,2017-10-10,902199
2017-10-06,100,2017-10-11,905114
2017-10-06,100,2017-10-11,902199
2017-10-06,100,2017-10-12,905114
2017-10-06,100,2017-10-12,902199
2017-10-06,100,2017-10-13,905114
2017-10-06,100,2017-10-13,902199
2017-10-06,100,2017-10-16,905114
2017-10-06,100,2017-10-16,902199
2017-10-06,100,2017-10-17,905114
2017-10-06,100,2017-10-17,902199
2017-10-06,100,2017-10-18,905114
2017-10-06,100,2017-10-18,902199
2017-10-06,100,2017-10-19,905114
2017-10-06,100,2017-10-19,902199
2017-10-06,100,2017-10-20,905114
2017-10-06,100,2017-10-20,902199
2017-10-06,100,2017-10-23,905114
2017-10-06,100,2017-10-23,902199
2017-10-06,100,2017-10-24,905114
2017-10-06,100,2017-10-24,902199
2017-10-06,100,2017-10-25,905114
2017-10-06,100,2017-10-25,902199
2017-10-06,100,2017-10-26,905114
2017-10-06,100,2017-10-26,902199
2017-10-06,100,2017-10-27,905114
2017-10-06,100,2017-10-27,902199
2017-10-06,100,2017-10-30,905114
2017-10-06,100,2017-10-30,902199
2017-10-06,100,2017-10-31,905114
2017-10-06,100,2017-10-31,902199
2017-10-06,100,2017-11-01,905114
2017-10-06,100,2017-11-01,902199
2017-10-06,100,2017-11-02,905114
2017-10-06,100,2017-11-02,902199
2017-10-06,100,2017-11-03,905114
2017-10-06,100,2017-11-03,902199
2017-10-06,200,2017-10-06,905114
2017-10-06,200,2017-10-06,902199
2017-10-06,200,2017-10-09,905114
2017-10-06,200,2017-10-09,902199
2017-10-06,200,2017-10-10,905114
2017-10-06,200,2017-10-10,902199
2017-10-06,200,2017-10-11,905114
2017-10-06,200,2017-10-11,902199
2017-10-06,200,2017-10-12,905114
2017-10-06,200,2017-10-12,902199
2017-10-06,200,2017-10-13,905114
2017-10-06,200,2017-10-13,902199
2017-10-06,200,2017-10-16,905114
2017-10-06,200,2017-10-16,902199
2017-10-06,200,2017-10-17,905114
2017-10-06,200,2017-10-17,902199
2017-10-06,200,2017-10-18,905114
2017-10-06,200,2017-10-18,902199
2017-10-06,200,2017-10-19,905114
2017-10-06,200,2017-10-19,902199
2017-10-06,200,2017-10-20,905114
2017-10-06,200,2017-10-20,902199
2017-10-06,200,2017-10-23,905114
2017-10-06,200,2017-10-23,902199
2017-10-06,200,2017-10-24,905114
2017-10-06,200,2017-10-24,902199
2017-10-06,200,2017-10-25,905114
2017-10-06,200,2017-10-25,902199
2017-10-06,200,2017-10-26,905114
2017-10-06,200,2017-10-26,902199
2017-10-06,200,2017-10-27,905114
2017-10-06,200,2017-10-27,902199
2017-10-06,200,2017-10-30,905114
2017-10-06,200,2017-10-30,902199
2017-10-06,200,2017-10-31,905114
2017-10-06,200,2017-10-31,902199
2017-10-06,200,2017-11-01,905114
2017-10-06,200,2017-11-01,902199
2017-10-06,200,2017-11-02,905114
2017-10-06,200,2017-11-02,902199
2017-10-06,200,2017-11-03,905114
2017-10-06,200,2017-11-03,902199
2018-05-09,200,2018-06-07,268193
2018-06-08,100,2018-06-15,325364
2018-06-08,100,2018-06-18,325364
2018-06-08,100,2018-06-19,325364
2018-06-08,100,2018-06-20,325364
2018-06-08,100,2018-06-21,325364
2018-06-08,100,2018-06-22,325364
2018-06-08,100,2018-06-25,325364
2018-06-08,100,2018-06-26,325364
2018-06-08,100,2018-06-27,325364
2018-06-08,100,2018-06-28,325364
2018-06-08,100,2018-06-29,325364
2018-06-08,100,2018-07-02,325364
2018-06-08,100,2018-07-03,325364
2018-06-08,100,2018-07-05,325364
2018-06-08,100,2018-07-06,325364
2018-06-08,100,2018-07-09,325364
2018-06-08,200,2018-06-08,268193
2018-06-08,200,2018-06-11,268193
2018-06-08,200,2018-06-12,268193
2018-06-08,200,2018-06-13,268193
2018-06-08,200,2018-06-14,268193
2018-06-08,200,2018-06-15,325364
2018-06-08,200,2018-06-15,268193
2018-06-08,200,2018-06-18,325364
2018-06-08,200,2018-06-18,268193
2018-06-08,200,2018-06-19,325364
2018-06-08,200,2018-06-19,268193
2018-06-08,200,2018-06-20,325364
2018-06-08,200,2018-06-20,268193
2018-06-08,200,2018-06-21,325364
2018-06-08,200,2018-06-21,268193
2018-06-08,200,2018-06-22,325364
2018-06-08,200,2018-06-22,268193
2018-06-08,200,2018-06-25,325364
2018-06-08,200,2018-06-25,268193
2018-06-08,200,2018-06-26,325364
2018-06-08,200,2018-06-26,268193
2018-06-08,200,2018-06-27,325364
2018-06-08,200,2018-06-27,268193
2018-06-08,200,2018-06-28,325364
2018-06-08,200,2018-06-28,268193
2018-06-08,200,2018-06-29,325364
2018-06-08,200,2018-06-29,268193
2018-06-08,200,2018-07-02,325364
2018-06-08,200,2018-07-02,268193
2018-06-08,200,2018-07-03,325364
2018-06-08,200,2018-07-03,268193
2018-06-08,200,2018-07-05,325364
2018-06-08,200,2018-07-05,268193
2018-06-08,200,2018-07-06,325364
2018-06-08,200,2018-07-06,268193
2018-06-08,200,2018-07-09,325364
2018-06-08,200,2018-07-09,268193
2018-07-10,100,2018-07-10,325364
2018-07-10,100,2018-07-11,325364
2018-07-10,100,2018-07-12,325364
2018-07-10,100,2018-07-13,325364
2018-07-10,100,2018-07-16,325364
2018-07-10,100,2018-07-17,325364
2018-07-10,100,2018-07-18,325364
2018-07-10,100,2018-07-19,325364
2018-07-10,100,2018-07-20,325364
2018-07-10,100,2018-07-23,325364
2018-07-10,100,2018-07-24,325364
2018-07-10,100,2018-07-25,325364
2018-07-10,100,2018-07-26,325364
2018-07-10,100,2018-07-27,325364
2018-07-10,100,2018-07-30,325364
2018-07-10,100,2018-07-31,325364
2018-07-10,100,2018-08-01,325364
2018-07-10,100,2018-08-02,325364
2018-07-10,100,2018-08-03,325364
2018-07-10,100,2018-08-06,325364
2018-07-10,100,2018-08-07,325364
2018-07-10,200,2018-07-10,325364
2018-07-10,200,2018-07-10,268193
2018-07-10,200,2018-07-11,325364
2018-07-10,200,2018-07-11,268193
2018-07-10,200,2018-07-12,325364
2018-07-10,200,2018-07-12,268193
2018-07-10,200,2018-07-13,325364
2018-07-10,200,2018-07-13,268193
2018-07-10,200,2018-07-16,325364
2018-07-10,200,2018-07-16,268193
2018-07-10,200,2018-07-17,325364
2018-07-10,200,2018-07-17,268193
2018-07-10,200,2018-07-18,325364
2018-07-10,200,2018-07-18,268193
2018-07-10,200,2018-07-19,325364
2018-07-10,200,2018-07-19,268193
2018-07-10,200,2018-07-20,325364
2018-07-10,200,2018-07-20,268193
2018-07-10,200,2018-07-23,325364
2018-07-10,200,2018-07-23,268193
2018-07-10,200,2018-07-24,325364
2018-07-10,200,2018-07-24,268193
2018-07-10,200,2018-07-25,325364
2018-07-10,200,2018-07-25,268193
2018-07-10,200,2018-07-26,325364
2018-07-10,200,2018-07-26,268193
2018-07-10,200,2018-07-27,325364
2018-07-10,200,2018-07-27,268193
2018-07-10,200,2018-07-30,325364
2018-07-10,200,2018-07-30,268193
2018-07-10,200,2018-07-31,325364
2018-07-10,200,2018-07-31,268193
2018-07-10,200,2018-08-01,325364
2018-07-10,200,2018-08-01,268193
2018-07-10,200,2018-08-02,325364
2018-07-10,200,2018-08-02,268193
2018-07-10,200,2018-08-03,325364
2018-07-10,200,2018-08-03,268193
2018-07-10,200,2018-08-06,325364
2018-07-10,200,2018-08-06,268193
2018-07-10,200,2018-08-07,325364
2018-07-10,200,2018-08-07,268193
2018-08-08,200,2018-08-14,68864H
2018-08-08,200,2018-08-15,68864H
2018-08-08,200,2018-08-16,68864H
2018-08-08,200,2018-08-17,68864H
2018-08-08,200,2018-08-20,68864H
2018-08-08,200,2018-08-21,68864H
2018-08-08,200,2018-08-22,68864H
2018-08-08,200,2018-08-23,68864H
2018-08-08,200,2018-08-24,68864H
2018-08-08,200,2018-08-27,68864H
2018-08-08,200,2018-08-28,68864H
2018-08-08,200,2018-08-29,68864H
2018-08-08,200,2018-08-30,68864H
2018-08-08,200,2018-08-31,68864H
2018-08-08,200,2018-09-04,68864H
2018-08-08,200,2018-09-05,68864H
2018-08-08,200,2018-09-06,68864H
2018-09-07,200,2018-09-07,68864H
2018-09-07,200,2018-09-10,68864H
2018-09-07,200,2018-09-11,68864H
2018-09-07,200,2018-09-12,68864H
2018-09-07,200,2018-09-13,68864H
2018-09-07,200,2018-09-14,68864H
2018-09-07,200,2018-09-17,68864H
2018-09-07,200,2018-09-18,68864H
2018-09-07,200,2018-09-19,68864H
2018-09-07,200,2018-09-20,68864H
2018-09-07,200,2018-09-21,68864H
2018-09-07,200,2018-09-24,68864H
2018-09-07,200,2018-09-25,68864H
2018-09-07,200,2018-09-26,68864H
2018-09-07,200,2018-09-27,68864H
2018-09-07,200,2018-09-28,68864H
2018-09-07,200,2018-10-01,68864H
2018-09-07,200,2018-10-02,68864H
2018-09-07,200,2018-10-03,68864H
2018-09-07,200,2018-10-04,68864H
2018-09-07,200,2018-10-05,68864H
2018-10-08,200,2018-10-31,326105
2018-10-08,200,2018-11-01,326105
2018-10-08,200,2018-11-02,326105
2018-10-08,200,2018-11-05,326105
2018-11-06,100,2018-11-30,255956
2018-11-06,100,2018-12-03,255956
2018-11-06,100,2018-12-04,255956
2018-11-06,100,2018-12-06,255956
2018-11-06,200,2018-11-06,326105
2018-11-06,200,2018-11-07,326105
2018-11-06,200,2018-11-08,326105
2018-11-06,200,2018-11-09,326105
2018-11-06,200,2018-11-12,326105
2018-11-06,200,2018-11-13,326105
2018-11-06,200,2018-11-14,326105
2018-11-06,200,2018-11-15,326105
2018-11-06,200,2018-11-16,326105
2018-11-06,200,2018-11-19,326105
2018-11-06,200,2018-11-20,326105
2018-11-06,200,2018-11-21,326105
2018-11-06,200,2018-11-23,326105
2018-11-06,200,2018-11-26,326105
2018-11-06,200,2018-11-27,326105
2018-11-06,200,2018-11-28,326105
2018-11-06,200,2018-11-29,326105
2018-11-06,200,2018-11-30,255956
2018-11-06,200,2018-11-30,326105
2018-11-06,200,2018-12-03,255956
2018-11-06,200,2018-12-03,326105
2018-11-06,200,2018-12-04,255956
2018-11-06,200,2018-12-04,326105
2018-11-06,200,2018-12-06,255956
2018-11-06,200,2018-12-06,326105
2018-12-07,100,2018-12-07,255956
2018-12-07,100,2018-12-10,255956
2018-12-07,100,2018-12-11,255956
2018-12-07,100,2018-12-12,255956
2018-12-07,100,2018-12-13,255956
2018-12-07,100,2018-12-14,255956
2018-12-07,100,2018-12-17,255956
2018-12-07,100,2018-12-18,255956
2018-12-07,100,2018-12-19,255956
2018-12-07,100,2018-12-20,255956
2018-12-07,100,2018-12-21,255956
2018-12-07,100,2018-12-24,255956
2018-12-07,100,2018-12-26,255956
2018-12-07,100,2018-12-27,255956
2018-12-07,100,2018-12-28,255956
2018-12-07,100,2018-12-31,255956
2018-12-07,100,2019-01-02,255956
2018-12-07,100,2019-01-03,255956
2018-12-07,100,2019-01-04,255956
2018-12-07,100,2019-01-07,255956
2018-12-07,100,2019-01-08,255956
2018-12-07,200,2018-12-07,255956
2018-12-07,200,2018-12-07,326105
2018-12-07,200,2018-12-10,255956
2018-12-07,200,2018-12-10,326105
2018-12-07,200,2018-12-11,255956
2018-12-07,200,2018-12-11,326105
2018-12-07,200,2018-12-12,255956
2018-12-07,200,2018-12-12,326105
2018-12-07,200,2018-12-13,255956
2018-12-07,200,2018-12-13,326105
2018-12-07,200,2018-12-14,255956
2018-12-07,200,2018-12-14,326105
2018-12-07,200,2018-12-17,255956
2018-12-07,200,2018-12-17,326105
2018-12-07,200,2018-12-18,255956
2018-12-07,200,2018-12-18,326105
2018-12-07,200,2018-12-19,255956
2018-12-07,200,2018-12-19,326105
2018-12-07,200,2018-12-20,255956
2018-12-07,200,2018-12-20,326105
2018-12-07,200,2018-12-21,255956
2018-12-07,200,2018-12-21,326038
2018-12-07,200,2018-12-21,326105
2018-12-07,200,2018-12-24,255956
2018-12-07,200,2018-12-24,326038
2018-12-07,200,2018-12-24,326105
2018-12-07,200,2018-12-26,255956
2018-12-07,200,2018-12-26,326038
2018-12-07,200,2018-12-26,326105
2018-12-07,200,2018-12-27,255956
2018-12-07,200,2018-12-27,326038
2018-12-07,200,2018-12-27,326105
2018-12-07,200,2018-12-28,255956
2018-12-07,200,2018-12-28,326038
2018-12-07,200,2018-12-28,326105
2018-12-07,200,2018-12-31,255956
2018-12-07,200,2018-12-31,326038
2018-12-07,200,2018-12-31,326105
2018-12-07,200,2019-01-02,255956
2018-12-07,200,2019-01-02,326038
2018-12-07,200,2019-01-02,326105
2018-12-07,200,2019-01-03,255956
2018-12-07,200,2019-01-03,326038
2018-12-07,200,2019-01-03,326105
2018-12-07,200,2019-01-04,255956
2018-12-07,200,2019-01-04,326038
2018-12-07,200,2019-01-04,326105
2018-12-07,200,2019-01-07,255956
2018-12-07,200,2019-01-07,326038
2018-12-07,200,2019-01-07,326105
2018-12-07,200,2019-01-08,255956
2018-12-07,200,2019-01-08,326038
2018-12-07,200,2019-01-08,326105
2019-01-09,100,2019-01-09,255956
2019-01-09,100,2019-01-10,255956
2019-01-09,100,2019-01-11,255956
2019-01-09,100,2019-01-14,255956
2019-01-09,100,2019-01-15,255956
2019-01-09,100,2019-01-16,255956
2019-01-09,100,2019-01-17,255956
2019-01-09,100,2019-01-18,255956
2019-01-09,100,2019-01-22,255956
2019-01-09,100,2019-01-23,255956
2019-01-09,100,2019-01-24,255956
2019-01-09,100,2019-01-25,255956
2019-01-09,100,2019-01-28,255956
2019-01-09,100,2019-01-29,255956
2019-01-09,100,2019-01-30,255956
2019-01-09,100,2019-01-31,255956
2019-01-09,100,2019-02-01,255956
2019-01-09,100,2019-02-04,255956
2019-01-09,100,2019-02-05,255956
2019-01-09,100,2019-02-06,255956
2019-01-09,100,2019-02-07,255956
2019-01-09,200,2019-01-09,255956
2019-01-09,200,2019-01-09,326038
2019-01-09,200,2019-01-10,255956
2019-01-09,200,2019-01-10,326038
2019-01-09,200,2019-01-11,255956
2019-01-09,200,2019-01-11,326038
2019-01-09,200,2019-01-14,255956
2019-01-09,200,2019-01-14,326038
2019-01-09,200,2019-01-15,255956
2019-01-09,200,2019-01-15,326038
2019-01-09,200,2019-01-16,255956
2019-01-09,200,2019-01-16,326038
2019-01-09,200,2019-01-17,255956
2019-01-09,200,2019-01-17,326038
2019-01-09,200,2019-01-18,255956
2019-01-09,200,2019-01-18,326038
2019-01-09,200,2019-01-22,255956
2019-01-09,200,2019-01-22,326038
2019-01-09,200,2019-01-23,255956
2019-01-09,200,2019-01-23,326038
2019-01-09,200,2019-01-24,255956
2019-01-09,200,2019-01-24,326038
2019-01-09,200,2019-01-25,255956
2019-01-09,200,2019-01-25,326038
2019-01-09,200,2019-01-28,255956
2019-01-09,200,2019-01-28,326038
2019-01-09,200,2019-01-29,255956
2019-01-09,200,2019-01-29,326038
2019-01-09,200,2019-01-30,255956
2019-01-09,200,2019-01-30,326038
2019-01-09,200,2019-01-31,255956
2019-01-09,200,2019-01-31,326038
2019-01-09,200,2019-02-01,255956
2019-01-09,200,2019-02-01,326038
2019-01-09,200,2019-02-04,255956
2019-01-09,200,2019-02-04,326038
2019-01-09,200,2019-02-05,255956
2019-01-09,200,2019-02-05,326038
2019-01-09,200,2019-02-06,255956
2019-01-09,200,2019-02-06,326038
2019-01-09,200,2019-02-07,255956
2019-01-09,200,2019-02-07,326038
2019-04-10,200,2019-04-30,29739U
2019-04-10,200,2019-05-01,29739V
2019-04-10,200,2019-05-01,29739U
2019-04-10,200,2019-05-02,29739V
2019-04-10,200,2019-05-02,29739U
2019-04-10,200,2019-05-03,29739V
2019-04-10,200,2019-05-03,29739U
2019-04-10,200,2019-05-06,29739V
2019-04-10,200,2019-05-06,29739U
2019-04-10,200,2019-05-07,29739V
2019-04-10,200,2019-05-07,29739U
2019-04-10,200,2019-05-08,29739V
2019-04-10,200,2019-05-08,29739U
2019-04-10,200,2019-05-09,29739V
2019-04-10,200,2019-05-09,29739U
2019-05-10,200,2019-05-10,29739V
2019-05-10,200,2019-05-10,29739U
2019-05-10,200,2019-05-13,29739V
2019-05-10,200,2019-05-13,29739U
2019-05-10,200,2019-05-14,29739V
2019-05-10,200,2019-05-14,29739U
2019-05-10,200,2019-05-15,29739V
2019-05-10,200,2019-05-15,29739U
2019-05-10,200,2019-05-16,29739V
2019-05-10,200,2019-05-16,29739U
2019-05-10,200,2019-05-17,29739V
2019-05-10,200,2019-05-17,29739U
2019-05-10,200,2019-05-20,29739V
2019-05-10,200,2019-05-20,29739U
2019-05-10,200,2019-05-21,29739V
2019-05-10,200,2019-05-21,29739U
2019-05-10,200,2019-05-22,29739V
2019-05-10,200,2019-05-22,29739U
2019-05-10,200,2019-05-23,29739V
2019-05-10,200,2019-05-23,29739U
2019-05-10,200,2019-05-24,29739V
2019-05-10,200,2019-05-24,29739U
2019-05-10,200,2019-05-28,29739V
2019-05-10,200,2019-05-28,29739U
2019-05-10,200,2019-05-29,29739V
2019-05-10,200,2019-05-29,29739U
2019-05-10,200,2019-05-30,29739V
2019-05-10,200,2019-05-30,29739U
2019-05-10,200,2019-05-31,29739V
2019-05-10,200,2019-05-31,29739U
2019-05-10,200,2019-06-03,29739V
2019-05-10,200,2019-06-03,29739U
2019-05-10,200,2019-06-04,29739V
2019-05-10,200,2019-06-04,29739U
2019-05-10,200,2019-06-05,29739V
2019-05-10,200,2019-06-05,29739U
2019-05-10,200,2019-06-06,29739V
2019-05-10,200,2019-06-06,29739U
2019-05-10,200,2019-06-07,29739V
2019-05-10,200,2019-06-07,29739U
2019-05-10,200,2019-06-10,29739V
2019-05-10,200,2019-06-10,29739U
2019-07-11,200,2019-07-31,86920C
2019-07-11,200,2019-08-01,86920C
2019-07-11,200,2019-08-02,86920C
2019-07-11,200,2019-08-05,86920C
2019-07-11,200,2019-08-06,86920C
2019-07-11,200,2019-08-07,86920C
2019-07-11,200,2019-08-08,86920C
2019-08-09,200,2019-08-09,86920C
2019-08-09,200,2019-08-09,741076
2019-08-09,200,2019-08-12,86920C
2019-08-09,200,2019-08-12,741076
2019-08-09,200,2019-08-13,86920C
2019-08-09,200,2019-08-13,741076
2019-08-09,200,2019-08-14,86920C
2019-08-09,200,2019-08-14,741076
2019-08-09,200,2019-08-15,86920C
2019-08-09,200,2019-08-15,741076
2019-08-09,200,2019-08-16,86920C
2019-08-09,200,2019-08-16,741076
2019-08-09,200,2019-08-19,86920C
2019-08-09,200,2019-08-19,741076
2019-08-09,200,2019-08-20,86920C
2019-08-09,200,2019-08-20,741076
2019-08-09,200,2019-08-21,86920C
2019-08-09,200,2019-08-21,741076
2019-08-09,200,2019-08-22,86920C
2019-08-09,200,2019-08-22,741076
2019-08-09,200,2019-08-23,86920C
2019-08-09,200,2019-08-23,741076
2019-08-09,200,2019-08-26,86920C
2019-08-09,200,2019-08-26,741076
2019-08-09,200,2019-08-27,86920C
2019-08-09,200,2019-08-27,741076
2019-08-09,200,2019-08-28,86920C
2019-08-09,200,2019-08-28,741076
2019-08-09,200,2019-08-29,86920C
2019-08-09,200,2019-08-29,741076
2019-08-09,200,2019-08-30,86920C
2019-08-09,200,2019-08-30,741076
2019-08-09,200,2019-09-03,86920C
2019-08-09,200,2019-09-03,741076
2019-08-09,200,2019-09-04,86920C
2019-08-09,200,2019-09-04,741076
2019-08-09,200,2019-09-05,86920C
2019-08-09,200,2019-09-05,741076
2019-08-09,200,2019-09-06,86920C
2019-08-09,200,2019-09-06,741076
2019-08-09,200,2019-09-09,86920C
2019-08-09,200,2019-09-09,741076
2019-09-10,200,2019-09-10,741076
2019-09-10,200,2019-09-11,741076
2019-09-10,200,2019-09-12,741076
2019-09-10,200,2019-09-13,741076
2019-09-10,200,2019-09-16,741076
2019-09-10,200,2019-09-17,741076
2019-09-10,200,2019-09-18,741076
2019-09-10,200,2019-09-19,741076
2019-09-10,200,2019-09-20,741076
2019-09-10,200,2019-09-23,741076
2019-09-10,200,2019-09-24,741076
2019-09-10,200,2019-09-25,741076
2019-09-10,200,2019-09-26,741076
2019-09-10,200,2019-09-27,741076
2019-09-10,200,2019-09-30,741076
2019-09-10,200,2019-10-01,741076
2019-09-10,200,2019-10-02,741076
2019-09-10,200,2019-10-02,873886
2019-09-10,200,2019-10-03,741076
2019-09-10,200,2019-10-03,873886
2019-09-10,200,2019-10-04,741076
2019-09-10,200,2019-10-04,873886
2019-09-10,200,2019-10-07,741076
2019-09-10,200,2019-10-07,873886
2019-09-10,200,2019-10-08,741076
2019-09-10,200,2019-10-08,873886
2019-11-07,100,2019-11-21,755790
2019-11-07,100,2019-11-22,755790
2019-11-07,100,2019-11-25,755790
2019-11-07,100,2019-11-26,755790
2019-11-07,100,2019-11-27,755790
2019-11-07,100,2019-11-29,755790
2019-11-07,100,2019-12-02,755790
2019-11-07,100,2019-12-03,755790
2019-11-07,100,2019-12-04,755790
2019-11-07,100,2019-12-05,755790
2019-11-07,100,2019-12-06,755790
2019-11-07,200,2019-11-21,755790
2019-11-07,200,2019-11-22,755790
2019-11-07,200,2019-11-25,755790
2019-11-07,200,2019-11-26,755790
2019-11-07,200,2019-11-27,755790
2019-11-07,200,2019-11-29,755790
2019-11-07,200,2019-12-02,755790
2019-11-07,200,2019-12-03,755790
2019-11-07,200,2019-12-04,755790
2019-11-07,200,2019-12-05,755790
2019-11-07,200,2019-12-06,755790
2019-12-09,100,2019-12-09,755790
2019-12-09,100,2019-12-10,755790
2019-12-09,100,2019-12-11,755790
2019-12-09,100,2019-12-12,755790
2019-12-09,100,2019-12-13,755790
2019-12-09,100,2019-12-16,755790
2019-12-09,100,2019-12-17,755790
2019-12-09,100,2019-12-18,755790
2019-12-09,100,2019-12-19,755790
2019-12-09,100,2019-12-20,755790
2019-12-09,100,2019-12-23,755790
2019-12-09,100,2019-12-24,755790
2019-12-09,100,2019-12-26,755790
2019-12-09,100,2019-12-27,755790
2019-12-09,100,2019-12-30,755790
2019-12-09,100,2019-12-31,755790
2019-12-09,100,2020-01-02,755790
2019-12-09,100,2020-01-03,755790
2019-12-09,100,2020-01-06,755790
2019-12-09,100,2020-01-07,755790
2019-12-09,100,2020-01-08,755790
2019-12-09,200,2019-12-09,755790
2019-12-09,200,2019-12-10,755790
2019-12-09,200,2019-12-11,755790
2019-12-09,200,2019-12-12,755790
2019-12-09,200,2019-12-13,755790
2019-12-09,200,2019-12-16,755790
2019-12-09,200,2019-12-17,755790
2019-12-09,200,2019-12-18,755790
2019-12-09,200,2019-12-19,755790
2019-12-09,200,2019-12-20,755790
2019-12-09,200,2019-12-23,755790
2019-12-09,200,2019-12-24,755790
2019-12-09,200,2019-12-26,755790
2019-12-09,200,2019-12-27,755790
2019-12-09,200,2019-12-30,755790
2019-12-09,200,2019-12-31,755790
2019-12-09,200,2020-01-02,755790
2019-12-09,200,2020-01-03,755790
2019-12-09,200,2020-01-06,755790
2019-12-09,200,2020-01-07,755790
2019-12-09,200,2020-01-08,755790
2020-03-11,200,2020-04-03,912633
2020-03-11,200,2020-04-06,912633
2020-03-11,200,2020-04-07,912633
2020-03-11,200,2020-04-08,912633
2020-04-09,200,2020-04-09,912633
2020-04-09,200,2020-04-13,912633
2020-04-09,200,2020-04-14,912633
2020-04-09,200,2020-04-15,912633
2020-04-09,200,2020-04-16,912633
2020-04-09,200,2020-04-17,912633
2020-04-09,200,2020-04-20,912633
2020-04-09,200,2020-04-21,912633
2020-04-09,200,2020-04-22,912633
2020-04-09,200,2020-04-23,912633
2020-04-09,200,2020-04-24,912633
2020-04-09,200,2020-04-27,912633
2020-04-09,200,2020-04-28,912633
2020-04-09,200,2020-04-29,912633
2020-04-09,200,2020-04-30,912633
2020-04-09,200,2020-05-01,912633
2020-04-09,200,2020-05-04,912633
2020-04-09,200,2020-05-05,912633
2020-04-09,200,2020-05-06,912633
2020-04-09,200,2020-05-07,912633
2020-04-09,200,2020-05-08,912633
2020-05-11,100,2020-05-12,325596
2020-05-11,100,2020-05-13,325596
2020-05-11,100,2020-05-14,325596
2020-05-11,100,2020-05-15,325596
2020-05-11,100,2020-05-18,325596
2020-05-11,100,2020-05-19,325596
2020-05-11,100,2020-05-20,325596
2020-05-11,100,2020-05-21,325596
2020-05-11,100,2020-05-22,325596
2020-05-11,100,2020-05-26,325596
2020-05-11,100,2020-05-27,325596
2020-05-11,100,2020-05-28,325596
2020-05-11,100,2020-05-29,325596
2020-05-11,100,2020-06-01,325596
2020-05-11,100,2020-06-02,325596
2020-05-11,100,2020-06-03,325596
2020-05-11,100,2020-06-04,325596
2020-05-11,100,2020-06-05,325596
2020-05-11,100,2020-06-08,325596
2020-05-11,100,2020-06-09,325596
2020-05-11,200,2020-05-11,912633
2020-05-11,200,2020-05-12,325596
2020-05-11,200,2020-05-12,912633
2020-05-11,200,2020-05-13,325596
2020-05-11,200,2020-05-13,912633
2020-05-11,200,2020-05-14,325596
2020-05-11,200,2020-05-14,912633
2020-05-11,200,2020-05-15,325596
2020-05-11,200,2020-05-15,912633
2020-05-11,200,2020-05-18,325596
2020-05-11,200,2020-05-18,912633
2020-05-11,200,2020-05-19,325596
2020-05-11,200,2020-05-19,912633
2020-05-11,200,2020-05-20,325596
2020-05-11,200,2020-05-20,912633
2020-05-11,200,2020-05-21,325596
2020-05-11,200,2020-05-21,912633
2020-05-11,200,2020-05-22,325596
2020-05-11,200,2020-05-22,912633
2020-05-11,200,2020-05-26,325596
2020-05-11,200,2020-05-26,912633
2020-05-11,200,2020-05-27,325596
2020-05-11,200,2020-05-27,912633
2020-05-11,200,2020-05-28,325596
2020-05-11,200,2020-05-28,912633
2020-05-11,200,2020-05-29,325596
2020-05-11,200,2020-05-29,912633
2020-05-11,200,2020-06-01,325596
2020-05-11,200,2020-06-01,912633
2020-05-11,200,2020-06-02,325596
2020-05-11,200,2020-06-02,912633
2020-05-11,200,2020-06-03,325596
2020-05-11,200,2020-06-03,912633
2020-05-11,200,2020-06-04,325596
2020-05-11,200,2020-06-04,912633
2020-05-11,200,2020-06-05,325596
2020-05-11,200,2020-06-05,912633
2020-05-11,200,2020-06-08,325596
2020-05-11,200,2020-06-08,912633
2020-05-11,200,2020-06-09,325596
2020-05-11,200,2020-06-09,912633
2020-06-10,200,2020-06-10,325596
2020-06-10,200,2020-06-11,325596
2020-06-10,200,2020-06-12,325596
2020-06-10,200,2020-06-15,325596
2020-06-10,200,2020-06-16,325596
2020-06-10,200,2020-06-17,325596
2020-06-10,200,2020-06-18,325596
2020-06-10,200,2020-06-19,325596
2020-06-10,200,2020-06-22,325596
2020-06-10,200,2020-06-23,325596
2020-06-10,200,2020-06-24,325596
2020-06-10,200,2020-06-25,325596
2020-06-10,200,2020-06-26,325596
2020-06-10,200,2020-06-29,325596
2020-06-10,200,2020-06-30,325596
2020-06-10,200,2020-07-01,325596
2020-06-10,200,2020-07-02,325596
2020-06-10,200,2020-07-06,325596
2020-06-10,200,2020-07-07,325596
2020-06-10,200,2020-07-08,325596
2020-06-10,200,2020-07-09,325596
2020-07-10,200,2020-08-03,906150
2020-07-10,200,2020-08-04,906150
2020-07-10,200,2020-08-05,906150
2020-07-10,200,2020-08-06,906150
2020-07-10,200,2020-08-07,906150
2020-08-10,200,2020-08-10,906150
2020-08-10,200,2020-08-11,906150
2020-08-10,200,2020-08-12,906150
2020-08-10,200,2020-08-13,906150
2020-08-10,200,2020-08-14,906150
2020-08-10,200,2020-08-17,906150
2020-08-10,200,2020-08-18,906150
2020-08-10,200,2020-08-19,906150
2020-08-10,200,2020-08-20,906150
2020-08-10,200,2020-08-21,906150
2020-08-10,200,2020-08-24,906150
2020-08-10,200,2020-08-25,906150
2020-08-10,200,2020-08-26,906150
2020-08-10,200,2020-08-27,906150
2020-08-10,200,2020-08-28,906150
2020-08-10,200,2020-08-31,906150
2020-08-10,200,2020-09-01,906150
2020-08-10,200,2020-09-02,906150
2020-08-10,200,2020-09-03,906150
2020-08-10,200,2020-09-04,906150
2020-08-10,200,2020-09-08,906150
2022-02-08,200,2022-02-14,543542
2022-02-08,200,2022-02-15,543542
2022-02-08,200,2022-02-16,543542
2022-02-08,200,2022-02-17,543542
2022-02-08,200,2022-02-18,543542
2022-02-08,200,2022-02-22,543542
2022-02-08,200,2022-02-23,543542
2022-02-08,200,2022-02-24,543542
2022-02-08,200,2022-02-25,543542
2022-02-08,200,2022-02-28,543542
2022-02-08,200,2022-03-01,543542
2022-02-08,200,2022-03-02,543542
2022-02-08,200,2022-03-03,543542
2022-02-08,200,2022-03-04,543542
2022-02-08,200,2022-03-07,543542
2022-02-08,200,2022-03-08,543542
2022-02-08,200,2022-03-09,543542
2022-03-10,200,2022-03-10,543542
2022-03-10,200,2022-03-11,543542
2022-03-10,200,2022-03-14,543542
2022-03-10,200,2022-03-15,543542
2022-03-10,200,2022-03-16,543542
2022-03-10,200,2022-03-17,543542
2022-03-10,200,2022-03-18,543542
2022-03-10,200,2022-03-21,543542
2022-03-10,200,2022-03-22,543542
2022-03-10,200,2022-03-23,543542
2022-03-10,200,2022-03-24,543542
2022-03-10,200,2022-03-25,543542
2022-03-10,200,2022-03-28,543542
2022-03-10,200,2022-03-29,543542
2022-03-10,200,2022-03-30,543542
2022-03-10,200,2022-03-31,543542
2022-03-10,200,2022-04-01,543542
2022-03-10,200,2022-04-04,543542
2022-03-10,200,2022-04-05,543542
2022-03-10,200,2022-04-06,543542
2022-03-10,200,2022-04-07,543542
2023-02-09,200,2023-03-06,152594
2023-10-11,200,2023-10-13,312367
2023-10-11,200,2023-10-16,312367
2023-10-11,200,2023-10-17,312367
2023-10-11,200,2023-10-18,312367
2023-10-11,200,2023-10-19,312367
2023-10-11,200,2023-10-20,312367
2023-10-11,200,2023-10-23,312367
2023-10-11,200,2023-10-24,312367
2023-10-11,200,2023-10-25,312367
2023-10-11,200,2023-10-26,312367
2023-10-11,200,2023-10-27,312367
2023-10-11,200,2023-10-30,312367
2023-10-11,200,2023-10-31,312367
2023-10-11,200,2023-11-01,312367
2023-10-11,200,2023-11-02,312367
2023-10-11,200,2023-11-03,312367
2023-10-11,200,2023-11-06,312367
2023-10-11,200,2023-11-07,312367
2023-10-11,200,2023-11-08,312367
2023-11-09,200,2023-11-09,312367
2023-11-09,200,2023-11-10,312367
2023-11-09,200,2023-11-13,312367
2023-11-09,200,2023-11-14,312367
2023-11-09,200,2023-11-15,312367
2023-11-09,200,2023-11-16,312367
2023-11-09,200,2023-11-17,312367
2023-11-09,200,2023-11-20,312367
2023-11-09,200,2023-11-21,312367
2023-11-09,200,2023-11-22,312367
2023-11-09,200,2023-11-22,50644F
2023-11-09,200,2023-11-24,312367
2023-11-09,200,2023-11-24,50644F
2023-11-09,200,2023-11-27,312367
2023-11-09,200,2023-11-27,50644F
2023-11-09,200,2023-11-28,312367
2023-11-09,200,2023-11-28,50644F
2023-11-09,200,2023-11-29,312367
2023-11-09,200,2023-11-29,50644F
2023-11-09,200,2023-11-30,312367
2023-11-09,200,2023-11-30,50644F
2023-11-09,200,2023-12-01,312367
2023-11-09,200,2023-12-01,50644F
2023-11-09,200,2023-12-04,312367
2023-11-09,200,2023-12-04,50644F
2023-11-09,200,2023-12-05,312367
2023-11-09,200,2023-12-05,50644F
2023-11-09,200,2023-12-06,312367
2023-11-09,200,2023-12-06,50644F
2023-11-09,200,2023-12-07,312367
2023-11-09,200,2023-12-07,50644F
2023-11-09,200,2023-12-08,312367
2023-11-09,200,2023-12-08,50644F
2023-12-11,200,2023-12-11,50644F
2023-12-11,200,2023-12-12,50644F
2023-12-11,200,2023-12-13,50644F
2023-12-11,200,2023-12-14,50644F
2023-12-11,200,2023-12-15,50644F
2023-12-11,200,2023-12-18,50644F
2023-12-11,200,2023-12-19,50644F
2023-12-11,200,2023-12-20,50644F
2023-12-11,200,2023-12-21,50644F
2023-12-11,200,2023-12-22,50644F
2023-12-11,200,2023-12-26,50644F
2023-12-11,200,2023-12-27,50644F
2023-12-11,200,2023-12-28,50644F
2023-12-11,200,2023-12-29,50644F
2023-12-11,200,2024-01-02,50644F
2023-12-11,200,2024-01-03,50644F
2023-12-11,200,2024-01-04,50644F
2023-12-11,200,2024-01-05,50644F
2023-12-11,200,2024-01-08,50644F
2023-12-11,200,2024-01-09,50644F
2023-12-11,200,2024-01-10,50644F
2024-04-12,200,2024-05-03,895705
2024-04-12,200,2024-05-06,895705
2024-04-12,200,2024-05-07,895705
2024-04-12,200,2024-05-08,895705
2024-04-12,200,2024-05-09,895705
2024-04-12,200,2024-05-10,895705
2024-05-13,200,2024-05-13,895705
2024-05-13,200,2024-05-14,895705
2024-05-13,200,2024-05-15,895705
2024-05-13,200,2024-05-16,895705
2024-05-13,200,2024-05-17,895705
2024-05-13,200,2024-05-20,895705
2024-05-13,200,2024-05-21,895705
2024-05-13,200,2024-05-22,895705
2024-05-13,200,2024-05-23,895705
2024-05-13,200,2024-05-24,895705
2024-05-13,200,2024-05-28,895705
2024-05-13,200,2024-05-29,895705
2024-05-13,200,2024-05-30,895705
2024-05-13,200,2024-05-31,895705
2024-05-13,200,2024-06-03,895705
2024-05-13,200,2024-06-04,895705
2024-05-13,200,2024-06-05,895705
2024-05-13,200,2024-06-06,895705
2024-05-13,200,2024-06-07,895705
2024-05-13,200,2024-06-10,895705
2024-05-13,200,2024-06-11,895705
