rebalance_date,n_assets,n_observations,strategy,turnover,transaction_cost,concentration,effective_n,max_weight
1995-10-02,10,504,equal_weight,,0.0,0.10000000000000003,9.999999999999996,0.1
1995-10-02,10,504,sample_gmv,,0.0,0.18753930298278274,5.332215616114379,0.3530194104886509
1995-10-02,10,504,ledoit_wolf_gmv,,0.0,0.16592694438256253,6.026748721982077,0.3168592817082404
1995-10-02,50,504,equal_weight,,0.0,0.020000000000000004,49.99999999999999,0.02
1995-10-02,50,504,sample_gmv,,0.0,0.060752838973455,16.460136133505372,0.12734562549355932
1995-10-02,50,504,ledoit_wolf_gmv,,0.0,0.052844895241132686,18.923303668915853,0.10899046688450546
1995-10-02,100,504,equal_weight,,0.0,0.01,100.0,0.01
1995-10-02,100,504,sample_gmv,,0.0,0.06290251084547722,15.89761659048148,0.13259158983014466
1995-10-02,100,504,ledoit_wolf_gmv,,0.0,0.05061301280127163,19.75776474572712,0.1143348635594889
1995-10-02,200,484,equal_weight,,0.0,0.005000000000000001,199.99999999999997,0.005
1995-10-02,200,484,sample_gmv,,0.0,0.04685101037917739,21.34425686675144,0.11243341778792881
1995-10-02,200,484,ledoit_wolf_gmv,,0.0,0.036872474325517934,27.120501628716053,0.09419174219040242
1995-10-31,10,504,equal_weight,0.11132165360586012,0.00016698248040879018,0.10000000000000003,9.999999999999996,0.1
1995-10-31,10,504,sample_gmv,0.07004480899404752,0.00010506721349107129,0.1881456507221962,5.315031180160183,0.34724928530817334
1995-10-31,10,504,ledoit_wolf_gmv,0.06442541892904996,9.663812839357494e-05,0.17355703398713135,5.7617947082118635,0.3231700028943987
1995-10-31,50,504,equal_weight,0.04431817332841709,6.647725999262563e-05,0.020000000000000004,49.99999999999999,0.02
1995-10-31,50,504,sample_gmv,0.08948894770161407,0.0001342334215524211,0.058793019960668984,17.008821806890925,0.11438315147112278
1995-10-31,50,504,ledoit_wolf_gmv,0.08079897602780069,0.00012119846404170103,0.052539157939938796,19.033422673868703,0.10084843207125084
1995-10-31,100,480,equal_weight,0.06357955045550073,9.536932568325111e-05,0.01,100.0,0.01
1995-10-31,100,480,sample_gmv,0.1111804820173182,0.0001667707230259773,0.06236678302690649,16.034176391117953,0.13694606722138195
1995-10-31,100,480,ledoit_wolf_gmv,0.1135894262307162,0.0001703841393460743,0.050679161566642546,19.731976005266205,0.11743655051547439
1995-10-31,200,480,equal_weight,0.0600244669369952,9.00367004054928e-05,0.005000000000000001,199.99999999999997,0.005
1995-10-31,200,480,sample_gmv,0.12683596999007707,0.0001902539549851156,0.04930010287191039,20.283933333732815,0.11968113498459262
1995-10-31,200,480,ledoit_wolf_gmv,0.12121268126506872,0.0001818190218976031,0.038046949892871405,26.283315819420338,0.09825291721480606
1995-11-30,10,504,equal_weight,0.20266635150608453,0.0003039995272591268,0.10000000000000003,9.999999999999996,0.1
1995-11-30,10,504,sample_gmv,0.13095937618465525,0.00019643906427698287,0.16546358259547606,6.0436259406082815,0.3160570041648243
1995-11-30,10,504,ledoit_wolf_gmv,0.1412830865663109,0.00021192462984946634,0.15077986059147738,6.632185466130638,0.2857908304441061
1995-11-30,50,504,equal_weight,0.040542788018272546,6.081418202740882e-05,0.020000000000000004,49.99999999999999,0.02
1995-11-30,50,504,sample_gmv,0.1030991330966608,0.0001546486996449912,0.06248693606730772,16.003345065964687,0.1086727695999786
1995-11-30,50,504,ledoit_wolf_gmv,0.09656381807293811,0.00014484572710940716,0.05496682016003612,18.192793344939655,0.0961997165188844
1995-11-30,100,501,equal_weight,0.052158555362311024,7.823783304346654e-05,0.01,100.0,0.01
1995-11-30,100,501,sample_gmv,0.10717400555035961,0.0001607610083255394,0.05524389231637361,18.101548570711632,0.12238255111194586
1995-11-30,100,501,ledoit_wolf_gmv,0.10423227845269872,0.0001563484176790481,0.04511434152231378,22.165900382373863,0.10438758625465384
1995-11-30,200,501,equal_weight,0.04053172279202173,6.07975841880326e-05,0.005000000000000001,199.99999999999997,0.005
1995-11-30,200,501,sample_gmv,0.13380082788019354,0.00020070124182029032,0.04418548127556114,22.631868458409144,0.10505039497864753
1995-11-30,200,501,ledoit_wolf_gmv,0.11331142625199384,0.00016996713937799076,0.035028463261733075,28.548212136170196,0.08798720100614218
1996-01-02,10,504,equal_weight,0.11625806983905045,0.00017438710475857567,0.10000000000000003,9.999999999999996,0.1
1996-01-02,10,504,sample_gmv,0.10443394055256393,0.0001566509108288459,0.15936464254803273,6.274917597851723,0.2983238583101151
1996-01-02,10,504,ledoit_wolf_gmv,0.09942057353985802,0.00014913086030978704,0.148729777909879,6.723603128123662,0.27745317240671685
1996-01-02,50,504,equal_weight,0.0790855039413853,0.00011862825591207796,0.020000000000000004,49.99999999999999,0.02
1996-01-02,50,504,sample_gmv,0.2699260678899137,0.0004048891018348705,0.07130521357389676,14.024219967641717,0.158703120537897
1996-01-02,50,504,ledoit_wolf_gmv,0.23278018420149663,0.00034917027630224497,0.059753360626430045,16.735460391121183,0.13068461312969729
1996-01-02,100,479,equal_weight,0.05793154790687831,8.689732186031747e-05,0.01,100.0,0.01
1996-01-02,100,479,sample_gmv,0.1793778138350337,0.00026906672075255057,0.058118370326388495,17.20626360278297,0.12734222428880337
1996-01-02,100,479,ledoit_wolf_gmv,0.1732287943119643,0.0002598431914679465,0.04775990541030604,20.93806491886836,0.1084406842031098
1996-01-02,200,460,equal_weight,0.05069009976170967,7.603514964256451e-05,0.005000000000000001,199.99999999999997,0.005
1996-01-02,200,460,sample_gmv,0.1742303563286519,0.00026134553449297783,0.043189097951148586,23.15399134131269,0.09942651067025271
1996-01-02,200,460,ledoit_wolf_gmv,0.17534127070210606,0.0002630119060531591,0.034523098631307134,28.966113693315872,0.0850302873221093
1996-01-31,10,504,equal_weight,0.10671250916256186,0.0001600687637438428,0.10000000000000003,9.999999999999996,0.1
1996-01-31,10,504,sample_gmv,0.09692242532342112,0.00014538363798513167,0.16078108227580765,6.219637197643542,0.2993593131627672
1996-01-31,10,504,ledoit_wolf_gmv,0.09576463119478078,0.00014364694679217118,0.1496548082477963,6.682043909636462,0.27818756506073333
1996-01-31,50,504,equal_weight,0.059673401798338736,8.95101026975081e-05,0.020000000000000004,49.99999999999999,0.02
1996-01-31,50,504,sample_gmv,0.1206734527514008,0.0001810101791271012,0.08118651959401721,12.317315793319116,0.16829156611351517
1996-01-31,50,504,ledoit_wolf_gmv,0.1280343019811892,0.0001920514529717838,0.06900095097643123,14.49255388293955,0.1439291271432654
1996-01-31,100,481,equal_weight,0.03155309542109027,4.7329643131635404e-05,0.01,100.0,0.01
1996-01-31,100,481,sample_gmv,0.10691987239052796,0.00016037980858579193,0.057635407514355974,17.350445552951413,0.11669330148882402
1996-01-31,100,481,ledoit_wolf_gmv,0.11365758443400739,0.0001704863766510111,0.0486359885703682,20.560906221802522,0.09993601709783545
1996-01-31,200,449,equal_weight,0.045805191440806234,6.870778716120935e-05,0.005000000000000001,199.99999999999997,0.005
1996-01-31,200,449,sample_gmv,0.13053067702653207,0.0001957960155397981,0.044176822742560094,22.63630424097016,0.10215734279430148
1996-01-31,200,449,ledoit_wolf_gmv,0.12848042156445022,0.00019272063234667533,0.03583802594400755,27.90332262056999,0.08579726510416542
1996-03-01,10,504,equal_weight,0.025039573338614472,3.755936000792171e-05,0.10000000000000003,9.999999999999996,0.1
1996-03-01,10,504,sample_gmv,0.06174792439478454,9.262188659217681e-05,0.1490881497797623,6.707441211640438,0.284069919297334
1996-03-01,10,504,ledoit_wolf_gmv,0.05743180203579924,8.614770305369886e-05,0.1404353928155538,7.1207120936628,0.265172367175963
1996-03-01,50,504,equal_weight,0.041169843036593046,6.175476455488956e-05,0.020000000000000004,49.99999999999999,0.02
1996-03-01,50,504,sample_gmv,0.0894581019883185,0.00013418715298247775,0.08002973708660276,12.4953553067139,0.16611065136679665
1996-03-01,50,504,ledoit_wolf_gmv,0.09437042788979187,0.00014155564183468782,0.0698730541456631,14.311668671521328,0.14434440733717713
1996-03-01,100,482,equal_weight,0.05948642428143746,8.92296364221562e-05,0.01,100.0,0.01
1996-03-01,100,482,sample_gmv,0.1802817449117316,0.0002704226173675974,0.05903482135796687,16.93915517989533,0.1455432591565788
1996-03-01,100,482,ledoit_wolf_gmv,0.1719253916068076,0.0002578880874102114,0.04863069234129427,20.56314545106445,0.12010985216131724
1996-03-01,200,467,equal_weight,0.07010039079566716,0.00010515058619350073,0.005000000000000001,199.99999999999997,0.005
1996-03-01,200,467,sample_gmv,0.3589939786756408,0.0005384909680134612,0.04419211662114976,22.628470334942346,0.08424287036559606
1996-03-01,200,467,ledoit_wolf_gmv,0.33849636457654575,0.0005077445468648186,0.037045199015934366,26.994051228335064,0.07749030395653526
1996-04-01,10,504,equal_weight,0.023791524603910673,3.568728690586601e-05,0.10000000000000003,9.999999999999996,0.1
1996-04-01,10,504,sample_gmv,0.03985697231249172,5.9785458468737574e-05,0.14051058648888506,7.116901473321399,0.2609824512759706
1996-04-01,10,504,ledoit_wolf_gmv,0.03747590404998825,5.621385607498237e-05,0.13374605358073532,7.476856125675167,0.24531146596089004
1996-04-01,50,504,equal_weight,0.08195812488268472,0.00012293718732402708,0.020000000000000004,49.99999999999999,0.02
1996-04-01,50,504,sample_gmv,0.16265024486776083,0.00024397536730164126,0.07709494113294019,12.971019697331764,0.17395425637541156
1996-04-01,50,504,ledoit_wolf_gmv,0.17007082788005143,0.00025510624182007715,0.06803509127660078,14.698297323280416,0.15441282098057824
1996-04-01,100,486,equal_weight,0.04811873057838009,7.217809586757013e-05,0.01,100.0,0.01
1996-04-01,100,486,sample_gmv,0.14649873623750412,0.0002197481043562562,0.06003421285318214,16.657168512320965,0.1483568428764784
1996-04-01,100,486,ledoit_wolf_gmv,0.1430811778990229,0.00021462176684853434,0.04985762412756725,20.05711297917785,0.1246666794427454
1996-04-01,200,472,equal_weight,0.06546651160539409,9.819976740809113e-05,0.005000000000000001,199.99999999999997,0.005
1996-04-01,200,472,sample_gmv,0.1988590661339393,0.00029828859920090896,0.04362981294916811,22.920107431243686,0.08082075716109678
1996-04-01,200,472,ledoit_wolf_gmv,0.19446478317627894,0.00029169717476441843,0.036071657644722005,27.72259622358441,0.07789485371400838
1996-05-01,10,504,equal_weight,0.0139298278657152,2.08947417985728e-05,0.10000000000000003,9.999999999999996,0.1
1996-05-01,10,504,sample_gmv,0.058799782068609,8.819967310291351e-05,0.1352800044385091,7.392075452322634,0.2490586010163058
1996-05-01,10,504,ledoit_wolf_gmv,0.053034845872532,7.9552268808798e-05,0.1298506957941346,7.701152418816459,0.23567984437001813
1996-05-01,50,504,equal_weight,0.0782513003039646,0.0001173769504559469,0.020000000000000004,49.99999999999999,0.02
1996-05-01,50,504,sample_gmv,0.16890100763161575,0.00025335151144742366,0.07995600601189179,12.506877842938664,0.16684028001387904
1996-05-01,50,504,ledoit_wolf_gmv,0.1689708342735951,0.00025345625141039266,0.07295974936402695,13.706187435082574,0.1551243465200429
1996-05-01,100,489,equal_weight,0.04169924173240974,6.254886259861462e-05,0.01,100.0,0.01
1996-05-01,100,489,sample_gmv,0.15589633998054156,0.00023384450997081236,0.05904072358682378,16.9374617932896,0.1438850641818234
1996-05-01,100,489,ledoit_wolf_gmv,0.14750945608339805,0.00022126418412509707,0.04878548640556493,20.49789955329687,0.11984617844965667
1996-05-01,200,471,equal_weight,0.06128728166005934,9.1930922490089e-05,0.005000000000000001,199.99999999999997,0.005
1996-05-01,200,471,sample_gmv,0.3184143013957071,0.0004776214520935606,0.03848221040614911,25.98603327214824,0.08239672866863634
1996-05-01,200,471,ledoit_wolf_gmv,0.2820846189070033,0.00042312692836050497,0.033392443064362315,29.94689541201129,0.08006918644707582
1996-05-31,10,504,equal_weight,0.10957688315612463,0.00016436532473418694,0.10000000000000003,9.999999999999996,0.1
1996-05-31,10,504,sample_gmv,0.12810920702069767,0.00019216381053104652,0.1367458546553479,7.3128359358342845,0.24298523772142683
1996-05-31,10,504,ledoit_wolf_gmv,0.12751854221187175,0.00019127781331780764,0.13262615735987432,7.539990752250711,0.2329661917928565
1996-05-31,50,504,equal_weight,0.03473089556391372,5.209634334587058e-05,0.020000000000000004,49.99999999999999,0.02
1996-05-31,50,504,sample_gmv,0.19597009197579324,0.0002939551379636899,0.07793778126475831,12.830747601127532,0.172780987041506
1996-05-31,50,504,ledoit_wolf_gmv,0.18453391650806691,0.0002768008747621004,0.07117811843690888,14.049261514075896,0.1578064035598611
1996-05-31,100,491,equal_weight,0.024550931062950636,3.6826396594425956e-05,0.01,100.0,0.01
1996-05-31,100,491,sample_gmv,0.18142597775462324,0.00027213896663193487,0.056418502350738226,17.724681768106436,0.13227690073841433
1996-05-31,100,491,ledoit_wolf_gmv,0.16833653079957925,0.0002525047961993689,0.047507227724367766,21.04942864277202,0.11212206867452604
1996-05-31,200,481,equal_weight,0.045562110186533264,6.83431652797999e-05,0.005000000000000001,199.99999999999997,0.005
1996-05-31,200,481,sample_gmv,0.1110697631449231,0.00016660464471738467,0.0385592731808714,25.93409879147004,0.08807137310348798
1996-05-31,200,481,ledoit_wolf_gmv,0.10272801454856367,0.00015409202182284552,0.033612291272905326,29.751021490346723,0.0853842914477815
1996-07-01,10,504,equal_weight,0.00789332351695457,1.1839985275431856e-05,0.10000000000000003,9.999999999999996,0.1
1996-07-01,10,504,sample_gmv,0.023366314128840986,3.504947119326148e-05,0.1412114241995021,7.081580018534547,0.2535375252298137
1996-07-01,10,504,ledoit_wolf_gmv,0.02255697942928599,3.3835469143928984e-05,0.13655382948809217,7.323119415608938,0.24256334111956201
1996-07-01,50,504,equal_weight,0.03515461371499946,5.2731920572499185e-05,0.020000000000000004,49.99999999999999,0.02
1996-07-01,50,504,sample_gmv,0.06527376141740036,9.791064212610054e-05,0.07463912498649442,13.397799078980965,0.16223881579915247
1996-07-01,50,504,ledoit_wolf_gmv,0.06552931462079252,9.829397193118879e-05,0.06921162948734524,14.448438902639063,0.14989119257861783
1996-07-01,100,492,equal_weight,0.04028038842775542,6.0420582641633136e-05,0.01,100.0,0.01
1996-07-01,100,492,sample_gmv,0.13060881595480034,0.0001959132239322005,0.05645453960855776,17.713367373709186,0.12582526287558432
1996-07-01,100,492,ledoit_wolf_gmv,0.12437323223631837,0.00018655984835447756,0.04817227254578797,20.75882965765203,0.10740315833227797
1996-07-01,200,469,equal_weight,0.05331022823430691,7.996534235146037e-05,0.005000000000000001,199.99999999999997,0.005
1996-07-01,200,469,sample_gmv,0.27014334413966584,0.00040521501620949875,0.04131533783367,24.20408624094678,0.08676183470680511
1996-07-01,200,469,ledoit_wolf_gmv,0.2584188243449659,0.00038762823651744885,0.03371742799294583,29.658252705669433,0.07167568344476309
1996-07-31,10,504,equal_weight,0.01995550529226408,2.993325793839612e-05,0.10000000000000003,9.999999999999996,0.1
1996-07-31,10,504,sample_gmv,0.05760559114041094,8.640838671061641e-05,0.1477664381730093,6.767436586846403,0.2744202632294192
1996-07-31,10,504,ledoit_wolf_gmv,0.05189338506345665,7.784007759518497e-05,0.14287882767480078,6.998937605199624,0.2632435513597815
1996-07-31,50,504,equal_weight,0.04029513577708871,6.044270366563307e-05,0.020000000000000004,49.99999999999999,0.02
1996-07-31,50,504,sample_gmv,0.10423623553619896,0.00015635435330429843,0.07979361589536679,12.532330923708207,0.16976751630457904
1996-07-31,50,504,ledoit_wolf_gmv,0.0993351057438977,0.00014900265861584656,0.07436075419029961,13.447953976379255,0.15775474902095626
1996-07-31,100,496,equal_weight,0.04180794453844846,6.271191680767268e-05,0.01,100.0,0.01
1996-07-31,100,496,sample_gmv,0.1532831172302717,0.00022992467584540753,0.05627866931463683,17.768721474370793,0.11214791426794544
1996-07-31,100,496,ledoit_wolf_gmv,0.15032777558186766,0.0002254916633728015,0.050085013644478295,19.9660522626262,0.10041799874881507
1996-07-31,200,488,equal_weight,0.05246033673730252,7.869050510595379e-05,0.005000000000000001,199.99999999999997,0.005
1996-07-31,200,488,sample_gmv,0.20615788123541073,0.0003092368218531161,0.04275288757837242,23.390232956004454,0.08957707750225606
1996-07-31,200,488,ledoit_wolf_gmv,0.18750232098259006,0.0002812534814738851,0.03663438358446132,27.29676064275736,0.07749500583772952
1996-08-29,10,504,equal_weight,0.018127042204813225,2.7190563307219838e-05,0.10000000000000003,9.999999999999996,0.1
1996-08-29,10,504,sample_gmv,0.04584789543486468,6.877184315229701e-05,0.1531348140641082,6.530193712720094,0.28259719027739544
1996-08-29,10,504,ledoit_wolf_gmv,0.04042890922788437,6.0643363841826556e-05,0.14689943276836456,6.807378225733724,0.2700600038506194
1996-08-29,50,504,equal_weight,0.037308710673729,5.5963066010593495e-05,0.020000000000000004,49.99999999999999,0.02
1996-08-29,50,504,sample_gmv,0.0927044415683165,0.00013905666235247477,0.08453456765735383,11.829480267212416,0.17188403905933317
1996-08-29,50,504,ledoit_wolf_gmv,0.0928884833440896,0.0001393327250161344,0.07733813602271289,12.93023146699989,0.1589894948069384
1996-08-29,100,497,equal_weight,0.018414424327508047,2.7621636491262072e-05,0.01,100.0,0.01
1996-08-29,100,497,sample_gmv,0.07588731535428403,0.00011383097303142605,0.05395429215093907,18.534206642957415,0.11236610465744146
1996-08-29,100,497,ledoit_wolf_gmv,0.07410125887807184,0.00011115188831710776,0.04828475035826056,20.71047261465068,0.1014595720378308
1996-08-29,200,493,equal_weight,0.04305011460514348,6.457517190771522e-05,0.005000000000000001,199.99999999999997,0.005
1996-08-29,200,493,sample_gmv,0.1287932638205076,0.0001931898957307614,0.04433342186391574,22.556345933990016,0.09802113937933761
1996-08-29,200,493,ledoit_wolf_gmv,0.1295291959567721,0.00019429379393515815,0.03837604519112767,26.057922201717506,0.08502344517878972
1996-09-30,10,504,equal_weight,0.020043361514796243,3.0065042272194365e-05,0.10000000000000003,9.999999999999996,0.1
1996-09-30,10,504,sample_gmv,0.02666917654507045,4.0003764817605674e-05,0.1486265870515517,6.728271299489277,0.27480488593284835
1996-09-30,10,504,ledoit_wolf_gmv,0.024931257867747216,3.7396886801620824e-05,0.14292020770217922,6.99691118616218,0.2616863224696221
1996-09-30,50,504,equal_weight,0.03944064502888037,5.916096754332055e-05,0.020000000000000004,49.99999999999999,0.02
1996-09-30,50,504,sample_gmv,0.12086406551787919,0.0001812960982768188,0.08142248342215079,12.281619989595557,0.18341756818269683
1996-09-30,50,504,ledoit_wolf_gmv,0.11482918261593253,0.0001722437739238988,0.07517192534748897,13.302838731047666,0.16880329876398376
1996-09-30,100,501,equal_weight,0.030179607689141286,4.526941153371193e-05,0.01,100.0,0.01
1996-09-30,100,501,sample_gmv,0.12541962466017223,0.00018812943699025834,0.05469409711765504,18.283508691054045,0.09980505180421684
1996-09-30,100,501,ledoit_wolf_gmv,0.11463496163490057,0.00017195244245235086,0.049792990832159795,20.083147914748878,0.09275478304163583
1996-09-30,200,481,equal_weight,0.04590626134682715,6.885939202024072e-05,0.005000000000000001,199.99999999999997,0.005
1996-09-30,200,481,sample_gmv,0.17512904539038623,0.0002626935680855794,0.04116257605440409,24.29391199127848,0.08651804488551372
1996-09-30,200,481,ledoit_wolf_gmv,0.1544376075302823,0.00023165641129542345,0.03592218957429744,27.837946735727556,0.06818499478703974
1996-10-29,10,504,equal_weight,0.11487724352131014,0.0001723158652819652,0.10000000000000003,9.999999999999996,0.1
1996-10-29,10,504,sample_gmv,0.1734944072479698,0.0002602416108719547,0.1570018142144842,6.369353150492098,0.2892770120636235
1996-10-29,10,504,ledoit_wolf_gmv,0.17081254272087773,0.0002562188140813166,0.15077105623651493,6.632572756081894,0.2764859175595378
1996-10-29,50,504,equal_weight,0.0754751314596178,0.0001132126971894267,0.020000000000000004,49.99999999999999,0.02
1996-10-29,50,504,sample_gmv,0.2210939349340619,0.0003316409024010929,0.07961087866781073,12.561097386861684,0.17620873088209899
1996-10-29,50,504,ledoit_wolf_gmv,0.22732808910271407,0.00034099213365407113,0.06994990026466705,14.295946044473748,0.1565041717449879
1996-10-29,100,501,equal_weight,0.043165447644039276,6.474817146605892e-05,0.01,100.0,0.01
1996-10-29,100,501,sample_gmv,0.1522771282601171,0.00022841569239017567,0.053116696367247196,18.82647205854127,0.09190292643201471
1996-10-29,100,501,ledoit_wolf_gmv,0.14502225078283387,0.00021753337617425083,0.047606697537430506,21.005447798889126,0.08469102123561525
1996-10-29,200,501,equal_weight,0.054781532674063174,8.217229901109476e-05,0.005000000000000001,199.99999999999997,0.005
1996-10-29,200,501,sample_gmv,0.1263310221818589,0.00018949653327278836,0.038915434071895294,25.696745362072154,0.07292131150909703
1996-10-29,200,501,ledoit_wolf_gmv,0.1185617587744423,0.00017784263816166346,0.03405656495636528,29.36291435384756,0.0638399690039145
1996-11-27,10,504,equal_weight,0.017527067047296528,2.6290600570944793e-05,0.10000000000000003,9.999999999999996,0.1
1996-11-27,10,504,sample_gmv,0.02485139176988234,3.7277087654823506e-05,0.155413352642172,6.434453558842063,0.2850935383405267
1996-11-27,10,504,ledoit_wolf_gmv,0.02434378309825641,3.6515674647384614e-05,0.14943377554903464,6.691927553365361,0.27255781705508464
1996-11-27,50,504,equal_weight,0.07917205277487252,0.00011875807916230878,0.020000000000000004,49.99999999999999,0.02
1996-11-27,50,504,sample_gmv,0.15011931103571344,0.00022517896655357015,0.07391562462998803,13.5289393143313,0.1707810212895061
1996-11-27,50,504,ledoit_wolf_gmv,0.15127207366911208,0.00022690811050366812,0.06758694545798799,14.795756683834743,0.15447445512469882
1996-11-27,100,504,equal_weight,0.05127928519281802,7.691892778922703e-05,0.01,100.0,0.01
1996-11-27,100,504,sample_gmv,0.11319773562488655,0.00016979660343732983,0.05609293052487956,17.827558493426515,0.10486630237808393
1996-11-27,100,504,ledoit_wolf_gmv,0.11232968840542301,0.00016849453260813453,0.049915280470097675,20.033945328606567,0.09498892325076565
1996-11-27,200,504,equal_weight,0.035196444047409056,5.2794666071113584e-05,0.005000000000000001,199.99999999999997,0.005
1996-11-27,200,504,sample_gmv,0.14231486926811796,0.00021347230390217695,0.0403293118778644,24.795860713628276,0.081242745749211
1996-11-27,200,504,ledoit_wolf_gmv,0.1371608339015172,0.0002057412508522758,0.0343848163774702,29.082604048897153,0.07196321883126158
1996-12-30,10,504,equal_weight,0.11434443527108339,0.0001715166529066251,0.10000000000000003,9.999999999999996,0.1
1996-12-30,10,504,sample_gmv,0.14643392181078513,0.00021965088271617769,0.15604834473642953,6.408270473416625,0.27754002636777986
1996-12-30,10,504,ledoit_wolf_gmv,0.14647627200393573,0.0002197144080059036,0.14947499614045817,6.690082126246207,0.26420531753410337
1996-12-30,50,504,equal_weight,0.059857992233055574,8.978698834958337e-05,0.020000000000000004,49.99999999999999,0.02
1996-12-30,50,504,sample_gmv,0.12927190879316752,0.00019390786318975128,0.07925151331598364,12.618055582268832,0.164200404926779
1996-12-30,50,504,ledoit_wolf_gmv,0.13115465892466796,0.00019673198838700195,0.07354841770086823,13.596485570459732,0.15161650168753477
1996-12-30,100,504,equal_weight,0.03199042226782622,4.7985633401739325e-05,0.01,100.0,0.01
1996-12-30,100,504,sample_gmv,0.17060370603624858,0.0002559055590543729,0.056692215789170386,17.63910593508721,0.1251898801968814
1996-12-30,100,504,ledoit_wolf_gmv,0.1541806164206433,0.00023127092463096495,0.05075304859809747,19.703249905612292,0.1126710903344767
1996-12-30,200,504,equal_weight,0.040388320973008,6.0582481459512e-05,0.005000000000000001,199.99999999999997,0.005
1996-12-30,200,504,sample_gmv,0.15165761894497443,0.00022748642841746163,0.043766472573250725,22.848540017163316,0.09300786032943059
1996-12-30,200,504,ledoit_wolf_gmv,0.13741929619755078,0.00020612894429632617,0.03652287187675217,27.38010316862645,0.08172872758774039
1997-01-29,10,504,equal_weight,0.11464656069444526,0.0001719698410416679,0.10000000000000003,9.999999999999996,0.1
1997-01-29,10,504,sample_gmv,0.13445845389745345,0.00020168768084618017,0.1670474530758819,5.9863229375053475,0.3009476723921881
1997-01-29,10,504,ledoit_wolf_gmv,0.13652344280490036,0.00020478516420735054,0.1596690287159946,6.262955364867367,0.2882730700108676
1997-01-29,50,504,equal_weight,0.059106910296908545,8.866036544536282e-05,0.020000000000000004,49.99999999999999,0.02
1997-01-29,50,504,sample_gmv,0.12479757489350905,0.00018719636234026358,0.07305951416361964,13.687471254742551,0.1552622250372692
1997-01-29,50,504,ledoit_wolf_gmv,0.12743751780974572,0.00019115627671461858,0.06646682842367906,15.04509879162139,0.14041785159413775
1997-01-29,100,504,equal_weight,0.03830015155619014,5.745022733428521e-05,0.01,100.0,0.01
1997-01-29,100,504,sample_gmv,0.10383821745278664,0.00015575732617917996,0.05379978977457575,18.58743322585568,0.11966038698006379
1997-01-29,100,504,ledoit_wolf_gmv,0.10418942024473576,0.00015628413036710364,0.04843309694992386,20.647038140755775,0.10734518614141533
1997-01-29,200,504,equal_weight,0.04790730021075472,7.186095031613208e-05,0.005000000000000001,199.99999999999997,0.005
1997-01-29,200,504,sample_gmv,0.13478171373192577,0.00020217257059788866,0.043262665004700024,23.1146185721883,0.09179748231339309
1997-01-29,200,504,ledoit_wolf_gmv,0.1335322867274972,0.0002002984300912458,0.037036621342568896,27.000303044668573,0.07971078827214821
1997-02-28,10,504,equal_weight,0.028725494504032632,4.308824175604895e-05,0.10000000000000003,9.999999999999996,0.1
1997-02-28,10,504,sample_gmv,0.05852155198082008,8.778232797123012e-05,0.1716864658218923,5.824570942227916,0.3154669283057614
1997-02-28,10,504,ledoit_wolf_gmv,0.056243685753277,8.43655286299155e-05,0.16485676320784734,6.065871854703496,0.3034142012802079
1997-02-28,50,504,equal_weight,0.08230243374371217,0.00012345365061556827,0.020000000000000004,49.99999999999999,0.02
1997-02-28,50,504,sample_gmv,0.25809586904039133,0.000387143803560587,0.09677575396132783,10.333166718593647,0.23683830459069508
1997-02-28,50,504,ledoit_wolf_gmv,0.2592278187353472,0.00038884172810302087,0.08184425259050701,12.21832894000902,0.2040588720996237
1997-02-28,100,494,equal_weight,0.05640290398871932,8.460435598307898e-05,0.01,100.0,0.01
1997-02-28,100,494,sample_gmv,0.15610941353374327,0.0002341641203006149,0.05849802017193786,17.094595630087852,0.14376128434704114
1997-02-28,100,494,ledoit_wolf_gmv,0.1592532868451785,0.00023887993026776777,0.05269173380475628,18.978308888172016,0.12941717394610777
1997-02-28,200,482,equal_weight,0.058448048909449664,8.76720733641745e-05,0.005000000000000001,199.99999999999997,0.005
1997-02-28,200,482,sample_gmv,0.18059433959006965,0.0002708915093851045,0.04796122357595543,20.850176985504046,0.11170812189106122
1997-02-28,200,482,ledoit_wolf_gmv,0.16531496898287756,0.00024797245347431637,0.0393358025887066,25.42213287106292,0.09631312565167599
1997-04-01,10,504,equal_weight,0.02215745804186401,3.323618706279602e-05,0.10000000000000003,9.999999999999996,0.1
1997-04-01,10,504,sample_gmv,0.05028854167271883,7.543281250907825e-05,0.17254465747756154,5.79560106130811,0.32136494639992863
1997-04-01,10,504,ledoit_wolf_gmv,0.04711024079349638,7.066536119024457e-05,0.16622880594280962,6.015804507096358,0.3097285360963118
1997-04-01,50,479,equal_weight,0.0809921934336026,0.0001214882901504039,0.020000000000000004,49.99999999999999,0.02
1997-04-01,50,479,sample_gmv,0.28627287031985094,0.0004294093054797764,0.0863559811617638,11.5799738077989,0.185209970917735
1997-04-01,50,479,ledoit_wolf_gmv,0.28414212139676887,0.0004262131820951533,0.07888896018867654,12.67604488141722,0.16796813014257023
1997-04-01,100,479,equal_weight,0.05195238387562518,7.792857581343777e-05,0.01,100.0,0.01
1997-04-01,100,479,sample_gmv,0.18925629522962534,0.000283884442844438,0.060200214542146774,16.611236481555892,0.13550639273007992
1997-04-01,100,479,ledoit_wolf_gmv,0.17752046102829971,0.0002662806915424496,0.05420707289389514,18.447777137079488,0.12197779993382028
1997-04-01,200,479,equal_weight,0.058529837434266804,8.779475615140021e-05,0.005000000000000001,199.99999999999997,0.005
1997-04-01,200,479,sample_gmv,0.3342836275127393,0.000501425441269109,0.05956880142605872,16.78731107660904,0.1372266691626019
1997-04-01,200,479,ledoit_wolf_gmv,0.30126578185547237,0.00045189867278320854,0.04849676194782352,20.619933369487132,0.11640956753206265
1997-04-30,10,504,equal_weight,0.021653712924549554,3.248056938682433e-05,0.10000000000000003,9.999999999999996,0.1
1997-04-30,10,504,sample_gmv,0.04905190868138494,7.357786302207742e-05,0.17223637466942493,5.805974504046026,0.3139235209265388
1997-04-30,10,504,ledoit_wolf_gmv,0.047003068668531996,7.050460300279799e-05,0.16493109633138475,6.063138014863907,0.303712682587164
1997-04-30,50,504,equal_weight,0.06609199814943521,9.913799722415282e-05,0.020000000000000004,49.99999999999999,0.02
1997-04-30,50,504,sample_gmv,0.1789036758237863,0.00026835551373567945,0.09091459317803129,10.999334265751752,0.20816886638206752
1997-04-30,50,504,ledoit_wolf_gmv,0.17801944879131051,0.00026702917318696575,0.08301508512694857,12.046003427820102,0.1885494580926936
1997-04-30,100,504,equal_weight,0.045630103263142166,6.844515489471325e-05,0.01,100.0,0.01
1997-04-30,100,504,sample_gmv,0.1714351041401151,0.00025715265621017265,0.06946712701286188,14.395298078396841,0.1739248707243175
1997-04-30,100,504,ledoit_wolf_gmv,0.16400119950550537,0.0002460017992582581,0.06210865500715859,16.100815576906967,0.15739145977388783
1997-04-30,200,484,equal_weight,0.04651719008805448,6.977578513208172e-05,0.005000000000000001,199.99999999999997,0.005
1997-04-30,200,484,sample_gmv,0.2603894962025802,0.0003905842443038703,0.05550597973490258,18.016076912361793,0.13155856009172148
1997-04-30,200,484,ledoit_wolf_gmv,0.2483729438737755,0.00037255941581066325,0.04583837871903268,21.815780312159845,0.1127188770507728
1997-05-30,10,504,equal_weight,0.015995047904207582,2.3992571856311375e-05,0.10000000000000003,9.999999999999996,0.1
1997-05-30,10,504,sample_gmv,0.044369625108975935,6.65544376634639e-05,0.1706953399963906,5.858390744710109,0.305748197966599
1997-05-30,10,504,ledoit_wolf_gmv,0.04492343971618057,6.738515957427085e-05,0.16300067175098618,6.1349440419956425,0.2949645897800712
1997-05-30,50,479,equal_weight,0.07878577965717062,0.00011817866948575594,0.020000000000000004,49.99999999999999,0.02
1997-05-30,50,479,sample_gmv,0.2844657427597051,0.00042669861413955766,0.10413307466958131,9.603096837129247,0.245519392600138
1997-05-30,50,479,ledoit_wolf_gmv,0.2818866205405418,0.0004228299308108127,0.08872780504393919,11.270424186699836,0.2128582108925661
1997-05-30,100,466,equal_weight,0.05116579030759285,7.674868546138927e-05,0.01,100.0,0.01
1997-05-30,100,466,sample_gmv,0.22208191972942626,0.00033312287959413937,0.06993334708094792,14.299329886820646,0.1571019351484188
1997-05-30,100,466,ledoit_wolf_gmv,0.2203165049391373,0.00033047475740870594,0.0611229550789249,16.360465535554553,0.1405216705838289
1997-05-30,200,466,equal_weight,0.031798349805596794,4.769752470839519e-05,0.005000000000000001,199.99999999999997,0.005
1997-05-30,200,466,sample_gmv,0.23183251796256865,0.000347748776943853,0.05460762587455,18.31246064967736,0.10841315158765648
1997-05-30,200,466,ledoit_wolf_gmv,0.21303968952225066,0.000319559534283376,0.04493280369562522,22.255455207602875,0.09328782334866588
1997-06-30,10,504,equal_weight,0.02326597088458994,3.489895632688491e-05,0.10000000000000003,9.999999999999996,0.1
1997-06-30,10,504,sample_gmv,0.03633982968296423,5.450974452444635e-05,0.17444497750465934,5.732466559395729,0.31322960584777493
1997-06-30,10,504,ledoit_wolf_gmv,0.033862716072804944,5.079407410920741e-05,0.16657893583209263,6.003159973407291,0.3012240606461199
1997-06-30,50,479,equal_weight,0.043456369087812655,6.518455363171898e-05,0.020000000000000004,49.99999999999999,0.02
1997-06-30,50,479,sample_gmv,0.08137654589408518,0.00012206481884112777,0.11428410222773758,8.750123424929813,0.2600334251771059
1997-06-30,50,479,ledoit_wolf_gmv,0.08970550856826524,0.00013455826285239787,0.0992792014076603,10.072603181947441,0.22841519965195292
1997-06-30,100,479,equal_weight,0.04310213527101681,6.465320290652522e-05,0.01,100.0,0.01
1997-06-30,100,479,sample_gmv,0.2558621805778869,0.0003837932708668304,0.09395904710856319,10.642934669660592,0.18019965879270985
1997-06-30,100,479,ledoit_wolf_gmv,0.22545533369616103,0.00033818300054424156,0.07963395326349798,12.55745770514664,0.1543685983996185
1997-06-30,200,479,equal_weight,0.042923856708956314,6.438578506343447e-05,0.005000000000000001,199.99999999999997,0.005
1997-06-30,200,479,sample_gmv,0.19472428528090735,0.00029208642792136105,0.05748755835832695,17.39506822966594,0.12449599932824365
1997-06-30,200,479,ledoit_wolf_gmv,0.1825223996057882,0.0002737835994086823,0.0480970695240575,20.791287492054245,0.10001627936595794
1997-07-30,10,504,equal_weight,0.11759690550335752,0.0001763953582550363,0.10000000000000003,9.999999999999996,0.1
1997-07-30,10,504,sample_gmv,0.1772624384750982,0.0002658936577126473,0.15279886565377504,6.544551202794182,0.2574286833043331
1997-07-30,10,504,ledoit_wolf_gmv,0.17733130534984692,0.0002659969580247704,0.146853233051856,6.809519812525242,0.24655289717879927
1997-07-30,50,479,equal_weight,0.06315385185471595,9.473077778207392e-05,0.020000000000000004,49.99999999999999,0.02
1997-07-30,50,479,sample_gmv,0.18616317487034698,0.00027924476230552046,0.11746006447657968,8.513531849792145,0.2713582475850114
1997-07-30,50,479,ledoit_wolf_gmv,0.1786543284286009,0.0002679814926429014,0.09869892227245972,10.131822891029007,0.23435356544939737
1997-07-30,100,479,equal_weight,0.05673126345855352,8.509689518783028e-05,0.01,100.0,0.01
1997-07-30,100,479,sample_gmv,0.11561307471893928,0.0001734196120784089,0.09245180667398016,10.816446275910822,0.1741771431412992
1997-07-30,100,479,ledoit_wolf_gmv,0.10957506652519222,0.00016436259978778835,0.07861766134535586,12.719788186106765,0.1494610085585394
1997-07-30,200,466,equal_weight,0.04670943975045894,7.006415962568841e-05,0.005000000000000001,199.99999999999997,0.005
1997-07-30,200,466,sample_gmv,0.05993136463971838,8.989704695957758e-05,0.05839386039421155,17.125088035781374,0.12228113464297265
1997-07-30,200,466,ledoit_wolf_gmv,0.061482547647655456,9.222382147148319e-05,0.049046245541822,20.388920476028986,0.09875047018653729
1997-08-28,10,504,equal_weight,0.030015409318039032,4.502311397705855e-05,0.10000000000000003,9.999999999999996,0.1
1997-08-28,10,504,sample_gmv,0.04591192087514274,6.886788131271411e-05,0.14946340803759545,6.690600817482122,0.2488195445898712
1997-08-28,10,504,ledoit_wolf_gmv,0.04315045137368598,6.472567706052897e-05,0.14408242149383324,6.940471916227478,0.23878586511936217
1997-08-28,50,481,equal_weight,0.044567622397574246,6.685143359636137e-05,0.020000000000000004,49.99999999999999,0.02
1997-08-28,50,481,sample_gmv,0.164273567362455,0.0002464103510436825,0.13306943357448356,7.514873800377797,0.282624908503917
1997-08-28,50,481,ledoit_wolf_gmv,0.16110033873052193,0.0002416505080957829,0.11545156264865185,8.66164109916166,0.25268986437204444
1997-08-28,100,481,equal_weight,0.08893736553695875,0.00013340604830543813,0.01,100.0,0.01
1997-08-28,100,481,sample_gmv,0.17318774968168002,0.00025978162452252,0.09423975724915323,10.611232766189932,0.18984045444922204
1997-08-28,100,481,ledoit_wolf_gmv,0.17141201693179467,0.000257118025397692,0.08131007943246973,12.298598242429804,0.16463263525306376
1997-08-28,200,470,equal_weight,0.042978489335493746,6.446773400324063e-05,0.005000000000000001,199.99999999999997,0.005
1997-08-28,200,470,sample_gmv,0.19938245762130477,0.0002990736864319572,0.05396492948558242,18.53055325991236,0.09766680163630766
1997-08-28,200,470,ledoit_wolf_gmv,0.1893657942323609,0.00028404869134854136,0.04640291281446922,21.550371288075326,0.0803988328177632
1997-09-29,10,504,equal_weight,0.117655002239948,0.00017648250335992202,0.10000000000000003,9.999999999999996,0.1
1997-09-29,10,504,sample_gmv,0.18132728024046246,0.0002719909203606937,0.1548192861789747,6.459143590443743,0.28690356243464527
1997-09-29,10,504,ledoit_wolf_gmv,0.17665167788510047,0.0002649775168276507,0.14992188731479658,6.6701401503855315,0.27675764128626557
1997-09-29,50,482,equal_weight,0.02100242654833055,3.150363982249583e-05,0.020000000000000004,49.99999999999999,0.02
1997-09-29,50,482,sample_gmv,0.08513688352962953,0.0001277053252944443,0.14211950760183695,7.036331724435799,0.2915773486894565
1997-09-29,50,482,ledoit_wolf_gmv,0.0826378294684732,0.0001239567442027098,0.12445278447382789,8.035175783554264,0.2627865224902255
1997-09-29,100,480,equal_weight,0.060816553849481064,9.12248307742216e-05,0.01,100.0,0.01
1997-09-29,100,480,sample_gmv,0.1885912401043135,0.00028288686015647024,0.10484537803399241,9.537854874973938,0.21080344983484092
1997-09-29,100,480,ledoit_wolf_gmv,0.18900662102254062,0.00028350993153381096,0.0904543720026525,11.055297581090672,0.18392571849917738
1997-09-29,200,451,equal_weight,0.06247634174311889,9.371451261467834e-05,0.005000000000000001,199.99999999999997,0.005
1997-09-29,200,451,sample_gmv,0.19516155024160803,0.00029274232536241206,0.05959780175693448,16.779142359619755,0.12000620482666734
1997-09-29,200,451,ledoit_wolf_gmv,0.18889925610696195,0.00028334888416044294,0.05204593689103651,19.21379572998373,0.09845883440446165
1997-10-28,10,480,equal_weight,0.1235147761553433,0.00018527216423301496,0.10000000000000003,9.999999999999996,0.1
1997-10-28,10,480,sample_gmv,0.12607561657079774,0.00018911342485619661,0.1463028548260679,6.835136615678824,0.2693644770949044
1997-10-28,10,480,ledoit_wolf_gmv,0.13022971605661182,0.00019534457408491772,0.14056265116162134,7.114265359509924,0.25703981668722875
1997-10-28,50,459,equal_weight,0.06545077016475095,9.817615524712644e-05,0.020000000000000004,49.99999999999999,0.02
1997-10-28,50,459,sample_gmv,0.14189157688575155,0.00021283736532862733,0.1663954814851769,6.009778577365297,0.30766171288075783
1997-10-28,50,459,ledoit_wolf_gmv,0.14709511873356773,0.0002206426781003516,0.14570720907392015,6.863078404670288,0.2773201441423355
1997-10-28,100,437,equal_weight,0.06766669690017729,0.00010150004535026594,0.01,100.0,0.01
1997-10-28,100,437,sample_gmv,0.10420528002330376,0.00015630792003495564,0.1024060639724637,9.765046728764942,0.21295618054456322
1997-10-28,100,437,ledoit_wolf_gmv,0.10982032652667159,0.00016473048979000738,0.08394179992225145,11.913015933971153,0.17694319179682655
1997-10-28,200,437,equal_weight,0.08633839726575135,0.00012950759589862702,0.005000000000000001,199.99999999999997,0.005
1997-10-28,200,437,sample_gmv,0.2686895655024177,0.00040303434825362654,0.05522019575019643,18.10931646319712,0.09244133521797196
1997-10-28,200,437,ledoit_wolf_gmv,0.252669688162289,0.0003790045322434335,0.048324298455791545,20.693523381717142,0.08583004396184483
1997-11-26,10,501,equal_weight,0.03155998323479696,4.733997485219544e-05,0.10000000000000003,9.999999999999996,0.1
1997-11-26,10,501,sample_gmv,0.12792153586689958,0.00019188230380034937,0.1548080855402354,6.459610920904354,0.2890741116777035
1997-11-26,10,501,ledoit_wolf_gmv,0.11966672411411099,0.00017950008617116647,0.1472274088157722,6.79221354259732,0.2741633087461889
1997-11-26,50,479,equal_weight,0.031283714601916986,4.692557190287548e-05,0.020000000000000004,49.99999999999999,0.02
1997-11-26,50,479,sample_gmv,0.056526112636887144,8.478916895533071e-05,0.16711202196072653,5.9840099369691835,0.30211248130251955
1997-11-26,50,479,ledoit_wolf_gmv,0.06204755756100627,9.307133634150942e-05,0.14873713268133282,6.723270658595293,0.27596065779599727
1997-11-26,100,479,equal_weight,0.05553781949494872,8.330672924242309e-05,0.01,100.0,0.01
1997-11-26,100,479,sample_gmv,0.17139866148204572,0.0002570979922230686,0.10351300302841808,9.660622054655914,0.21618490313595784
1997-11-26,100,479,ledoit_wolf_gmv,0.18481165264467436,0.00027721747896701157,0.08907355190112486,11.226677040004414,0.1879164852513847
1997-11-26,200,470,equal_weight,0.0787676396202878,0.00011815145943043169,0.005000000000000001,199.99999999999997,0.005
1997-11-26,200,470,sample_gmv,0.2207801686335265,0.00033117025295028977,0.07604062590117017,13.150864924490467,0.12613055837437198
1997-11-26,200,470,ledoit_wolf_gmv,0.21706956028403865,0.00032560434042605796,0.0629579194295497,15.883625270034631,0.10577570922672314
1997-12-29,10,504,equal_weight,0.11831005922747005,0.00017746508884120509,0.10000000000000003,9.999999999999996,0.1
1997-12-29,10,504,sample_gmv,0.2109750726903314,0.0003164626090354971,0.14406443274283423,6.941338545267969,0.2431680192389969
1997-12-29,10,504,ledoit_wolf_gmv,0.20650048096959228,0.00030975072145438844,0.13821221351014845,7.235250594742652,0.23185290849753137
1997-12-29,50,482,equal_weight,0.026832020970886404,4.0248031456329605e-05,0.020000000000000004,49.99999999999999,0.02
1997-12-29,50,482,sample_gmv,0.04183653436035508,6.275480154053263e-05,0.16870906744899766,5.927363686615774,0.3017046601642023
1997-12-29,50,482,ledoit_wolf_gmv,0.041296246513042034,6.194436976956305e-05,0.14887102584748632,6.717223813749148,0.2734555190652816
1997-12-29,100,482,equal_weight,0.05465743106496829,8.198614659745244e-05,0.01,100.0,0.01
1997-12-29,100,482,sample_gmv,0.1120429572274887,0.00016806443584123305,0.08930578305722608,11.19748313901701,0.17306905555086705
1997-12-29,100,482,ledoit_wolf_gmv,0.10837133586812156,0.00016255700380218233,0.07845789255426996,12.745690298886014,0.1496156468027358
1997-12-29,200,482,equal_weight,0.07860049718050471,0.00011790074577075707,0.005000000000000001,199.99999999999997,0.005
1997-12-29,200,482,sample_gmv,0.12719044354495573,0.00019078566531743362,0.07246612882709141,13.799550440814366,0.13421508521836276
1997-12-29,200,482,ledoit_wolf_gmv,0.12702704588158903,0.00019054056882238354,0.062297974650519256,16.051886206731844,0.11003855131638154
1998-01-29,10,504,equal_weight,0.12314611610770862,0.00018471917416156293,0.10000000000000003,9.999999999999996,0.1
1998-01-29,10,504,sample_gmv,0.06610909132432446,9.91636369864867e-05,0.15311374544814982,6.531092274394387,0.24698004855109115
1998-01-29,10,504,ledoit_wolf_gmv,0.06755276633201197,0.00010132914949801796,0.14809176599511095,6.752569889895254,0.23761838080751027
1998-01-29,50,481,equal_weight,0.048621813727754454,7.293272059163168e-05,0.020000000000000004,49.99999999999999,0.02
1998-01-29,50,481,sample_gmv,0.1010027262276759,0.00015150408934151387,0.16398048867603154,6.09828649782629,0.2941478575391051
1998-01-29,50,481,ledoit_wolf_gmv,0.10303706646373705,0.00015455559969560558,0.14491345443266787,6.900670499609385,0.2667451619986752
1998-01-29,100,481,equal_weight,0.0579727031917897,8.695905478768455e-05,0.01,100.0,0.01
1998-01-29,100,481,sample_gmv,0.12291476376569974,0.00018437214564854962,0.10763733240109724,9.290456923194858,0.2233740311870164
1998-01-29,100,481,ledoit_wolf_gmv,0.13147022186256319,0.00019720533279384478,0.09414239246691626,10.62220720969485,0.19614490221352332
1998-01-29,200,466,equal_weight,0.047615016945129075,7.142252541769361e-05,0.005000000000000001,199.99999999999997,0.005
1998-01-29,200,466,sample_gmv,0.07973525199867473,0.0001196028779980121,0.07221627817856277,13.847293508083993,0.13868356137373314
1998-01-29,200,466,ledoit_wolf_gmv,0.07328223063032913,0.00010992334594549368,0.06221006868642507,16.07456833138349,0.11039054008317367
1998-03-02,10,504,equal_weight,0.20166994716552872,0.0003025049207482931,0.10000000000000003,9.999999999999996,0.1
1998-03-02,10,504,sample_gmv,0.3329449619949935,0.0004994174429924903,0.15851297914391038,6.308631667897191,0.2720839452665689
1998-03-02,10,504,ledoit_wolf_gmv,0.3254297793115155,0.00048814466896727327,0.1521521033850279,6.572370527599306,0.261945888390639
1998-03-02,50,457,equal_weight,0.08107510172332957,0.00012161265258499436,0.020000000000000004,49.99999999999999,0.02
1998-03-02,50,457,sample_gmv,0.07928850982520538,0.00011893276473780808,0.16979050865211098,5.889610720519902,0.2950932528425978
1998-03-02,50,457,ledoit_wolf_gmv,0.07739835492410654,0.00011609753238615981,0.14902046167139466,6.710487867129967,0.2674240065055981
1998-03-02,100,457,equal_weight,0.051762893774543524,7.764434066181529e-05,0.01,100.0,0.01
1998-03-02,100,457,sample_gmv,0.0960399514837278,0.0001440599272255917,0.10828557645179446,9.234840250817435,0.23645964323534668
1998-03-02,100,457,ledoit_wolf_gmv,0.09736509397815302,0.00014604764096722952,0.0931208238848526,10.73873660349631,0.20385655731765465
1998-03-02,200,436,equal_weight,0.05887056760169538,8.830585140254307e-05,0.005000000000000001,199.99999999999997,0.005
1998-03-02,200,436,sample_gmv,0.3598027268266609,0.0005397040902399914,0.0779884049477374,12.822418930995356,0.16582667551059802
1998-03-02,200,436,ledoit_wolf_gmv,0.3263530957748656,0.0004895296436622984,0.066473829537718,15.043514221376231,0.135453960538715
1998-03-31,10,504,equal_weight,0.12521971093573753,0.0001878295664036063,0.10000000000000003,9.999999999999996,0.1
1998-03-31,10,504,sample_gmv,0.17948055978901928,0.0002692208396835289,0.16199367897220052,6.17308037168295,0.2619387753505177
1998-03-31,10,504,ledoit_wolf_gmv,0.17654622363646752,0.0002648193354547013,0.1554362891890394,6.433504075639726,0.2514258716086434
1998-03-31,50,478,equal_weight,0.08457669162694295,0.00012686503744041444,0.020000000000000004,49.99999999999999,0.02
1998-03-31,50,478,sample_gmv,0.16368390035713157,0.00024552585053569734,0.15581371719768947,6.417920180488633,0.2771144164486876
1998-03-31,50,478,ledoit_wolf_gmv,0.16379814338051607,0.0002456972150707741,0.13996680460727645,7.144551187017761,0.25417586493201444
1998-03-31,100,478,equal_weight,0.03659938426015339,5.489907639023009e-05,0.01,100.0,0.01
1998-03-31,100,478,sample_gmv,0.08316926922024118,0.00012475390383036178,0.1045434706655027,9.565398906638562,0.23485948743874116
1998-03-31,100,478,ledoit_wolf_gmv,0.0843142619787767,0.00012647139296816505,0.09038883594516975,11.063313179590057,0.20325993053788483
1998-03-31,200,478,equal_weight,0.049097257061237715,7.364588559185658e-05,0.005000000000000001,199.99999999999997,0.005
1998-03-31,200,478,sample_gmv,0.12310001417405048,0.0001846500212610757,0.07516605347353499,13.303877931439986,0.16527995779327667
1998-03-31,200,478,ledoit_wolf_gmv,0.11390006582786952,0.0001708500987418043,0.06549286485865267,15.26883885990038,0.13675510905172067
1998-04-30,10,504,equal_weight,0.12094977036812718,0.00018142465555219078,0.10000000000000003,9.999999999999996,0.1
1998-04-30,10,504,sample_gmv,0.17346324218276152,0.00026019486327414227,0.17523435840630378,5.70664342937456,0.3034956340958555
1998-04-30,10,504,ledoit_wolf_gmv,0.17141896099907947,0.0002571284414986192,0.16756210905003963,5.967936341153158,0.2914793408413099
1998-04-30,50,481,equal_weight,0.06966963754236552,0.00010450445631354828,0.020000000000000004,49.99999999999999,0.02
1998-04-30,50,481,sample_gmv,0.143507410287063,0.00021526111543059448,0.16327853239144902,6.124503848445729,0.29577105340674414
1998-04-30,50,481,ledoit_wolf_gmv,0.13964792576256108,0.00020947188864384162,0.1366554500255222,7.317673754052523,0.25673707534760054
1998-04-30,100,481,equal_weight,0.0487646781873755,7.314701728106325e-05,0.01,100.0,0.01
1998-04-30,100,481,sample_gmv,0.06312112445215837,9.468168667823756e-05,0.10776838227096255,9.27915942438196,0.22987265744469504
1998-04-30,100,481,ledoit_wolf_gmv,0.06413538177449375,9.620307266174062e-05,0.09142198304510475,10.938288217907406,0.19567067860426207
1998-04-30,200,481,equal_weight,0.04123577527342115,6.185366291013173e-05,0.005000000000000001,199.99999999999997,0.005
1998-04-30,200,481,sample_gmv,0.0912868308052783,0.00013693024620791745,0.07426181705908427,13.465870343630009,0.16330693231137106
1998-04-30,200,481,ledoit_wolf_gmv,0.08751784108838825,0.00013127676163258238,0.06413365517114406,15.592437345594089,0.13302188492165226
1998-06-01,10,504,equal_weight,0.02609512926119395,3.914269389179093e-05,0.10000000000000003,9.999999999999996,0.1
1998-06-01,10,504,sample_gmv,0.04454193773862093,6.68129066079314e-05,0.17849161540927905,5.602504059963895,0.3089227703499519
1998-06-01,10,504,ledoit_wolf_gmv,0.041400975468602955,6.210146320290444e-05,0.1706297318023671,5.860643332419088,0.2968966713290843
1998-06-01,50,482,equal_weight,0.06064060662606354,9.096090993909531e-05,0.020000000000000004,49.99999999999999,0.02
1998-06-01,50,482,sample_gmv,0.39510222676498685,0.0005926533401474803,0.11050678767780842,9.049217889814894,0.23174011934022218
1998-06-01,50,482,ledoit_wolf_gmv,0.3638344057819269,0.0005457516086728903,0.10031068685446422,9.96902754190937,0.2167920180880811
1998-06-01,100,482,equal_weight,0.051814133396950214,7.772120009542532e-05,0.01,100.0,0.01
1998-06-01,100,482,sample_gmv,0.10542068481691344,0.00015813102722537017,0.10645809797858743,9.393367146209357,0.23647065857899915
1998-06-01,100,482,ledoit_wolf_gmv,0.1065682763714639,0.00015985241455719585,0.09005945568366112,11.103775749129063,0.20400132050487255
1998-06-01,200,482,equal_weight,0.04797965138348412,7.196947707522618e-05,0.005000000000000001,199.99999999999997,0.005
1998-06-01,200,482,sample_gmv,0.14050124685211024,0.00021075187027816536,0.07449245166884856,13.424178928160885,0.16365351387465957
1998-06-01,200,482,ledoit_wolf_gmv,0.1442108090677508,0.0002163162136016262,0.061347388658621604,16.30061233029293,0.1298153935855622
1998-06-30,10,504,equal_weight,0.11398067809894116,0.00017097101714841175,0.10000000000000003,9.999999999999996,0.1
1998-06-30,10,504,sample_gmv,0.09898033756418503,0.00014847050634627756,0.18693026840965574,5.349588424109628,0.32534413870978285
1998-06-30,10,504,ledoit_wolf_gmv,0.10012451132583733,0.000150186766988756,0.17927093952017759,5.57814893298669,0.31467289917572244
1998-06-30,50,484,equal_weight,0.04543368424055794,6.81505263608369e-05,0.020000000000000004,49.99999999999999,0.02
1998-06-30,50,484,sample_gmv,0.07983485444845759,0.00011975228167268638,0.10902592267845823,9.172130585395026,0.2329639144038447
1998-06-30,50,484,ledoit_wolf_gmv,0.07760410577666131,0.00011640615866499198,0.10057255123406451,9.943070825285917,0.21894366832171422
1998-06-30,100,482,equal_weight,0.0549585560382286,8.24378340573429e-05,0.01,100.0,0.01
1998-06-30,100,482,sample_gmv,0.1261574639691043,0.00018923619595365645,0.12403682077504881,8.062122148499629,0.26815020331935724
1998-06-30,100,482,ledoit_wolf_gmv,0.12890084890278455,0.00019335127335417683,0.10301326918579909,9.707487277161913,0.23252627014778535
1998-06-30,200,468,equal_weight,0.06999542325252449,0.00010499313487878673,0.005000000000000001,199.99999999999997,0.005
1998-06-30,200,468,sample_gmv,0.11416351792059282,0.00017124527688088922,0.073976532683966,13.517800358014675,0.1674939661311197
1998-06-30,200,468,ledoit_wolf_gmv,0.12407612085349325,0.00018611418128023987,0.059533592054715506,16.79723943216681,0.12755163305437972
1998-07-30,10,504,equal_weight,0.11500127444220984,0.00017250191166331475,0.10000000000000003,9.999999999999996,0.1
1998-07-30,10,504,sample_gmv,0.134220967676802,0.000201331451515203,0.16903101400603432,5.916074075993537,0.2956130848237799
1998-07-30,10,504,ledoit_wolf_gmv,0.13651476367912244,0.00020477214551868365,0.16279824382087366,6.142572404529723,0.2849370047659263
1998-07-30,50,464,equal_weight,0.0245367991941949,3.680519879129235e-05,0.020000000000000004,49.99999999999999,0.02
1998-07-30,50,464,sample_gmv,0.09018217873295296,0.00013527326809942945,0.11427866537499458,8.750539715515535,0.24409322117173027
1998-07-30,50,464,ledoit_wolf_gmv,0.08750727233036508,0.00013126090849554763,0.10524087646819705,9.502011324489416,0.22872400548368518
1998-07-30,100,462,equal_weight,0.07118401040127734,0.00010677601560191601,0.01,100.0,0.01
1998-07-30,100,462,sample_gmv,0.4057860527249464,0.0006086790790874195,0.07853989828503426,12.732382162895538,0.16348259129128637
1998-07-30,100,462,ledoit_wolf_gmv,0.37159956054713333,0.0005573993408207,0.07029360357571882,14.226045459780998,0.1486429506034937
1998-07-30,200,462,equal_weight,0.06323289932943854,9.484934899415782e-05,0.005000000000000001,199.99999999999997,0.005
1998-07-30,200,462,sample_gmv,0.18186292785178815,0.0002727943917776822,0.06836072371010084,14.628282816909998,0.16287105080315956
1998-07-30,200,462,ledoit_wolf_gmv,0.16646940109173222,0.00024970410163759836,0.056364917905987987,17.74153209391553,0.12709891545819346
1998-08-28,10,504,equal_weight,0.11493809470669226,0.0001724071420600384,0.10000000000000003,9.999999999999996,0.1
1998-08-28,10,504,sample_gmv,0.1470281849647112,0.00022054227744706682,0.19484150912511894,5.1323765890041555,0.3392766385968656
1998-08-28,10,504,ledoit_wolf_gmv,0.14512030797779216,0.00021768046196668823,0.18638068484607798,5.365362836958387,0.3279280221735402
1998-08-28,50,485,equal_weight,0.0589426081339892,8.841391220098381e-05,0.020000000000000004,49.99999999999999,0.02
1998-08-28,50,485,sample_gmv,0.22081662974883523,0.00033122494462325285,0.1363583886801782,7.3336155529488565,0.2794397059843429
1998-08-28,50,485,ledoit_wolf_gmv,0.21692170456513413,0.0003253825568477012,0.125025918389698,7.998341566930644,0.2633570396857088
1998-08-28,100,482,equal_weight,0.08614569852941692,0.0001292185477941254,0.01,100.0,0.01
1998-08-28,100,482,sample_gmv,0.38164680399120343,0.0005724702059868051,0.127702764142991,7.830684063191323,0.2804868570318023
1998-08-28,100,482,ledoit_wolf_gmv,0.34564934953519066,0.000518474024302786,0.10747378376941748,9.304594710701513,0.24469713986384867
1998-08-28,200,482,equal_weight,0.08534722977369227,0.0001280208446605384,0.005000000000000001,199.99999999999997,0.005
1998-08-28,200,482,sample_gmv,0.18068429855943877,0.0002710264478391582,0.07435481797172615,13.449027612175122,0.16592681776684298
1998-08-28,200,482,ledoit_wolf_gmv,0.17494608514862858,0.00026241912772294285,0.0603967390175693,16.557185309443643,0.1296963803966749
1998-09-29,10,504,equal_weight,0.12890284440690564,0.00019335426661035846,0.10000000000000003,9.999999999999996,0.1
1998-09-29,10,504,sample_gmv,0.1538945789319792,0.0002308418683979688,0.2024039597504071,4.9406148043405,0.35718747208035184
1998-09-29,10,504,ledoit_wolf_gmv,0.1501563538767634,0.0002252345308151451,0.19209615990265255,5.2057261348002175,0.34188193841499254
1998-09-29,50,485,equal_weight,0.06005767553911369,9.008651330867053e-05,0.020000000000000004,49.99999999999999,0.02
1998-09-29,50,485,sample_gmv,0.22482916117977436,0.0003372437417696616,0.13755596472814424,7.269768359200769,0.2836433560220572
1998-09-29,50,485,ledoit_wolf_gmv,0.22218250807262413,0.0003332737621089362,0.1265550596868901,7.901699090293981,0.2662420165718369
1998-09-29,100,461,equal_weight,0.10303368616897426,0.0001545505292534614,0.01,100.0,0.01
1998-09-29,100,461,sample_gmv,0.24621911039266414,0.00036932866558899623,0.10173375027657422,9.8295796358769,0.21459790485264307
1998-09-29,100,461,ledoit_wolf_gmv,0.24886085174849396,0.0003732912776227409,0.08905963370957541,11.228431539040601,0.1872695216316279
1998-09-29,200,461,equal_weight,0.08713648676687497,0.00013070473015031246,0.005000000000000001,199.99999999999997,0.005
1998-09-29,200,461,sample_gmv,0.14884515829339418,0.00022326773744009128,0.0708163406777244,14.121034642991015,0.13639947428033597
1998-09-29,200,461,ledoit_wolf_gmv,0.13259589288055987,0.0001988938393208398,0.05881229072792649,17.003248600299102,0.11188850674114349
1998-10-28,10,504,equal_weight,0.023281504182900502,3.4922256274350755e-05,0.10000000000000003,9.999999999999996,0.1
1998-10-28,10,504,sample_gmv,0.04281955995078125,6.422933992617188e-05,0.20169163571598575,4.958063810876921,0.35213027366591815
1998-10-28,10,504,ledoit_wolf_gmv,0.04532097037121636,6.798145555682453e-05,0.19198235782483505,5.208811951941966,0.338785320971255
1998-10-28,50,485,equal_weight,0.04608901676786098,6.913352515179147e-05,0.020000000000000004,49.99999999999999,0.02
1998-10-28,50,485,sample_gmv,0.06542868707347432,9.814303061021148e-05,0.12748510705222282,7.844053498659741,0.2601270205301626
1998-10-28,50,485,ledoit_wolf_gmv,0.06341516395238744,9.512274592858117e-05,0.11888850079324925,8.411242410559375,0.24588075268980653
1998-10-28,100,481,equal_weight,0.06757584633803462,0.00010136376950705194,0.01,100.0,0.01
1998-10-28,100,481,sample_gmv,0.19976076396251688,0.0002996411459437753,0.10903028503221283,9.171763604071579,0.238172197679848
1998-10-28,100,481,ledoit_wolf_gmv,0.20055901112702768,0.00030083851669054153,0.0976111840156619,10.24472769267452,0.21160666015896754
1998-10-28,200,481,equal_weight,0.07082800882307522,0.00010624201323461283,0.005000000000000001,199.99999999999997,0.005
1998-10-28,200,481,sample_gmv,0.2435269261319516,0.0003652903891979274,0.08247148800342204,12.125402659868419,0.14355428888469168
1998-10-28,200,481,ledoit_wolf_gmv,0.23679864871557824,0.00035519797307336735,0.06914393904079866,14.462583617198117,0.12575025426400005
1998-11-27,10,504,equal_weight,0.02432519791012177,3.6487796865182657e-05,0.10000000000000003,9.999999999999996,0.1
1998-11-27,10,504,sample_gmv,0.03064577702958953,4.59686655443843e-05,0.19609670816314298,5.099524664983404,0.34328260743583844
1998-11-27,10,504,ledoit_wolf_gmv,0.029465119594331256,4.419767939149688e-05,0.18724503054993769,5.3405956732897275,0.3309247913958362
1998-11-27,50,486,equal_weight,0.0627255808431573,9.408837126473595e-05,0.020000000000000004,49.99999999999999,0.02
1998-11-27,50,486,sample_gmv,0.03949255410118995,5.923883115178493e-05,0.12284098781754631,8.140605328616239,0.2520844119931701
1998-11-27,50,486,ledoit_wolf_gmv,0.043305492151333086,6.495823822699963e-05,0.11368083915440787,8.796557163355756,0.23884979474380552
1998-11-27,100,461,equal_weight,0.04341710229597627,6.512565344396441e-05,0.01,100.0,0.01
1998-11-27,100,461,sample_gmv,0.15359525788560205,0.00023039288682840308,0.1471881923641067,6.794023242885207,0.32691223172697237
1998-11-27,100,461,ledoit_wolf_gmv,0.1554680259254124,0.0002332020388881186,0.1260241551164838,7.934986741832966,0.28984685918104436
1998-11-27,200,461,equal_weight,0.061945971292528976,9.291895693879347e-05,0.005000000000000001,199.99999999999997,0.005
1998-11-27,200,461,sample_gmv,0.13325958004205088,0.00019988937006307632,0.08853349356327843,11.295160280614704,0.1732227720154706
1998-11-27,200,461,ledoit_wolf_gmv,0.12232216242828005,0.0001834832436424201,0.0730165505656055,13.695525086487045,0.13853459677506996
1998-12-29,10,504,equal_weight,0.121525697323859,0.0001822885459857885,0.10000000000000003,9.999999999999996,0.1
1998-12-29,10,504,sample_gmv,0.18499028699887296,0.0002774854304983094,0.22532037752671633,4.438124997733192,0.3967671391800033
1998-12-29,10,504,ledoit_wolf_gmv,0.18204575925992095,0.00027306863888988144,0.21581703023478896,4.63355463149545,0.3842462370906879
1998-12-29,50,488,equal_weight,0.06979330882926756,0.00010468996324390134,0.020000000000000004,49.99999999999999,0.02
1998-12-29,50,488,sample_gmv,0.05773231471186874,8.65984720678031e-05,0.11167417967621315,8.954621407557132,0.23608278035839936
1998-12-29,50,488,ledoit_wolf_gmv,0.06035934240781065,9.053901361171597e-05,0.10327939329613298,9.682473609548618,0.2237655383224835
1998-12-29,100,476,equal_weight,0.10250757524009764,0.00015376136286014645,0.01,100.0,0.01
1998-12-29,100,476,sample_gmv,0.2315449379335567,0.0003473174069003351,0.1697864279421799,5.889752273606616,0.3563218543527414
1998-12-29,100,476,ledoit_wolf_gmv,0.23907333849003898,0.00035861000773505845,0.13884662975724374,7.202191380146403,0.3090303995349439
1998-12-29,200,476,equal_weight,0.07697839503345948,0.00011546759255018921,0.005000000000000001,199.99999999999997,0.005
1998-12-29,200,476,sample_gmv,0.1056061088093251,0.00015840916321398766,0.0808113010606692,12.37450686815757,0.1536211449676155
1998-12-29,200,476,ledoit_wolf_gmv,0.10093478274877812,0.0001514021741231672,0.06827680470804741,14.646262435332384,0.12581483490732825
1999-01-29,10,504,equal_weight,0.038682867040654545,5.8024300560981816e-05,0.10000000000000003,9.999999999999996,0.1
1999-01-29,10,504,sample_gmv,0.040931300925696086,6.139695138854412e-05,0.23106780744413066,4.327733971517376,0.4029255133852074
1999-01-29,10,504,ledoit_wolf_gmv,0.04040323818925378,6.060485728388067e-05,0.2210248953286179,4.524377213314404,0.38978199127082364
1999-01-29,50,496,equal_weight,0.08478158126443741,0.00012717237189665612,0.020000000000000004,49.99999999999999,0.02
1999-01-29,50,496,sample_gmv,0.09992406312893358,0.00014988609469340037,0.1120739420714998,8.922680700943223,0.24496403927374508
1999-01-29,50,496,ledoit_wolf_gmv,0.1110305330787304,0.0001665457996180956,0.10360339429473527,9.652193413230828,0.23208113814453396
1999-01-29,100,471,equal_weight,0.07659627580476656,0.00011489441370714985,0.01,100.0,0.01
1999-01-29,100,471,sample_gmv,0.40250208565761153,0.0006037531284864173,0.08418020298206975,11.879277604177295,0.13836910397248292
1999-01-29,100,471,ledoit_wolf_gmv,0.350937285913378,0.0005264059288700671,0.07642960902120814,13.08393452231993,0.1286555751063711
1999-01-29,200,471,equal_weight,0.08292931718711181,0.00012439397578066773,0.005000000000000001,199.99999999999997,0.005
1999-01-29,200,471,sample_gmv,0.08898090720940943,0.00013347136081411415,0.08113638130206363,12.324927288500675,0.1620755954718959
1999-01-29,200,471,ledoit_wolf_gmv,0.08748245955185543,0.00013122368932778317,0.06832492957179274,14.63594629759911,0.13105358116930715
1999-03-02,10,504,equal_weight,0.032279672194104166,4.841950829115625e-05,0.10000000000000003,9.999999999999996,0.1
1999-03-02,10,504,sample_gmv,0.05540124377069677,8.310186565604517e-05,0.23463413097945549,4.261954540993696,0.40466060402005083
1999-03-02,10,504,ledoit_wolf_gmv,0.05364634659289175,8.046951988933763e-05,0.22449985953323243,4.454345771436758,0.39213958119842734
1999-03-02,50,485,equal_weight,0.0518027948896824,7.77041923345236e-05,0.020000000000000004,49.99999999999999,0.02
1999-03-02,50,485,sample_gmv,0.08880414823538219,0.0001332062223530733,0.1004938966463829,9.95085307039881,0.21883906295657227
1999-03-02,50,485,ledoit_wolf_gmv,0.09042950855091474,0.0001356442628263721,0.09322175019009574,10.727110335955096,0.20798495005433265
1999-03-02,100,483,equal_weight,0.04028154693344662,6.042232040016993e-05,0.01,100.0,0.01
1999-03-02,100,483,sample_gmv,0.07201056174004307,0.00010801584261006461,0.08657957315840697,11.550068492141774,0.15130713779766788
1999-03-02,100,483,ledoit_wolf_gmv,0.07266698231758323,0.00010900047347637484,0.08007707098651107,12.487969248631101,0.1409553611056371
1999-03-02,200,476,equal_weight,0.06364307475170855,9.546461212756282e-05,0.005000000000000001,199.99999999999997,0.005
1999-03-02,200,476,sample_gmv,0.2235676857768325,0.00033535152866524874,0.08403976174476713,11.899129403020549,0.15459297179190304
1999-03-02,200,476,ledoit_wolf_gmv,0.1908429606992743,0.00028626444104891147,0.07405370001019214,13.503714194731232,0.13569353325217626
1999-03-31,10,504,equal_weight,0.11296229347482743,0.00016944344021224114,0.10000000000000003,9.999999999999996,0.1
1999-03-31,10,504,sample_gmv,0.23032744507573913,0.0003454911676136087,0.22936620182571407,4.359840255626933,0.3823876282188057
1999-03-31,10,504,ledoit_wolf_gmv,0.2256963955491871,0.00033854459332378065,0.22041167094447867,4.536964833644849,0.3710207069938121
1999-03-31,50,497,equal_weight,0.10633460781125086,0.00015950191171687627,0.020000000000000004,49.99999999999999,0.02
1999-03-31,50,497,sample_gmv,0.19137956196617265,0.000287069342949259,0.09559006600199685,10.461338105772521,0.21588264220887016
1999-03-31,50,497,ledoit_wolf_gmv,0.18237801238673867,0.000273567018580108,0.08915115067438126,11.21690513734853,0.20655692176186505
1999-03-31,100,495,equal_weight,0.08452299304680866,0.000126784489570213,0.01,100.0,0.01
1999-03-31,100,495,sample_gmv,0.15970251616977804,0.00023955377425466707,0.08874467073911987,11.268282271728417,0.1686289657250773
1999-03-31,100,495,ledoit_wolf_gmv,0.1584186280571935,0.00023762794208579026,0.08234654757973701,12.143799945367347,0.1569370630340755
1999-03-31,200,495,equal_weight,0.07852713248914003,0.00011779069873371005,0.005000000000000001,199.99999999999997,0.005
1999-03-31,200,495,sample_gmv,0.19982165350875788,0.00029973248026313686,0.07891269257505258,12.672232658249701,0.17943028644420708
1999-03-31,200,495,ledoit_wolf_gmv,0.1885700455751784,0.0002828550683627676,0.0685891564085501,14.579564064668148,0.15252227588889739
1999-04-30,10,504,equal_weight,0.21317662080718838,0.0003197649312107826,0.10000000000000003,9.999999999999996,0.1
1999-04-30,10,504,sample_gmv,0.21452120823245768,0.0003217818123486865,0.2319681194005881,4.310937220959618,0.39565256853578207
1999-04-30,10,504,ledoit_wolf_gmv,0.21407150012446907,0.0003211072501867036,0.22348281900994332,4.474616905362677,0.3830315639475124
1999-04-30,50,498,equal_weight,0.07895920044809109,0.00011843880067213663,0.020000000000000004,49.99999999999999,0.02
1999-04-30,50,498,sample_gmv,0.08341074102120147,0.0001251161115318022,0.09465011860809425,10.565227119688812,0.20760287851058407
1999-04-30,50,498,ledoit_wolf_gmv,0.07991971071221281,0.00011987956606831921,0.08770210322141925,11.40223510347666,0.19873324294598715
1999-04-30,100,476,equal_weight,0.09097197210608693,0.0001364579581591304,0.01,100.0,0.01
1999-04-30,100,476,sample_gmv,0.17941355995346747,0.0002691203399302012,0.08915965462081571,11.215835281696284,0.17732659671798726
1999-04-30,100,476,ledoit_wolf_gmv,0.17718053838251144,0.00026577080757376716,0.0824231623040145,12.132511930463677,0.16418716432714708
1999-04-30,200,475,equal_weight,0.09351826285525963,0.00014027739428288944,0.005000000000000001,199.99999999999997,0.005
1999-04-30,200,475,sample_gmv,0.1296251094820806,0.00019443766422312092,0.08071034572155056,12.389985336576112,0.1905003481921667
1999-04-30,200,475,ledoit_wolf_gmv,0.12120449180053042,0.00018180673770079562,0.06563742911208946,15.23520975040466,0.15502332082592732
1999-06-01,10,504,equal_weight,0.12047747685328627,0.00018071621527992942,0.10000000000000003,9.999999999999996,0.1
1999-06-01,10,504,sample_gmv,0.15272802311659137,0.00022909203467488706,0.21348003957758968,4.684278689373899,0.3701166870139126
1999-06-01,10,504,ledoit_wolf_gmv,0.15093331143936092,0.0002263999671590414,0.20588982560355495,4.856966569710542,0.3599821166562877
1999-06-01,50,498,equal_weight,0.02662173735747958,3.9932606036219374e-05,0.020000000000000004,49.99999999999999,0.02
1999-06-01,50,498,sample_gmv,0.10904612695968777,0.00016356919043953165,0.09269814471147673,10.787702419638528,0.21270853167955936
1999-06-01,50,498,ledoit_wolf_gmv,0.10137479216979348,0.00015206218825469022,0.08584005712558566,11.649572862433917,0.20359540701543336
1999-06-01,100,478,equal_weight,0.06473455028198677,9.710182542298016e-05,0.01,100.0,0.01
1999-06-01,100,478,sample_gmv,0.11168193088288703,0.00016752289632433054,0.08671907942412137,11.531487726123679,0.18488374405042132
1999-06-01,100,478,ledoit_wolf_gmv,0.10920418629292487,0.0001638062794393873,0.08027483276818392,12.457204400385114,0.17170357331013783
1999-06-01,200,465,equal_weight,0.0830834875567048,0.0001246252313350572,0.005000000000000001,199.99999999999997,0.005
1999-06-01,200,465,sample_gmv,0.17440307805108596,0.00026160461707662897,0.08410362032756198,11.890094577442172,0.18748068243054744
1999-06-01,200,465,ledoit_wolf_gmv,0.1496196368139382,0.0002244294552209073,0.06893260037532471,14.50692407591173,0.1545241619681297
1999-06-30,10,504,equal_weight,0.11258868173089537,0.00016888302259634305,0.10000000000000003,9.999999999999996,0.1
1999-06-30,10,504,sample_gmv,0.15731345232257035,0.00023597017848385552,0.24223462618825392,4.1282289643547685,0.4069398392078883
1999-06-30,10,504,ledoit_wolf_gmv,0.15304585308719457,0.00022956877963079185,0.23495734548904262,4.256091665994054,0.3969225346512094
1999-06-30,50,498,equal_weight,0.06358270024821246,9.537405037231869e-05,0.020000000000000004,49.99999999999999,0.02
1999-06-30,50,498,sample_gmv,0.11000694614985274,0.0001650104192247791,0.0955583717492853,10.464807862399342,0.2175570441408191
1999-06-30,50,498,ledoit_wolf_gmv,0.10274252695855565,0.00015411379043783348,0.0882370848308709,11.333103330835982,0.20814117990246545
1999-06-30,100,496,equal_weight,0.057365273213954425,8.604790982093165e-05,0.01,100.0,0.01
1999-06-30,100,496,sample_gmv,0.047540316967600985,7.131047545140148e-05,0.08714711182577994,11.4748495853672,0.18867526974367638
1999-06-30,100,496,ledoit_wolf_gmv,0.04695310589280683,7.042965883921025e-05,0.08080659369973513,12.375227740892608,0.1754261852009455
1999-06-30,200,495,equal_weight,0.07022454947801454,0.00010533682421702182,0.005000000000000001,199.99999999999997,0.005
1999-06-30,200,495,sample_gmv,0.07803943446257781,0.00011705915169386673,0.08560091808155793,11.682117696999823,0.19890938328727775
1999-06-30,200,495,ledoit_wolf_gmv,0.07443372776010951,0.00011165059164016426,0.06977229056121251,14.332337263926883,0.1631257545168553
1999-07-30,10,504,equal_weight,0.021197223634447995,3.179583545167199e-05,0.10000000000000003,9.999999999999996,0.1
1999-07-30,10,504,sample_gmv,0.0264369325959913,3.965539889398695e-05,0.2520381357374898,3.9676535341522663,0.42308632991560785
1999-07-30,10,504,ledoit_wolf_gmv,0.025609604930911245,3.841440739636687e-05,0.24434480685052412,4.092577259527114,0.41280852635130644
1999-07-30,50,498,equal_weight,0.039440542312508584,5.916081346876288e-05,0.020000000000000004,49.99999999999999,0.02
1999-07-30,50,498,sample_gmv,0.09122137193052784,0.00013683205789579176,0.09567061021451873,10.452530800814758,0.2107627754417942
1999-07-30,50,498,ledoit_wolf_gmv,0.08467744353086647,0.0001270161652962997,0.08854879646486971,11.293208263951206,0.20238044106086825
1999-07-30,100,496,equal_weight,0.0506239524406821,7.593592866102316e-05,0.01,100.0,0.01
1999-07-30,100,496,sample_gmv,0.09134503133767866,0.00013701754700651798,0.09764069230656074,10.241631602327418,0.2132833755061411
1999-07-30,100,496,ledoit_wolf_gmv,0.09087810088089432,0.00013631715132134147,0.08881058653117797,11.259918879704038,0.19674329972533428
1999-07-30,200,495,equal_weight,0.05802081128488963,8.703121692733445e-05,0.005000000000000001,199.99999999999997,0.005
1999-07-30,200,495,sample_gmv,0.08356085569348229,0.00012534128354022342,0.08456270568050263,11.825544038032916,0.19969926038278787
1999-07-30,200,495,ledoit_wolf_gmv,0.07413285085059966,0.00011119927627589949,0.06937107364068815,14.41523026124063,0.16263895582395874
1999-08-30,10,504,equal_weight,0.11177233553297256,0.00016765850329945883,0.10000000000000003,9.999999999999996,0.1
1999-08-30,10,504,sample_gmv,0.134132266999713,0.00020119840049956952,0.2933116507589564,3.4093429204481223,0.4640884005307714
1999-08-30,10,504,ledoit_wolf_gmv,0.13343558438098205,0.00020015337657147307,0.2840585306271182,3.520401227846572,0.45340743307226017
1999-08-30,50,484,equal_weight,0.06238575550105461,9.357863325158191e-05,0.020000000000000004,49.99999999999999,0.02
1999-08-30,50,484,sample_gmv,0.06657079417039458,9.985619125559186e-05,0.09631912398244795,10.382154224972272,0.19645523030515807
1999-08-30,50,484,ledoit_wolf_gmv,0.06372146886703872,9.558220330055809e-05,0.08839943837624281,11.312289063917268,0.18891243040772493
1999-08-30,100,458,equal_weight,0.05808704079595217,8.713056119392826e-05,0.01,100.0,0.01
1999-08-30,100,458,sample_gmv,0.18545319830295243,0.00027817979745442864,0.09777594807582873,10.227464112385434,0.2138073530135167
1999-08-30,100,458,ledoit_wolf_gmv,0.19089373389349046,0.0002863406008402357,0.08294225055344923,12.056581456703842,0.19505599518462205
1999-08-30,200,456,equal_weight,0.07553959183115987,0.0001133093877467398,0.005000000000000001,199.99999999999997,0.005
1999-08-30,200,456,sample_gmv,0.19359047503198046,0.0002903857125479707,0.08087569495507099,12.364654183874793,0.18711486349711234
1999-08-30,200,456,ledoit_wolf_gmv,0.20117500465853727,0.0003017625069878059,0.066194530887598,15.106988244966276,0.15286846116581437
1999-09-29,10,504,equal_weight,0.014408098835266593,2.161214825289989e-05,0.10000000000000003,9.999999999999996,0.1
1999-09-29,10,504,sample_gmv,0.01612165344588734,2.418248016883101e-05,0.29524185468855213,3.3870536447309973,0.4633763481273647
1999-09-29,10,504,ledoit_wolf_gmv,0.016250072544515527,2.437510881677329e-05,0.2863447145985729,3.492294248915687,0.4529682179257924
1999-09-29,50,498,equal_weight,0.05185524601834934,7.778286902752401e-05,0.020000000000000004,49.99999999999999,0.02
1999-09-29,50,498,sample_gmv,0.12172621551677613,0.00018258932327516422,0.10391161757959663,9.623563017234304,0.21393867273960354
1999-09-29,50,498,ledoit_wolf_gmv,0.11978679630216249,0.00017968019445324375,0.095674519043321,10.452103757607649,0.20544411112937144
1999-09-29,100,493,equal_weight,0.07130486732179338,0.00010695730098269006,0.01,100.0,0.01
1999-09-29,100,493,sample_gmv,0.07576618993499032,0.00011364928490248548,0.09486171524128233,10.54166053667155,0.19429943161339794
1999-09-29,100,493,ledoit_wolf_gmv,0.0758679988856326,0.0001138019983284489,0.08126635980163345,12.305214635440088,0.17862200922583782
1999-09-29,200,492,equal_weight,0.09359889631268989,0.00014039834446903483,0.005000000000000001,199.99999999999997,0.005
1999-09-29,200,492,sample_gmv,0.1363741805002444,0.00020456127075036662,0.08643914279295838,11.568832911673244,0.19969368022257789
1999-09-29,200,492,ledoit_wolf_gmv,0.1559477202819716,0.0002339215804229574,0.07012159759876005,14.260941482281385,0.16587846414185337
1999-10-28,10,504,equal_weight,0.051504499287508575,7.725674893126287e-05,0.10000000000000003,9.999999999999996,0.1
1999-10-28,10,504,sample_gmv,0.08279327416019366,0.0001241899112402905,0.3029085123419876,3.3013268338625856,0.459218985437916
1999-10-28,10,504,ledoit_wolf_gmv,0.08221237309288495,0.00012331855963932745,0.29330839672825915,3.4093807444812705,0.44939146261114765
1999-10-28,50,499,equal_weight,0.06250861741122815,9.376292611684223e-05,0.020000000000000004,49.99999999999999,0.02
1999-10-28,50,499,sample_gmv,0.1584212575589603,0.00023763188633844047,0.0994173628699309,10.058605168478605,0.19407026734992405
1999-10-28,50,499,ledoit_wolf_gmv,0.16598553454396509,0.00024897830181594763,0.09459013315269331,10.571927183839962,0.18719947861683212
1999-10-28,100,494,equal_weight,0.09295820537632345,0.00013943730806448518,0.01,100.0,0.01
1999-10-28,100,494,sample_gmv,0.0972756797825631,0.00014591351967384466,0.08556255609775973,11.687355376076509,0.17512508153535367
1999-10-28,100,494,ledoit_wolf_gmv,0.10232205439394822,0.00015348308159092233,0.07349372504062307,13.606603821581475,0.16133356542853414
1999-10-28,200,481,equal_weight,0.08047742457603167,0.00012071613686404751,0.005000000000000001,199.99999999999997,0.005
1999-10-28,200,481,sample_gmv,0.1502577821383499,0.00022538667320752486,0.08511504631928715,11.748804039285343,0.20362047436148323
1999-10-28,200,481,ledoit_wolf_gmv,0.15237425676843716,0.00022856138515265574,0.06504392367195506,15.374226269673352,0.1646422230872073
1999-11-29,10,504,equal_weight,0.1291983092688998,0.0001937974639033497,0.10000000000000003,9.999999999999996,0.1
1999-11-29,10,504,sample_gmv,0.049526086885402366,7.428913032810355e-05,0.29399617874618006,3.4014047538466285,0.4421159341196683
1999-11-29,10,504,ledoit_wolf_gmv,0.05030306386632074,7.545459579948111e-05,0.28468777827893543,3.5126200571216857,0.43229712308540535
1999-11-29,50,495,equal_weight,0.0868713553065535,0.00013030703295983026,0.020000000000000004,49.99999999999999,0.02
1999-11-29,50,495,sample_gmv,0.12307265168355044,0.00018460897752532566,0.10984786501975936,9.103499643075637,0.2075062123789641
1999-11-29,50,495,ledoit_wolf_gmv,0.1275609495715826,0.0001913414243573739,0.09695756359146863,10.313790517813617,0.18017606556804092
1999-11-29,100,493,equal_weight,0.11164697661017456,0.00016747046491526185,0.01,100.0,0.01
1999-11-29,100,493,sample_gmv,0.24211030094032565,0.0003631654514104885,0.08400266522372922,11.904384192294868,0.16464484592880016
1999-11-29,100,493,ledoit_wolf_gmv,0.24164569925567275,0.00036246854888350913,0.0766368429053225,13.048554221308471,0.15234726352138298
1999-11-29,200,483,equal_weight,0.11215567177636415,0.00016823350766454622,0.005000000000000001,199.99999999999997,0.005
1999-11-29,200,483,sample_gmv,0.1783466883605549,0.0002675200325408324,0.10032756374948175,9.967350572739942,0.2209811154709274
1999-11-29,200,483,ledoit_wolf_gmv,0.19699545560176762,0.00029549318340265144,0.07681901365064348,13.017610516945547,0.17483362786008533
1999-12-29,10,504,equal_weight,0.12999672063466977,0.00019499508095200467,0.10000000000000003,9.999999999999996,0.1
1999-12-29,10,504,sample_gmv,0.19063850633925372,0.0002859577595088806,0.32700981456260547,3.0580121925011876,0.4752028096538756
1999-12-29,10,504,ledoit_wolf_gmv,0.18967436641490742,0.0002845115496223611,0.3148720836505995,3.1758928527613093,0.4648321410122362
1999-12-29,50,500,equal_weight,0.14676658554989247,0.00022014987832483872,0.020000000000000004,49.99999999999999,0.02
1999-12-29,50,500,sample_gmv,0.21022128944350416,0.00031533193416525624,0.09629601087549948,10.3846461645529,0.17818636053162204
1999-12-29,50,500,ledoit_wolf_gmv,0.21680922260293367,0.00032521383390440053,0.08926737620464006,11.202300801443524,0.17071649359036314
1999-12-29,100,494,equal_weight,0.13243533593952542,0.00019865300390928812,0.01,100.0,0.01
1999-12-29,100,494,sample_gmv,0.23280961755365476,0.00034921442633048213,0.08096424248861443,12.35113142867513,0.17014029581776277
1999-12-29,100,494,ledoit_wolf_gmv,0.23874127162182307,0.0003581119074327346,0.07199531380283249,13.889792920947826,0.15496979428663557
1999-12-29,200,474,equal_weight,0.10684789047032137,0.00016027183570548205,0.005000000000000001,199.99999999999997,0.005
1999-12-29,200,474,sample_gmv,0.28344658052647276,0.00042516987078970915,0.06944441949791297,14.400005172914625,0.16183098206684285
1999-12-29,200,474,ledoit_wolf_gmv,0.22138675851338036,0.00033208013777007053,0.058795274288789716,17.008169654727954,0.1335556436207853
2000-01-28,10,504,equal_weight,0.14689025890956212,0.00022033538836434318,0.10000000000000003,9.999999999999996,0.1
2000-01-28,10,504,sample_gmv,0.2169031110818142,0.0003253546666227213,0.2807505458862088,3.5618808748650155,0.43160986630871667
2000-01-28,10,504,ledoit_wolf_gmv,0.21696309971703215,0.0003254446495755482,0.2705596451166257,3.6960426953877263,0.4213035208662907
2000-01-28,50,491,equal_weight,0.0595714924008426,8.93572386012639e-05,0.020000000000000004,49.99999999999999,0.02
2000-01-28,50,491,sample_gmv,0.13694470853385243,0.00020541706280077866,0.09180845736943084,10.892242704569902,0.16838028757185136
2000-01-28,50,491,ledoit_wolf_gmv,0.13925274718474018,0.00020887912077711027,0.08457687893943665,11.823562332160241,0.15222799674509568
2000-01-28,100,489,equal_weight,0.08009782277555813,0.0001201467341633372,0.01,100.0,0.01
2000-01-28,100,489,sample_gmv,0.209399210528818,0.000314098815793227,0.07917821954613219,12.629735876005176,0.16626572925767943
2000-01-28,100,489,ledoit_wolf_gmv,0.21967095990835112,0.0003295064398625267,0.0706466679584478,14.154949255188782,0.15133615607507533
2000-01-28,200,473,equal_weight,0.08967900486626118,0.0001345185072993918,0.005000000000000001,199.99999999999997,0.005
2000-01-28,200,473,sample_gmv,0.1750900862897047,0.0002626351294345571,0.07347567280331227,13.609946827937316,0.1682596010292056
2000-01-28,200,473,ledoit_wolf_gmv,0.17462461749990033,0.00026193692624985047,0.06240122056044725,16.025327566009913,0.1382367018882559
2000-02-29,10,504,equal_weight,0.14373040711731272,0.0002155956106759691,0.10000000000000003,9.999999999999996,0.1
2000-02-29,10,504,sample_gmv,0.1897007642836488,0.0002845511464254732,0.3151979513300883,3.172609453139366,0.47429947989093435
2000-02-29,10,504,ledoit_wolf_gmv,0.18873736356267828,0.0002831060453440174,0.2990558776076727,3.3438566999572106,0.45990149467641944
2000-02-29,50,504,equal_weight,0.13013425850880186,0.0001952013877632028,0.020000000000000004,49.99999999999999,0.02
2000-02-29,50,504,sample_gmv,0.14001692331366566,0.0002100253849704985,0.10833152944571747,9.230922937362182,0.21830367463698835
2000-02-29,50,504,ledoit_wolf_gmv,0.15324399481679024,0.00022986599222518537,0.10142094611008172,9.859896188649293,0.20626931160810477
2000-02-29,100,502,equal_weight,0.11158904965127313,0.0001673835744769097,0.01,100.0,0.01
2000-02-29,100,502,sample_gmv,0.10974302421168844,0.00016461453631753267,0.07270512207989285,13.754189132660263,0.1569430168413908
2000-02-29,100,502,ledoit_wolf_gmv,0.11896641753675823,0.00017844962630513735,0.06455651062046748,15.490304392055423,0.14159965119392112
2000-02-29,200,494,equal_weight,0.1420936318159224,0.0002131404477238836,0.005000000000000001,199.99999999999997,0.005
2000-02-29,200,494,sample_gmv,0.1769552945181052,0.00026543294177715785,0.07792533658649622,12.832796671850259,0.1719607518349673
2000-02-29,200,494,ledoit_wolf_gmv,0.17474312328466102,0.0002621146849269915,0.063488964671574,15.75076873867706,0.1407671875783177
2000-03-29,10,504,equal_weight,0.02101081516922345,3.1516222753835174e-05,0.10000000000000003,9.999999999999996,0.1
2000-03-29,10,504,sample_gmv,0.03705256766003131,5.5578851490046965e-05,0.3081170895288966,3.2455194274649783,0.4588979990715935
2000-03-29,10,504,ledoit_wolf_gmv,0.0367049233228008,5.50573849842012e-05,0.29179219433738507,3.4270964727855224,0.4459395484742112
2000-03-29,50,504,equal_weight,0.0562808667044843,8.442130005672645e-05,0.020000000000000004,49.99999999999999,0.02
2000-03-29,50,504,sample_gmv,0.07872230885270677,0.00011808346327906016,0.1081911342093318,9.242901530777623,0.22819717836711687
2000-03-29,50,504,ledoit_wolf_gmv,0.0775416213036992,0.0001163124319555488,0.10166170251879043,9.83654586952414,0.21556795583679866
2000-03-29,100,502,equal_weight,0.09427032960171688,0.00014140549440257532,0.01,100.0,0.01
2000-03-29,100,502,sample_gmv,0.2631171394430565,0.00039467570916458473,0.05703860172342485,17.53198658075301,0.11022701251252551
2000-03-29,100,502,ledoit_wolf_gmv,0.2478240945799451,0.0003717361418699176,0.05255926955648581,19.02613960274492,0.09975502758628704
2000-03-29,200,488,equal_weight,0.08488082707352007,0.0001273212406102801,0.005000000000000001,199.99999999999997,0.005
2000-03-29,200,488,sample_gmv,0.2106873966358213,0.000316031094953732,0.0718156925139748,13.924533273913742,0.17464781088860915
2000-03-29,200,488,ledoit_wolf_gmv,0.20359926586339663,0.00030539889879509496,0.06052213286427919,16.522881013504577,0.14484908795369442
2000-04-28,10,504,equal_weight,0.046905851526549094,7.035877728982364e-05,0.10000000000000003,9.999999999999996,0.1
2000-04-28,10,504,sample_gmv,0.06103900352717654,9.155850529076482e-05,0.3156523897636826,3.1680419107508215,0.46835514900352637
2000-04-28,10,504,ledoit_wolf_gmv,0.05998572122911336,8.997858184367004e-05,0.2989724509120404,3.3447897856455224,0.4552441019143623
2000-04-28,50,504,equal_weight,0.12568026866984217,0.00018852040300476326,0.020000000000000004,49.99999999999999,0.02
2000-04-28,50,504,sample_gmv,0.12145591747221679,0.0001821838762083252,0.10772457503959014,9.28293288353644,0.21683835734483586
2000-04-28,50,504,ledoit_wolf_gmv,0.12346076419814372,0.0001851911462972156,0.10089508872221649,9.911285203913062,0.2044431159468358
2000-04-28,100,502,equal_weight,0.08769996680983697,0.00013154995021475544,0.01,100.0,0.01
2000-04-28,100,502,sample_gmv,0.2000691907308702,0.0003001037860963053,0.06375966172603766,15.683897513396438,0.11429273347674201
2000-04-28,100,502,ledoit_wolf_gmv,0.18257767470090974,0.00027386651205136463,0.05754149295626324,17.37876354303304,0.10434022171078976
2000-04-28,200,502,equal_weight,0.10916594688791531,0.00016374892033187296,0.005000000000000001,199.99999999999997,0.005
2000-04-28,200,502,sample_gmv,0.1818659271577669,0.00027279889073665033,0.06394573664533887,15.638259131273797,0.1616730787751289
2000-04-28,200,502,ledoit_wolf_gmv,0.17949160841118478,0.0002692374126167772,0.05515405237357569,18.13103402133875,0.13582203976868945
2000-05-30,10,504,equal_weight,0.027076745989515608,4.061511898427341e-05,0.10000000000000003,9.999999999999996,0.1
2000-05-30,10,504,sample_gmv,0.028844926156769812,4.326738923515472e-05,0.3177629010665356,3.1470004731314196,0.469439968035929
2000-05-30,10,504,ledoit_wolf_gmv,0.028416012149852857,4.262401822477929e-05,0.3015535231270455,3.316160891208347,0.4567298826989403
2000-05-30,50,504,equal_weight,0.14247850301369833,0.00021371775452054748,0.020000000000000004,49.99999999999999,0.02
2000-05-30,50,504,sample_gmv,0.22263956244821814,0.00033395934367232724,0.07887525191349659,12.678247938868223,0.1284153271137594
2000-05-30,50,504,ledoit_wolf_gmv,0.22708987710469092,0.0003406348156570364,0.07648371321425013,13.07467901301743,0.1255287103123797
2000-05-30,100,491,equal_weight,0.07257643762489516,0.00010886465643734274,0.01,100.0,0.01
2000-05-30,100,491,sample_gmv,0.18187354566755048,0.00027281031850132575,0.05459667193638413,18.316134748381675,0.11356693226889499
2000-05-30,100,491,ledoit_wolf_gmv,0.18324652524265717,0.00027486978786398576,0.05121402404839999,19.525901715025295,0.10460161280835747
2000-05-30,200,477,equal_weight,0.09628619437920297,0.00014442929156880446,0.005000000000000001,199.99999999999997,0.005
2000-05-30,200,477,sample_gmv,0.29485645856302506,0.0004422846878445376,0.0798935749317677,12.516651068049462,0.193994729103523
2000-05-30,200,477,ledoit_wolf_gmv,0.25461417342824366,0.0003819212601423655,0.06270608534248862,15.947415542497858,0.15236160273423832
2000-06-28,10,504,equal_weight,0.12827415550196805,0.00019241123325295208,0.10000000000000003,9.999999999999996,0.1
2000-06-28,10,504,sample_gmv,0.12193128182169154,0.00018289692273253732,0.28171145285197613,3.549731435751904,0.44182156609008305
2000-06-28,10,504,ledoit_wolf_gmv,0.12552670416932896,0.00018829005625399344,0.27305903467590625,3.662211730832858,0.4308321548001597
2000-06-28,50,504,equal_weight,0.07365300709012237,0.00011047951063518356,0.020000000000000004,49.99999999999999,0.02
2000-06-28,50,504,sample_gmv,0.19947640770943284,0.00029921461156414927,0.10441662078136921,9.57701937217286,0.22086402956459125
2000-06-28,50,504,ledoit_wolf_gmv,0.197874692584867,0.0002968120388773005,0.09857720342791537,10.144333225391716,0.2091702233549447
2000-06-28,100,494,equal_weight,0.10625910757135852,0.0001593886613570378,0.01,100.0,0.01
2000-06-28,100,494,sample_gmv,0.13793943441421164,0.00020690915162131746,0.06135620553465248,16.29826993514494,0.11695980134744564
2000-06-28,100,494,ledoit_wolf_gmv,0.14160136952940858,0.00021240205429411287,0.0554311623203386,18.040393853207792,0.10511097543382455
2000-06-28,200,482,equal_weight,0.09775797979803572,0.00014663696969705357,0.005000000000000001,199.99999999999997,0.005
2000-06-28,200,482,sample_gmv,0.2776496469057456,0.00041647447035861844,0.06149641986988774,16.261109217671038,0.15991446893780212
2000-06-28,200,482,ledoit_wolf_gmv,0.22936074700213915,0.0003440411205032087,0.05153794676685834,19.403178875629045,0.130553672534983
2000-07-28,10,504,equal_weight,0.13079020365225677,0.00019618530547838516,0.10000000000000003,9.999999999999996,0.1
2000-07-28,10,504,sample_gmv,0.16425826388515782,0.00024638739582773673,0.2862550034722097,3.4933887193943223,0.45936390263118215
2000-07-28,10,504,ledoit_wolf_gmv,0.17000812578785862,0.00025501218868178796,0.2741435928070833,3.647723405681441,0.44623457605123373
2000-07-28,50,504,equal_weight,0.09279908206328631,0.00013919862309492946,0.020000000000000004,49.99999999999999,0.02
2000-07-28,50,504,sample_gmv,0.04784343978170985,7.176515967256478e-05,0.10408435625517609,9.607591726352924,0.22147894005769042
2000-07-28,50,504,ledoit_wolf_gmv,0.052694385927463186,7.904157889119478e-05,0.09882571567978443,10.11882376081348,0.20984085642734082
2000-07-28,100,502,equal_weight,0.10178699550926343,0.00015268049326389515,0.01,100.0,0.01
2000-07-28,100,502,sample_gmv,0.0861721741607875,0.00012925826124118126,0.05771079398743702,17.32778100779013,0.11114643835707955
2000-07-28,100,502,ledoit_wolf_gmv,0.08530780616488934,0.00012796170924733402,0.05232445203015017,19.11152360322444,0.10036792463800574
2000-07-28,200,498,equal_weight,0.10461495616325403,0.00015692243424488106,0.005000000000000001,199.99999999999997,0.005
2000-07-28,200,498,sample_gmv,0.41527281822971485,0.0006229092273445723,0.07538313347039895,13.265566897569663,0.2122328551073496
2000-07-28,200,498,ledoit_wolf_gmv,0.33766738721287853,0.0005065010808193178,0.05267491436923505,18.9843687830284,0.15232945873790996
2000-08-28,10,504,equal_weight,0.1285537968653904,0.0001928306952980856,0.10000000000000003,9.999999999999996,0.1
2000-08-28,10,504,sample_gmv,0.16054041699591684,0.00024081062549387528,0.2726921075452973,3.667139503969283,0.4366824827885397
2000-08-28,10,504,ledoit_wolf_gmv,0.16981243535510762,0.00025471865303266144,0.2609299324321713,3.8324464758750896,0.42377296900541844
2000-08-28,50,485,equal_weight,0.07397404711977022,0.00011096107067965534,0.020000000000000004,49.99999999999999,0.02
2000-08-28,50,485,sample_gmv,0.07725274954382735,0.00011587912431574103,0.09651312851761587,10.361284680741408,0.21087602696420255
2000-08-28,50,485,ledoit_wolf_gmv,0.07633500592368417,0.00011450250888552626,0.09109139351926676,10.977985530416655,0.19926814442098514
2000-08-28,100,481,equal_weight,0.08876209856298771,0.00013314314784448157,0.01,100.0,0.01
2000-08-28,100,481,sample_gmv,0.07423823059665607,0.00011135734589498411,0.056368006976525296,17.740559825300448,0.1145757479268986
2000-08-28,100,481,ledoit_wolf_gmv,0.0798124928231509,0.00011971873923472634,0.05244630199826851,19.067121263059015,0.1056441186342643
2000-08-28,200,461,equal_weight,0.08765061766693862,0.00013147592650040793,0.005000000000000001,199.99999999999997,0.005
2000-08-28,200,461,sample_gmv,0.2632242221991259,0.00039483633329868886,0.07164017779315138,13.95864765840374,0.2128498940162696
2000-08-28,200,461,ledoit_wolf_gmv,0.274856419702038,0.000412284629553057,0.0480326837013922,20.819157351622547,0.14743270880180942
2000-09-27,10,504,equal_weight,0.24431565618511186,0.0003664734842776678,0.10000000000000003,9.999999999999996,0.1
2000-09-27,10,504,sample_gmv,0.1797777605232011,0.00026966664078480163,0.2572029966365827,3.8879795845184457,0.4279098716486626
2000-09-27,10,504,ledoit_wolf_gmv,0.18946060242930043,0.00028419090364395066,0.24733053890540027,4.043172365311843,0.4152837223601602
2000-09-27,50,504,equal_weight,0.09865306925951806,0.00014797960388927709,0.020000000000000004,49.99999999999999,0.02
2000-09-27,50,504,sample_gmv,0.1531637418660166,0.00022974561279902493,0.08673006733572818,11.530026791389947,0.19538610900256612
2000-09-27,50,504,ledoit_wolf_gmv,0.15581546347512606,0.0002337231952126891,0.08104631895508761,12.338623306928437,0.18283159485318032
2000-09-27,100,504,equal_weight,0.12969985162785017,0.00019454977744177526,0.01,100.0,0.01
2000-09-27,100,504,sample_gmv,0.39506267846858206,0.0005925940177028731,0.06367407879982996,15.704977894437484,0.17417304281359217
2000-09-27,100,504,ledoit_wolf_gmv,0.3704120520483603,0.0005556180780725404,0.0559911679248457,17.85995965189104,0.1517940088789364
2000-09-27,200,504,equal_weight,0.08147809256106245,0.00012221713884159367,0.005000000000000001,199.99999999999997,0.005
2000-09-27,200,504,sample_gmv,0.20117101504054546,0.0003017565225608182,0.05888221505394772,16.983056752939792,0.18198331456047848
2000-09-27,200,504,ledoit_wolf_gmv,0.19887041012878792,0.0002983056151931819,0.040704099245269104,24.567550161823725,0.129057590580089
2000-10-26,10,504,equal_weight,0.21166202640977333,0.00031749303961466,0.10000000000000003,9.999999999999996,0.1
2000-10-26,10,504,sample_gmv,0.1938939847201559,0.00029084097708023383,0.22575293237858385,4.429621309737926,0.38860606212095894
2000-10-26,10,504,ledoit_wolf_gmv,0.19800843204594878,0.00029701264806892316,0.21479153131086692,4.655677036692401,0.37566975633738825
2000-10-26,50,504,equal_weight,0.07382908986826675,0.00011074363480240013,0.020000000000000004,49.99999999999999,0.02
2000-10-26,50,504,sample_gmv,0.08845865889623356,0.00013268798834435033,0.0871364702233509,11.476250959406194,0.20030994604490138
2000-10-26,50,504,ledoit_wolf_gmv,0.08751133584211208,0.00013126700376316812,0.0808138257961944,12.374120271473288,0.18623361324505983
2000-10-26,100,489,equal_weight,0.08539443802415639,0.00012809165703623457,0.01,100.0,0.01
2000-10-26,100,489,sample_gmv,0.1510490794590389,0.00022657361918855835,0.056515041730012996,17.694404345966145,0.1372710223871397
2000-10-26,100,489,ledoit_wolf_gmv,0.15075996356972138,0.00022613994535458206,0.050040071563836934,19.98398421002024,0.11971587424187698
2000-10-26,200,478,equal_weight,0.10715701647976651,0.00016073552471964977,0.005000000000000001,199.99999999999997,0.005
2000-10-26,200,478,sample_gmv,0.21866036306237888,0.00032799054459356833,0.05503911981670889,18.168895202724844,0.1668042536720925
2000-10-26,200,478,ledoit_wolf_gmv,0.2456978611458976,0.0003685467917188464,0.03799808016363128,26.317119067429097,0.1137954959482272
2000-11-27,10,504,equal_weight,0.03110810701852415,4.666216052778623e-05,0.10000000000000003,9.999999999999996,0.1
2000-11-27,10,504,sample_gmv,0.0398899994794277,5.9834999219141555e-05,0.2229669144255425,4.484970348970496,0.3920946596542448
2000-11-27,10,504,ledoit_wolf_gmv,0.03988390800578917,5.982586200868376e-05,0.2122538865556195,4.711338935779429,0.3788599923413615
2000-11-27,50,504,equal_weight,0.0555423882352903,8.331358235293545e-05,0.020000000000000004,49.99999999999999,0.02
2000-11-27,50,504,sample_gmv,0.056032679235071145,8.404901885260673e-05,0.08941636874125583,11.183634652998494,0.20197749191154857
2000-11-27,50,504,ledoit_wolf_gmv,0.054853376349524155,8.228006452428623e-05,0.08296156431586123,12.053774639454483,0.18789652273811533
2000-11-27,100,504,equal_weight,0.10993081116300119,0.00016489621674450178,0.01,100.0,0.01
2000-11-27,100,504,sample_gmv,0.16171848570796998,0.000242577728561955,0.05694806425934739,17.55985937372509,0.13888118012068296
2000-11-27,100,504,ledoit_wolf_gmv,0.15732659212226113,0.0002359898881833917,0.049470628906575796,20.2140142970181,0.1204478917673405
2000-11-27,200,497,equal_weight,0.09383704252365535,0.00014075556378548304,0.005000000000000001,199.99999999999997,0.005
2000-11-27,200,497,sample_gmv,0.25673037378584473,0.0003850955606787671,0.05152811353070743,19.406881631792412,0.13368979343834483
2000-11-27,200,497,ledoit_wolf_gmv,0.23528128914588778,0.00035292193371883165,0.038053489630347465,26.278798862181226,0.09489465912596357
2000-12-27,10,504,equal_weight,0.06965635838889164,0.00010448453758333746,0.10000000000000003,9.999999999999996,0.1
2000-12-27,10,504,sample_gmv,0.0367857391055145,5.5178608658271746e-05,0.21725270996659343,4.602934527968688,0.37976313117218485
2000-12-27,10,504,ledoit_wolf_gmv,0.03952219496789631,5.928329245184446e-05,0.2058009618737828,4.859063781311661,0.36636891817112405
2000-12-27,50,504,equal_weight,0.104689471814072,0.000157034207721108,0.020000000000000004,49.99999999999999,0.02
2000-12-27,50,504,sample_gmv,0.27755646625283636,0.00041633469937925457,0.07316185601375134,13.6683246501024,0.15914103992257025
2000-12-27,50,504,ledoit_wolf_gmv,0.2549305443987578,0.0003823958165981367,0.06819800323117554,14.663185908980795,0.142537525083594
2000-12-27,100,504,equal_weight,0.1070048872246335,0.00016050733083695026,0.01,100.0,0.01
2000-12-27,100,504,sample_gmv,0.10251582274813195,0.00015377373412219793,0.05548070133366932,18.024285489576798,0.127565875955145
2000-12-27,100,504,ledoit_wolf_gmv,0.09759770966769583,0.00014639656450154376,0.04792583262462259,20.865573851005678,0.11120146822471494
2000-12-27,200,504,equal_weight,0.10322539492743506,0.0001548380923911526,0.005000000000000001,199.99999999999997,0.005
2000-12-27,200,504,sample_gmv,0.1289599085874327,0.00019343986288114905,0.05145323446037665,19.435124156676384,0.1300411480344145
2000-12-27,200,504,ledoit_wolf_gmv,0.13992061981079862,0.00020988092971619793,0.03957112185123625,25.270953999216953,0.09725378855815445
2001-01-29,10,504,equal_weight,0.14098648564709215,0.00021147972847063824,0.10000000000000003,9.999999999999996,0.1
2001-01-29,10,504,sample_gmv,0.20058037483138352,0.0003008705622470753,0.23372973349316528,4.2784458145511985,0.4075443595658116
2001-01-29,10,504,ledoit_wolf_gmv,0.19561536013228736,0.0002934230401984311,0.22125791110000345,4.519612406301817,0.3914910560828873
2001-01-29,50,504,equal_weight,0.08927152969938809,0.00013390729454908215,0.020000000000000004,49.99999999999999,0.02
2001-01-29,50,504,sample_gmv,0.30496395250659186,0.0004574459287598878,0.08958315301216933,11.162813167160527,0.19939566510857176
2001-01-29,50,504,ledoit_wolf_gmv,0.2756249483151005,0.00041343742247265073,0.0821212709856222,12.17711304267417,0.18396289753314435
2001-01-29,100,504,equal_weight,0.10087553563804091,0.00015131330345706138,0.01,100.0,0.01
2001-01-29,100,504,sample_gmv,0.15657938019534295,0.00023486907029301443,0.04890324402566402,20.448541194428905,0.10759605278095169
2001-01-29,100,504,ledoit_wolf_gmv,0.15503605285628672,0.0002325540792844301,0.04305636157676035,23.225371661216947,0.09153805875535272
2001-01-29,200,504,equal_weight,0.09964650225554926,0.00014946975338332388,0.005000000000000001,199.99999999999997,0.005
2001-01-29,200,504,sample_gmv,0.22512710546400863,0.00033769065819601297,0.04857515675561405,20.58665512972175,0.14165530404239368
2001-01-29,200,504,ledoit_wolf_gmv,0.20214037501403553,0.00030321056252105333,0.03660475581416449,27.318854552037262,0.10386625071287471
2001-02-28,10,504,equal_weight,0.12234708172197607,0.0001835206225829641,0.10000000000000003,9.999999999999996,0.1
2001-02-28,10,504,sample_gmv,0.20040049664501483,0.00030060074496752223,0.20857381736200015,4.79446563642455,0.37325665048879497
2001-02-28,10,504,ledoit_wolf_gmv,0.19587316323602727,0.00029380974485404093,0.19613648026670863,5.098490595121257,0.3570324246815468
2001-02-28,50,501,equal_weight,0.08609909486337637,0.00012914864229506456,0.020000000000000004,49.99999999999999,0.02
2001-02-28,50,501,sample_gmv,0.27728508230767557,0.00041592762346151334,0.07003204871297389,14.279176725194725,0.15098545679571906
2001-02-28,50,501,ledoit_wolf_gmv,0.24936094061090283,0.00037404141091635425,0.06554090455895493,15.257647216334746,0.1353266596408249
2001-02-28,100,492,equal_weight,0.11068446046341898,0.00016602669069512848,0.01,100.0,0.01
2001-02-28,100,492,sample_gmv,0.18784666336389894,0.0002817699950458484,0.046538613204499694,21.487533279210663,0.10550790714877949
2001-02-28,100,492,ledoit_wolf_gmv,0.18287577192443535,0.000274313657886653,0.040773161020447514,24.525937527838607,0.08739766547433275
2001-02-28,200,492,equal_weight,0.09808126846121784,0.00014712190269182675,0.005000000000000001,199.99999999999997,0.005
2001-02-28,200,492,sample_gmv,0.18893053747090488,0.00028339580620635735,0.04238787687157431,23.591651052251898,0.10964940843401794
2001-02-28,200,492,ledoit_wolf_gmv,0.1665302031661442,0.0002497953047492163,0.03317698395605644,30.141377568392574,0.07936645765237302
2001-03-29,10,504,equal_weight,0.01394421723522108,2.091632585283162e-05,0.10000000000000003,9.999999999999996,0.1
2001-03-29,10,504,sample_gmv,0.02937429351322674,4.4061440269840113e-05,0.21587662437664096,4.632275508696557,0.38682425339759013
2001-03-29,10,504,ledoit_wolf_gmv,0.026530615118198084,3.979592267729713e-05,0.2028261732170165,4.9303301646875575,0.36991697117689093
2001-03-29,50,480,equal_weight,0.05520092061893216,8.280138092839825e-05,0.020000000000000004,49.99999999999999,0.02
2001-03-29,50,480,sample_gmv,0.10482778005990359,0.0001572416700898554,0.07091750557733595,14.100890772441145,0.14781509841661053
2001-03-29,50,480,ledoit_wolf_gmv,0.09731822757930977,0.00014597734136896466,0.06643688339559226,15.051880053517754,0.13495386103685056
2001-03-29,100,456,equal_weight,0.07820360129544143,0.00011730540194316215,0.01,100.0,0.01
2001-03-29,100,456,sample_gmv,0.1163502677181529,0.00017452540157722937,0.05072777156935762,19.71306779428993,0.1262638411095414
2001-03-29,100,456,ledoit_wolf_gmv,0.10569304535826984,0.00015853956803740476,0.04198699019823463,23.816901265812703,0.1000093702839295
2001-03-29,200,456,equal_weight,0.0794325407652248,0.00011914881114783719,0.005000000000000001,199.99999999999997,0.005
2001-03-29,200,456,sample_gmv,0.15103577386482736,0.00022655366079724103,0.043309383430791895,23.089684516012408,0.10630987145674133
2001-03-29,200,456,ledoit_wolf_gmv,0.13671924465231422,0.00020507886697847133,0.03448032615433644,29.00204584852033,0.08394696071623002
2001-04-30,10,504,equal_weight,0.11727892841711786,0.0001759183926256768,0.10000000000000003,9.999999999999996,0.1
2001-04-30,10,504,sample_gmv,0.26623565652242076,0.0003993534847836311,0.21294615232521444,4.696022863436319,0.3810590841034932
2001-04-30,10,504,ledoit_wolf_gmv,0.2597944705127592,0.00038969170576913883,0.2018452967654895,4.95428932962373,0.36415947464542614
2001-04-30,50,504,equal_weight,0.07086091116810872,0.00010629136675216308,0.020000000000000004,49.99999999999999,0.02
2001-04-30,50,504,sample_gmv,0.19396216229450422,0.00029094324344175633,0.08213915432582952,12.174461841099568,0.1939415223015796
2001-04-30,50,504,ledoit_wolf_gmv,0.17435763517796146,0.0002615364527669422,0.0738852198209055,13.534506663497188,0.16980990652879174
2001-04-30,100,501,equal_weight,0.04854065712292788,7.281098568439182e-05,0.01,100.0,0.01
2001-04-30,100,501,sample_gmv,0.1517340753244663,0.00022760111298669947,0.05564017738742957,17.97262422506086,0.1461867595011228
2001-04-30,100,501,ledoit_wolf_gmv,0.14728302121346257,0.00022092453182019387,0.04734616155418053,21.121036366499343,0.12107127285912603
2001-04-30,200,478,equal_weight,0.0900328556186673,0.00013504928342800097,0.005000000000000001,199.99999999999997,0.005
2001-04-30,200,478,sample_gmv,0.21613753161569266,0.000324206297423539,0.04512145016145294,22.16240826528877,0.1236700564288947
2001-04-30,200,478,ledoit_wolf_gmv,0.19772083031361448,0.00029658124547042174,0.03641485249365485,27.461322277063903,0.0982914230285802
2001-05-30,10,504,equal_weight,0.01167859926685811,1.7517898900287164e-05,0.10000000000000003,9.999999999999996,0.1
2001-05-30,10,504,sample_gmv,0.03656728083691094,5.4850921255366404e-05,0.21274749838132326,4.700407796135987,0.38740384317563936
2001-05-30,10,504,ledoit_wolf_gmv,0.03411959377961074,5.1179390669416114e-05,0.20057002166087645,4.985789958634989,0.3685562723126464
2001-05-30,50,504,equal_weight,0.024757567444358468,3.71363511665377e-05,0.020000000000000004,49.99999999999999,0.02
2001-05-30,50,504,sample_gmv,0.05182825828466664,7.774238742699996e-05,0.07927427166359391,12.614433144760662,0.18578178266709577
2001-05-30,50,504,ledoit_wolf_gmv,0.04838565076990188,7.257847615485282e-05,0.07232590326399513,13.826305028641299,0.16407315131191347
2001-05-30,100,504,equal_weight,0.046097504356017546,6.914625653402633e-05,0.01,100.0,0.01
2001-05-30,100,504,sample_gmv,0.1098312403532074,0.0001647468605298111,0.05371759601174131,18.615874019779763,0.14340551583359645
2001-05-30,100,504,ledoit_wolf_gmv,0.10987403066034715,0.00016481104599052072,0.04494165935616482,22.251069816424703,0.11450797995121934
2001-05-30,200,485,equal_weight,0.0666941063712509,0.00010004115955687634,0.005000000000000001,199.99999999999997,0.005
2001-05-30,200,485,sample_gmv,0.19684739966650233,0.0002952710994997535,0.050295195274858526,19.882614920472896,0.1237802578890111
2001-05-30,200,485,ledoit_wolf_gmv,0.1755343333109598,0.0002633014999664397,0.039267806775675304,25.466153628408307,0.09659002024199809
2001-06-28,10,504,equal_weight,0.01223217999892004,1.834826999838006e-05,0.10000000000000003,9.999999999999996,0.1
2001-06-28,10,504,sample_gmv,0.020686381023093992,3.102957153464099e-05,0.21235347811477956,4.709129367118198,0.3857682860469102
2001-06-28,10,504,ledoit_wolf_gmv,0.020436170785082773,3.065425617762416e-05,0.19941466496376223,5.0146763287530565,0.36603801827079363
2001-06-28,50,504,equal_weight,0.04787959169288251,7.181938753932376e-05,0.020000000000000004,49.99999999999999,0.02
2001-06-28,50,504,sample_gmv,0.04762481146651836,7.143721719977755e-05,0.0791467502202221,12.63475755122664,0.18528118505817226
2001-06-28,50,504,ledoit_wolf_gmv,0.04731163982259193,7.09674597338879e-05,0.07176043155444414,13.93525621764561,0.1630058276708145
2001-06-28,100,490,equal_weight,0.05462221157365924,8.193331736048887e-05,0.01,100.0,0.01
2001-06-28,100,490,sample_gmv,0.11222320875171837,0.00016833481312757755,0.05600564524347817,17.855342897177845,0.14924361051537785
2001-06-28,100,490,ledoit_wolf_gmv,0.10743481371893564,0.00016115222057840346,0.046896274688330915,21.323655378725157,0.12059323359356175
2001-06-28,200,490,equal_weight,0.06548593356815774,9.822890035223661e-05,0.005000000000000001,199.99999999999997,0.005
2001-06-28,200,490,sample_gmv,0.08068880567540163,0.00012103320851310245,0.05424374763710034,18.435304409462372,0.14201744656513635
2001-06-28,200,490,ledoit_wolf_gmv,0.07444411737106787,0.00011166617605660182,0.04140689529954753,24.150567019472415,0.109571207293929
2001-07-30,10,504,equal_weight,0.025556537498645088,3.8334806247967636e-05,0.10000000000000003,9.999999999999996,0.1
2001-07-30,10,504,sample_gmv,0.039266197719609854,5.889929657941478e-05,0.21129080168553402,4.732813695734417,0.3805629921190386
2001-07-30,10,504,ledoit_wolf_gmv,0.036598510438896614,5.4897765658344926e-05,0.1988346204503183,5.029305247422264,0.36152234796171706
2001-07-30,50,504,equal_weight,0.06414366395963042,9.621549593944564e-05,0.020000000000000004,49.99999999999999,0.02
2001-07-30,50,504,sample_gmv,0.06850968676243852,0.00010276453014365778,0.08472020212493787,11.80356012991197,0.1955136079917855
2001-07-30,50,504,ledoit_wolf_gmv,0.06366472757317417,9.549709135976125e-05,0.07573560031545172,13.20383011205865,0.17019572133192695
2001-07-30,100,492,equal_weight,0.05532669331272172,8.299003996908259e-05,0.01,100.0,0.01
2001-07-30,100,492,sample_gmv,0.0885901809843204,0.0001328852714764806,0.056265677631380344,17.772824252671626,0.15193781531904
2001-07-30,100,492,ledoit_wolf_gmv,0.08446247721650231,0.00012669371582475346,0.04721393225620863,21.180188817433226,0.12155055857176217
2001-07-30,200,492,equal_weight,0.06718825803206921,0.00010078238704810381,0.005000000000000001,199.99999999999997,0.005
2001-07-30,200,492,sample_gmv,0.41442183202121974,0.0006216327480318296,0.1514095504506039,6.604603190643788,0.3550511760037505
2001-07-30,200,492,ledoit_wolf_gmv,0.3130820111140252,0.00046962301667103783,0.0950570904577378,10.519993776209656,0.26588399122317075
2001-08-28,10,504,equal_weight,0.01639456330004662,2.4591844950069932e-05,0.10000000000000003,9.999999999999996,0.1
2001-08-28,10,504,sample_gmv,0.02613010876617192,3.9195163149257884e-05,0.2083856602082029,4.7987946915391255,0.3703749492366025
2001-08-28,10,504,ledoit_wolf_gmv,0.025916221601008618,3.8874332401512925e-05,0.19652085904514963,5.088518363184313,0.352230390097876
2001-08-28,50,504,equal_weight,0.06384698432345953,9.57704764851893e-05,0.020000000000000004,49.99999999999999,0.02
2001-08-28,50,504,sample_gmv,0.07371985413622623,0.00011057978120433934,0.0863880394298779,11.575676524198824,0.19984724589829292
2001-08-28,50,504,ledoit_wolf_gmv,0.07467287695698716,0.00011200931543548073,0.07655467895980836,13.062558861033246,0.1737977711579761
2001-08-28,100,504,equal_weight,0.04426558697437526,6.639838046156289e-05,0.01,100.0,0.01
2001-08-28,100,504,sample_gmv,0.10898248946260589,0.00016347373419390882,0.05537675431317289,18.05811865290419,0.14599112489508234
2001-08-28,100,504,ledoit_wolf_gmv,0.10253417390010194,0.0001538012608501529,0.046557485790786814,21.478823072484047,0.11803057148038484
2001-08-28,200,487,equal_weight,0.05977072769577915,8.965609154366873e-05,0.005000000000000001,199.99999999999997,0.005
2001-08-28,200,487,sample_gmv,0.06074163773525253,9.111245660287879e-05,0.1533198261871983,6.5223136815915375,0.3588299140533103
2001-08-28,200,487,ledoit_wolf_gmv,0.06529232702711249,9.793849054066874e-05,0.09470912277401229,10.558644940531483,0.2671976852966285
2001-10-02,10,504,equal_weight,0.21085374673290336,0.00031628062009935506,0.10000000000000003,9.999999999999996,0.1
2001-10-02,10,504,sample_gmv,0.3704741616295386,0.000555711242444308,0.18532821619290452,5.395832434706648,0.29782489962988506
2001-10-02,10,504,ledoit_wolf_gmv,0.35669848700069867,0.000535047730501048,0.17178785708305616,5.82113321034396,0.28272306913798323
2001-10-02,50,504,equal_weight,0.12203653187933869,0.00018305479781900803,0.020000000000000004,49.99999999999999,0.02
2001-10-02,50,504,sample_gmv,0.14983573525573174,0.00022475360288359763,0.0966827521391408,10.34310647840115,0.22770324955175034
2001-10-02,50,504,ledoit_wolf_gmv,0.13895120006640815,0.00020842680009961224,0.08064686637572989,12.399737831610814,0.19243286501298823
2001-10-02,100,504,equal_weight,0.09208440053367092,0.00013812660080050638,0.01,100.0,0.01
2001-10-02,100,504,sample_gmv,0.09611553914850883,0.00014417330872276325,0.0622176016533767,16.07262211055877,0.1586089239960117
2001-10-02,100,504,ledoit_wolf_gmv,0.11353477565816432,0.00017030216348724647,0.05304273085062527,18.85272466110617,0.13478897650891342
2001-10-02,200,493,equal_weight,0.11492310618210919,0.0001723846592731638,0.005000000000000001,199.99999999999997,0.005
2001-10-02,200,493,sample_gmv,0.16632182441851034,0.00024948273662776555,0.14361185585574276,6.9632134063116204,0.3479680720389596
2001-10-02,200,493,ledoit_wolf_gmv,0.17533757946259523,0.00026300636919389283,0.08579119643896206,11.656207647266825,0.25164374639941084
2001-10-31,10,504,equal_weight,0.11624169851852277,0.00017436254777778416,0.10000000000000003,9.999999999999996,0.1
2001-10-31,10,504,sample_gmv,0.10235129001045512,0.00015352693501568268,0.19572398552213235,5.109235831941102,0.2929430355701988
2001-10-31,10,504,ledoit_wolf_gmv,0.11079802138007379,0.00016619703207011068,0.1856723756591456,5.385830802508738,0.2821239806010858
2001-10-31,50,504,equal_weight,0.08937583388845097,0.00013406375083267646,0.020000000000000004,49.99999999999999,0.02
2001-10-31,50,504,sample_gmv,0.16211039738359667,0.000243165596075395,0.08148058517638511,12.272862275537785,0.17633465939981655
2001-10-31,50,504,ledoit_wolf_gmv,0.16464923886689295,0.00024697385830033943,0.06998934111794178,14.28788989904707,0.1439114513690921
2001-10-31,100,489,equal_weight,0.06403817758171593,9.605726637257389e-05,0.01,100.0,0.01
2001-10-31,100,489,sample_gmv,0.1631419545270583,0.00024471293179058746,0.054538670846219314,18.33561369362417,0.11648670700106004
2001-10-31,100,489,ledoit_wolf_gmv,0.16060517928832752,0.00024090776893249128,0.048997981298136956,20.40900407539898,0.10298805938991004
2001-10-31,200,472,equal_weight,0.09169961122427425,0.00013754941683641138,0.005000000000000001,199.99999999999997,0.005
2001-10-31,200,472,sample_gmv,0.17531699969445835,0.0002629754995416875,0.12185665186591968,8.206363663268148,0.3152936534594297
2001-10-31,200,472,ledoit_wolf_gmv,0.20362904681233832,0.00030544357021850747,0.07552921255230777,13.23991031029815,0.22931913940987192
2001-11-30,10,504,equal_weight,0.031023819379826845,4.653572906974027e-05,0.10000000000000003,9.999999999999996,0.1
2001-11-30,10,504,sample_gmv,0.03539885103825938,5.309827655738907e-05,0.19427487214094946,5.1473460719844635,0.2886480244611982
2001-11-30,10,504,ledoit_wolf_gmv,0.03360488323993868,5.0407324859908024e-05,0.1846839638761547,5.414655279277953,0.2785553121279563
2001-11-30,50,504,equal_weight,0.06778505201950356,0.00010167757802925534,0.020000000000000004,49.99999999999999,0.02
2001-11-30,50,504,sample_gmv,0.14005937121706055,0.00021008905682559084,0.09711789005677127,10.296764060827924,0.2162275880708301
2001-11-30,50,504,ledoit_wolf_gmv,0.14467277451282742,0.00021700916176924115,0.08310058267650548,12.033609967487314,0.18495434508239916
2001-11-30,100,497,equal_weight,0.04903017078422381,7.354525617633572e-05,0.01,100.0,0.01
2001-11-30,100,497,sample_gmv,0.10648326045669444,0.00015972489068504168,0.060056227961966774,16.651062411600236,0.12783295854594917
2001-11-30,100,497,ledoit_wolf_gmv,0.11198506931824112,0.00016797760397736168,0.05056996188911442,19.774584805753193,0.1023092151308539
2001-11-30,200,496,equal_weight,0.08853347937584125,0.00013280021906376187,0.005000000000000001,199.99999999999997,0.005
2001-11-30,200,496,sample_gmv,0.1629275372175415,0.00024439130582631224,0.11706303432392424,8.542406283719824,0.3050466074264601
2001-11-30,200,496,ledoit_wolf_gmv,0.16056723193115774,0.0002408508478967366,0.07953312311461719,12.573377742992372,0.235668558252605
2002-01-02,10,504,equal_weight,0.018186190279723242,2.7279285419584866e-05,0.10000000000000003,9.999999999999996,0.1
2002-01-02,10,504,sample_gmv,0.026441102037041232,3.966165305556185e-05,0.19876356642335663,5.03110312415128,0.2876632089333056
2002-01-02,10,504,ledoit_wolf_gmv,0.028004724288224127,4.200708643233619e-05,0.18931913649071036,5.282086209225176,0.27812977266417904
2002-01-02,50,504,equal_weight,0.05919678309960666,8.879517464940998e-05,0.020000000000000004,49.99999999999999,0.02
2002-01-02,50,504,sample_gmv,0.05591607759184056,8.387411638776084e-05,0.09713917215062533,10.294508156291329,0.22218406639857885
2002-01-02,50,504,ledoit_wolf_gmv,0.06274160403391288,9.411240605086932e-05,0.08541969386624651,11.70690217604665,0.1969538447148082
2002-01-02,100,504,equal_weight,0.04498603343232559,6.747905014848838e-05,0.01,100.0,0.01
2002-01-02,100,504,sample_gmv,0.11600580944495431,0.00017400871416743148,0.05856012696072933,17.076465709690215,0.1380353817954771
2002-01-02,100,504,ledoit_wolf_gmv,0.11566096250564566,0.00017349144375846848,0.05211992665486502,19.186519709092053,0.11921069419879723
2002-01-02,200,481,equal_weight,0.03925866200571107,5.8887993008566603e-05,0.005000000000000001,199.99999999999997,0.005
2002-01-02,200,481,sample_gmv,0.14333656464527,0.00021500484696790502,0.12364174826450836,8.087883049507576,0.3095484194439915
2002-01-02,200,481,ledoit_wolf_gmv,0.13068115513844897,0.00019602173270767345,0.08291388305919949,12.060706399265035,0.23860900050064535
2002-02-01,10,504,equal_weight,0.027027713848193455,4.054157077229018e-05,0.10000000000000003,9.999999999999996,0.1
2002-02-01,10,504,sample_gmv,0.031151782718147024,4.672767407722054e-05,0.20128451061299943,4.968092164442075,0.2940766565618439
2002-02-01,10,504,ledoit_wolf_gmv,0.03058075440624867,4.5871131609373005e-05,0.19189438599895525,5.211199873275315,0.2819508450894733
2002-02-01,50,504,equal_weight,0.05001088759285682,7.501633138928524e-05,0.020000000000000004,49.99999999999999,0.02
2002-02-01,50,504,sample_gmv,0.09026919850836479,0.0001354037977625472,0.1008628602894181,9.914452129659798,0.220912976772158
2002-02-01,50,504,ledoit_wolf_gmv,0.08628491440567057,0.00012942737160850587,0.08752649576960889,11.425111804227193,0.19549861982917666
2002-02-01,100,503,equal_weight,0.06580303178841647,9.870454768262471e-05,0.01,100.0,0.01
2002-02-01,100,503,sample_gmv,0.16823040920696866,0.000252345613810453,0.06065669418138041,16.48622651623119,0.133525021824904
2002-02-01,100,503,ledoit_wolf_gmv,0.16621494144665114,0.0002493224121699767,0.053561036182920296,18.670288539318495,0.11604037007427209
2002-02-01,200,495,equal_weight,0.0613701709622477,9.205525644337156e-05,0.005000000000000001,199.99999999999997,0.005
2002-02-01,200,495,sample_gmv,0.18205785770628763,0.00027308678655943143,0.11879643600695197,8.41776094984432,0.3009878182430663
2002-02-01,200,495,ledoit_wolf_gmv,0.1892957811277487,0.00028394367169162305,0.08247231774355258,12.125280668229756,0.23450254545635632
2002-03-05,10,504,equal_weight,0.021757275408884856,3.263591311332728e-05,0.10000000000000003,9.999999999999996,0.1
2002-03-05,10,504,sample_gmv,0.02265550845685894,3.3983262685288414e-05,0.21151525186889808,4.727791453165858,0.30073702442042155
2002-03-05,10,504,ledoit_wolf_gmv,0.02099119766918315,3.148679650377472e-05,0.20047965165298107,4.988037398084387,0.2877688155855317
2002-03-05,50,504,equal_weight,0.04624862709633296,6.937294064449945e-05,0.020000000000000004,49.99999999999999,0.02
2002-03-05,50,504,sample_gmv,0.15120023421457965,0.00022680035132186947,0.10922902320820933,9.155075918731121,0.24010594583689263
2002-03-05,50,504,ledoit_wolf_gmv,0.15616874255893654,0.00023425311383840482,0.09553931473194033,10.466895254647289,0.21414760704104446
2002-03-05,100,504,equal_weight,0.06516966164668878,9.775449247003316e-05,0.01,100.0,0.01
2002-03-05,100,504,sample_gmv,0.220164486573879,0.0003302467298608185,0.07552530872981453,13.240594667112402,0.1721728902443841
2002-03-05,100,504,ledoit_wolf_gmv,0.20308495321916928,0.00030462742982875394,0.0628942071433866,15.899715497171208,0.14364197081578303
2002-03-05,200,503,equal_weight,0.06058261900888448,9.087392851332673e-05,0.005000000000000001,199.99999999999997,0.005
2002-03-05,200,503,sample_gmv,0.1978147072766807,0.0002967220609150211,0.1313018512368909,7.616038849260623,0.31929626407004874
2002-03-05,200,503,ledoit_wolf_gmv,0.2076249382305623,0.00031143740734584344,0.09089745805690708,11.00140775525254,0.2515150972971134
2002-04-04,10,504,equal_weight,0.02092693222675674,3.139039834013511e-05,0.10000000000000003,9.999999999999996,0.1
2002-04-04,10,504,sample_gmv,0.0534175129568667,8.012626943530005e-05,0.21998772336293768,4.545708209135794,0.3321345738908781
2002-04-04,10,504,ledoit_wolf_gmv,0.04967452858802274,7.451179288203411e-05,0.20696189330706996,4.831807363282559,0.3152641637746352
2002-04-04,50,504,equal_weight,0.02470474966259656,3.705712449389484e-05,0.020000000000000004,49.99999999999999,0.02
2002-04-04,50,504,sample_gmv,0.1265593530946911,0.00018983902964203665,0.1005614806468732,9.944165435586129,0.19966056988650058
2002-04-04,50,504,ledoit_wolf_gmv,0.1304317978973224,0.0001956476968459836,0.09162268702671868,10.914327362047171,0.1867427414811182
2002-04-04,100,483,equal_weight,0.06982798372447215,0.00010474197558670823,0.01,100.0,0.01
2002-04-04,100,483,sample_gmv,0.2728593358401506,0.0004092890037602259,0.06757533681106827,14.798298420559385,0.1287330950426444
2002-04-04,100,483,ledoit_wolf_gmv,0.2691952145834702,0.00040379282187520525,0.057464449415698005,17.402063539598142,0.11164025240816737
2002-04-04,200,482,equal_weight,0.05404717670477624,8.107076505716436e-05,0.005000000000000001,199.99999999999997,0.005
2002-04-04,200,482,sample_gmv,0.24095516405521106,0.0003614327460828166,0.08311292440579873,12.031823054588976,0.22990312236011218
2002-04-04,200,482,ledoit_wolf_gmv,0.24726540746116624,0.00037089811119174937,0.06173493400400559,16.19828410175536,0.1821032706650527
2002-05-03,10,504,equal_weight,0.020103248764029885,3.015487314604483e-05,0.10000000000000003,9.999999999999996,0.1
2002-05-03,10,504,sample_gmv,0.057708231843441954,8.656234776516293e-05,0.2174740972154195,4.598248769872798,0.3329327325028439
2002-05-03,10,504,ledoit_wolf_gmv,0.05465955371230621,8.198933056845931e-05,0.20567182810199464,4.8621146086380405,0.31628510130356524
2002-05-03,50,504,equal_weight,0.06127682016194101,9.191523024291152e-05,0.020000000000000004,49.99999999999999,0.02
2002-05-03,50,504,sample_gmv,0.09258053366841534,0.00013887080050262301,0.09735305896752679,10.271890894908205,0.18485978266132805
2002-05-03,50,504,ledoit_wolf_gmv,0.09572750569476295,0.00014359125854214441,0.08923992582476441,11.205746651601276,0.17331681334131765
2002-05-03,100,504,equal_weight,0.06472558598460673,9.70883789769101e-05,0.01,100.0,0.01
2002-05-03,100,504,sample_gmv,0.07560979077242733,0.000113414686158641,0.06776431991979781,14.757028494988896,0.12771907511193908
2002-05-03,100,504,ledoit_wolf_gmv,0.07282787762250942,0.00010924181643376413,0.05801584485708841,17.23667047275309,0.11641448261957656
2002-05-03,200,503,equal_weight,0.06519087051928592,9.778630577892887e-05,0.005000000000000001,199.99999999999997,0.005
2002-05-03,200,503,sample_gmv,0.09053260805469004,0.00013579891208203508,0.08047122376484281,12.426802442103428,0.22167903635513125
2002-05-03,200,503,ledoit_wolf_gmv,0.09273121638099097,0.00013909682457148646,0.06080878938997618,16.44499109473871,0.17697349809516724
2002-06-04,10,504,equal_weight,0.1084304035508439,0.00016264560532626586,0.10000000000000003,9.999999999999996,0.1
2002-06-04,10,504,sample_gmv,0.1662073271982037,0.00024931099079730557,0.1941955790826653,5.149447812992279,0.30873395445729057
2002-06-04,10,504,ledoit_wolf_gmv,0.16839254727545191,0.00025258882091317786,0.18494021398510113,5.407152822265905,0.293363332983422
2002-06-04,50,504,equal_weight,0.05808852636829975,8.713278955244963e-05,0.020000000000000004,49.99999999999999,0.02
2002-06-04,50,504,sample_gmv,0.07505111679736806,0.00011257667519605209,0.09889694995567463,10.111535294548492,0.17937672781598527
2002-06-04,50,504,ledoit_wolf_gmv,0.08442107250897243,0.00012663160876345866,0.09154340094106338,10.92378030223949,0.1688864076507862
2002-06-04,100,504,equal_weight,0.024720947405829894,3.708142110874484e-05,0.01,100.0,0.01
2002-06-04,100,504,sample_gmv,0.05216625635591989,7.824938453387984e-05,0.06892812361022344,14.507866276105618,0.13232723220005144
2002-06-04,100,504,ledoit_wolf_gmv,0.0527305588524981,7.909583827874715e-05,0.059626592974806714,16.77104040511786,0.12066235373208307
2002-06-04,200,503,equal_weight,0.04696079507902033,7.04411926185305e-05,0.005000000000000001,199.99999999999997,0.005
2002-06-04,200,503,sample_gmv,0.16137459275997718,0.00024206188913996577,0.070344686502276,14.215714785617035,0.19500826027965554
2002-06-04,200,503,ledoit_wolf_gmv,0.1626005327141981,0.00024390079907129716,0.05486496282915829,18.22656844066145,0.1560880575509329
2002-07-03,10,504,equal_weight,0.11548802657210214,0.0001732320398581532,0.10000000000000003,9.999999999999996,0.1
2002-07-03,10,504,sample_gmv,0.09379197976250668,0.00014068796964376002,0.20591648698478465,4.856337705848152,0.3281323123851783
2002-07-03,10,504,ledoit_wolf_gmv,0.08934161218858554,0.0001340124182828783,0.19337570126237547,5.171280535620051,0.3089174955827298
2002-07-03,50,504,equal_weight,0.06051460260456605,9.077190390684907e-05,0.020000000000000004,49.99999999999999,0.02
2002-07-03,50,504,sample_gmv,0.10559801674529994,0.0001583970251179499,0.09826403440274348,10.176663375141054,0.165732914963484
2002-07-03,50,504,ledoit_wolf_gmv,0.10529845182045514,0.00015794767773068272,0.09176906177384246,10.896918641975661,0.15785056869687722
2002-07-03,100,504,equal_weight,0.07170147953446149,0.00010755221930169223,0.01,100.0,0.01
2002-07-03,100,504,sample_gmv,0.2803735696920373,0.000420560354538056,0.07719386083458685,12.954398046534138,0.14827591594999467
2002-07-03,100,504,ledoit_wolf_gmv,0.2788029477557261,0.0004182044216335892,0.069807202603721,14.325169362204123,0.13684772024037797
2002-07-03,200,490,equal_weight,0.08290123478279682,0.00012435185217419523,0.005000000000000001,199.99999999999997,0.005
2002-07-03,200,490,sample_gmv,0.17689875742205888,0.0002653481361330883,0.07856836015762073,12.727769779003147,0.21044195903011353
2002-07-03,200,490,ledoit_wolf_gmv,0.1806991609535002,0.0002710487414302503,0.05917355069470408,16.89944220449658,0.1671856536451425
2002-08-02,10,504,equal_weight,0.13555035977719648,0.00020332553966579474,0.10000000000000003,9.999999999999996,0.1
2002-08-02,10,504,sample_gmv,0.15086889446639362,0.00022630334169959043,0.18936952583806893,5.280680698620465,0.26377476836723945
2002-08-02,10,504,ledoit_wolf_gmv,0.14364653626009302,0.00021546980439013955,0.18377204105094308,5.4415241528649725,0.25498648514398464
2002-08-02,50,504,equal_weight,0.07418658549936252,0.00011127987824904379,0.020000000000000004,49.99999999999999,0.02
2002-08-02,50,504,sample_gmv,0.22439327254869523,0.00033658990882304285,0.09912248969014079,10.0885278721915,0.18434788128447352
2002-08-02,50,504,ledoit_wolf_gmv,0.21566894437856235,0.00032350341656784353,0.0929801439589034,10.754984423792603,0.17441292260772026
2002-08-02,100,503,equal_weight,0.05390494702936014,8.085742054404021e-05,0.01,100.0,0.01
2002-08-02,100,503,sample_gmv,0.16350858435973134,0.00024526287653959703,0.08840320416829434,11.31180718400531,0.19034560273393816
2002-08-02,100,503,ledoit_wolf_gmv,0.16362479218062792,0.0002454371882709419,0.08015891352067853,12.47521898786753,0.17590235357919318
2002-08-02,200,500,equal_weight,0.0771175981986909,0.00011567639729803636,0.005000000000000001,199.99999999999997,0.005
2002-08-02,200,500,sample_gmv,0.6851201094872825,0.0010276801642309238,0.37120219558161777,2.6939495830113587,0.5996876385282556
2002-08-02,200,500,ledoit_wolf_gmv,0.5414074118676024,0.0008121111178014036,0.20566046503291374,4.862383248233737,0.4307950839615067
2002-09-03,10,504,equal_weight,0.11319872160395601,0.00016979808240593402,0.10000000000000003,9.999999999999996,0.1
2002-09-03,10,504,sample_gmv,0.11879684151574856,0.00017819526227362285,0.18232816579375621,5.484616135124005,0.2569075609080006
2002-09-03,10,504,ledoit_wolf_gmv,0.11540969742586785,0.00017311454613880178,0.17679617484126217,5.656230972745071,0.24777171446289173
2002-09-03,50,504,equal_weight,0.05963404958992972,8.945107438489457e-05,0.020000000000000004,49.99999999999999,0.02
2002-09-03,50,504,sample_gmv,0.1220775427146364,0.0001831163140719546,0.10666669553320984,9.374997462902165,0.21137903847388573
2002-09-03,50,504,ledoit_wolf_gmv,0.1230348218301176,0.0001845522327451764,0.10008931983073621,9.991075987838936,0.20020014990283064
2002-09-03,100,503,equal_weight,0.054044764953286785,8.106714742993018e-05,0.01,100.0,0.01
2002-09-03,100,503,sample_gmv,0.11756371116970868,0.00017634556675456302,0.09479195035158597,10.549418977993092,0.193263468012773
2002-09-03,100,503,ledoit_wolf_gmv,0.11252201757978163,0.00016878302636967244,0.08695012155936248,11.500846486077437,0.18039042577194644
2002-09-03,200,498,equal_weight,0.05770466422795057,8.655699634192586e-05,0.005000000000000001,199.99999999999997,0.005
2002-09-03,200,498,sample_gmv,0.6813395952387967,0.0010220093928581951,0.07635758368592008,13.096276122529982,0.18585194703437682
2002-09-03,200,498,ledoit_wolf_gmv,0.5007978873334269,0.0007511968310001403,0.06318871119383197,15.82561158641914,0.15426641282307893
2002-10-02,10,504,equal_weight,0.10921509487759487,0.0001638226423163923,0.10000000000000003,9.999999999999996,0.1
2002-10-02,10,504,sample_gmv,0.2735514386300186,0.00041032715794502787,0.1679212852432509,5.955171189592786,0.2295172563715016
2002-10-02,10,504,ledoit_wolf_gmv,0.26697721798893614,0.00040046582698340425,0.1637772214766076,6.105855203697119,0.22164799945113026
2002-10-02,50,504,equal_weight,0.04884910431732217,7.327365647598326e-05,0.020000000000000004,49.99999999999999,0.02
2002-10-02,50,504,sample_gmv,0.12124720853789336,0.00018187081280684005,0.12192984424976261,8.201437524611181,0.24869090983718758
2002-10-02,50,504,ledoit_wolf_gmv,0.11180504151135419,0.0001677075622670313,0.1138881532236277,8.780544522804114,0.23495089631947638
2002-10-02,100,483,equal_weight,0.06668788252908509,0.00010003182379362762,0.01,100.0,0.01
2002-10-02,100,483,sample_gmv,0.5033866976523959,0.0007550800464785937,0.23155025060801301,4.318716984214717,0.4426938355639991
2002-10-02,100,483,ledoit_wolf_gmv,0.44959147146650447,0.0006743872071997567,0.18986115711900478,5.267006770495984,0.38781772102601325
2002-10-02,200,483,equal_weight,0.08384028496683144,0.00012576042745024714,0.005000000000000001,199.99999999999997,0.005
2002-10-02,200,483,sample_gmv,0.7169657051814351,0.0010754485577721526,0.2935659080288426,3.4063900904383995,0.49895113125682644
2002-10-02,200,483,ledoit_wolf_gmv,0.6114780583468646,0.000917217087520297,0.19545710124879134,5.116212169375881,0.37506111559683913
2002-10-31,10,504,equal_weight,0.21430352375856646,0.0003214552856378497,0.10000000000000003,9.999999999999996,0.1
2002-10-31,10,504,sample_gmv,0.45087735878123303,0.0006763160381718495,0.20922657256982194,4.779507630018101,0.32441150769143245
2002-10-31,10,504,ledoit_wolf_gmv,0.4522055340734929,0.0006783083011102394,0.20497158646128108,4.878724984591456,0.31621895709073844
2002-10-31,50,504,equal_weight,0.05319413414476032,7.979120121714048e-05,0.020000000000000004,49.99999999999999,0.02
2002-10-31,50,504,sample_gmv,0.12059692378187546,0.0001808953856728132,0.13117405699401827,7.623458654218505,0.27503893444872174
2002-10-31,50,504,ledoit_wolf_gmv,0.12088464055287579,0.00018132696082931367,0.12273142781732203,8.147872291426747,0.26023729220293834
2002-10-31,100,494,equal_weight,0.08892651005393686,0.0001333897650809053,0.01,100.0,0.01
2002-10-31,100,494,sample_gmv,0.11000465946485459,0.00016500698919728188,0.25160434976417595,3.9744940854054445,0.46819714898057935
2002-10-31,100,494,ledoit_wolf_gmv,0.1058814022262705,0.00015882210333940575,0.205368875477506,4.869287021584387,0.411194577452774
2002-10-31,200,459,equal_weight,0.08634585154962857,0.00012951877732444284,0.005000000000000001,199.99999999999997,0.005
2002-10-31,200,459,sample_gmv,0.5573979979293476,0.0008360969968940215,0.1667356060465502,5.997519208469572,0.35903642182128076
2002-10-31,200,459,ledoit_wolf_gmv,0.42363198417736064,0.000635447976266041,0.1251902577313424,7.987842010406228,0.30011488272156156
2002-12-02,10,504,equal_weight,0.11831168260188406,0.0001774675239028261,0.10000000000000003,9.999999999999996,0.1
2002-12-02,10,504,sample_gmv,0.18182807746928262,0.00027274211620392395,0.23953727208483136,4.174715656133269,0.3762173683653142
2002-12-02,10,504,ledoit_wolf_gmv,0.18408226384655305,0.0002761233957698296,0.23109090443755514,4.327301424666057,0.36433984226935767
2002-12-02,50,504,equal_weight,0.09045383924430409,0.00013568075886645614,0.020000000000000004,49.99999999999999,0.02
2002-12-02,50,504,sample_gmv,0.08041138771401925,0.00012061708157102888,0.14373525709317897,6.957235268669899,0.29176040401786657
2002-12-02,50,504,ledoit_wolf_gmv,0.08197740990523666,0.000122966114857855,0.13487255149975313,7.414407074532362,0.2771110731685378
2002-12-02,100,498,equal_weight,0.07490405196883697,0.00011235607795325546,0.01,100.0,0.01
2002-12-02,100,498,sample_gmv,0.10505748671963747,0.0001575862300794562,0.27058981889405903,3.695630545477096,0.4885191555298414
2002-12-02,100,498,ledoit_wolf_gmv,0.11137658906246242,0.00016706488359369363,0.22269715695796294,4.490403082194549,0.43229468459155523
2002-12-02,200,477,equal_weight,0.07330331445117866,0.00010995497167676799,0.005000000000000001,199.99999999999997,0.005
2002-12-02,200,477,sample_gmv,0.20859829210772007,0.0003128974381615801,0.19523024468381603,5.122157182251879,0.4033427097715938
2002-12-02,200,477,ledoit_wolf_gmv,0.19555818149347565,0.00029333727224021346,0.14942981403493208,6.692104962174622,0.3406324902497644
2003-01-02,10,504,equal_weight,0.10619705408694799,0.000159295581130422,0.10000000000000003,9.999999999999996,0.1
2003-01-02,10,504,sample_gmv,0.20468676908666555,0.00030703015362999834,0.21582694446323136,4.633341784488644,0.3202863264114393
2003-01-02,10,504,ledoit_wolf_gmv,0.2025903251231011,0.00030388548768465166,0.21108371200757214,4.737456957191123,0.31318222476985325
2003-01-02,50,504,equal_weight,0.06334586996789307,9.50188049518396e-05,0.020000000000000004,49.99999999999999,0.02
2003-01-02,50,504,sample_gmv,0.04855416840213379,7.28312526032007e-05,0.14059641777650128,7.1125567479937315,0.2927379770759085
2003-01-02,50,504,ledoit_wolf_gmv,0.05388123830838444,8.082185746257667e-05,0.13015037586854897,7.683419992655216,0.27563222606126714
2003-01-02,100,500,equal_weight,0.06639780053266185,9.959670079899278e-05,0.01,100.0,0.01
2003-01-02,100,500,sample_gmv,0.09301590206818725,0.00013952385310228086,0.25208137350511123,3.9669729900917248,0.4635198432801599
2003-01-02,100,500,ledoit_wolf_gmv,0.10197394887152696,0.00015296092330729043,0.210429862141656,4.752177232938667,0.41199793694350473
2003-01-02,200,479,equal_weight,0.05878823446951596,8.818235170427394e-05,0.005000000000000001,199.99999999999997,0.005
2003-01-02,200,479,sample_gmv,0.5619856559348186,0.0008429784839022279,0.2904575097547544,3.4428443624829757,0.5000857894124766
2003-01-02,200,479,ledoit_wolf_gmv,0.4497596387814625,0.0006746394581721938,0.19538424560113385,5.118119922736477,0.37790200335553903
2003-02-03,10,504,equal_weight,0.013141327687314137,1.9711991530971208e-05,0.10000000000000003,9.999999999999996,0.1
2003-02-03,10,504,sample_gmv,0.034929869999051705,5.2394804998577556e-05,0.2221244474645585,4.501980810372334,0.3283235407201419
2003-02-03,10,504,ledoit_wolf_gmv,0.03478925791342667,5.218388687014001e-05,0.2163692624707405,4.6217285606139615,0.32054871795781426
2003-02-03,50,504,equal_weight,0.058326873235859444,8.749030985378917e-05,0.020000000000000004,49.99999999999999,0.02
2003-02-03,50,504,sample_gmv,0.11229580418597299,0.00016844370627895947,0.15269454206531996,6.549022554926803,0.3035833838572029
2003-02-03,50,504,ledoit_wolf_gmv,0.11731979305992789,0.00017597968958989183,0.1440367970696958,6.94267034774541,0.2912212558556601
2003-02-03,100,500,equal_weight,0.061222958293987745,9.183443744098162e-05,0.01,100.0,0.01
2003-02-03,100,500,sample_gmv,0.051838047744192636,7.775707161628896e-05,0.2523909487712408,3.962107218458014,0.4615698776666717
2003-02-03,100,500,ledoit_wolf_gmv,0.05087621883790895,7.631432825686342e-05,0.2189350565300975,4.567564536484031,0.42071354326927496
2003-02-03,200,479,equal_weight,0.05827897046888657,8.741845570332986e-05,0.005000000000000001,199.99999999999997,0.005
2003-02-03,200,479,sample_gmv,0.0982511891967457,0.00014737678379511855,0.26789767206505205,3.7327685316995804,0.47133281117341863
2003-02-03,200,479,ledoit_wolf_gmv,0.07877793752995503,0.00011816690629493255,0.19280133680712558,5.186686029051651,0.37239038551799203
2003-03-05,10,504,equal_weight,0.016313473512689053,2.447021026903358e-05,0.10000000000000003,9.999999999999996,0.1
2003-03-05,10,504,sample_gmv,0.034788482952843355,5.218272442926503e-05,0.2319829685096592,4.310661280111874,0.32246585439574205
2003-03-05,10,504,ledoit_wolf_gmv,0.03333161911001643,4.999742866502465e-05,0.22416325341155752,4.461034468321299,0.31435729110141625
2003-03-05,50,504,equal_weight,0.020730136020288455,3.1095204030432685e-05,0.020000000000000004,49.99999999999999,0.02
2003-03-05,50,504,sample_gmv,0.033700387210813004,5.055058081621951e-05,0.1515222778549658,6.599689591237406,0.2967069773427123
2003-03-05,50,504,ledoit_wolf_gmv,0.031112710825991294,4.666906623898694e-05,0.14375795884001819,6.956136606758972,0.2858035879334679
2003-03-05,100,500,equal_weight,0.05792947539557878,8.689421309336817e-05,0.01,100.0,0.01
2003-03-05,100,500,sample_gmv,0.05482869218903885,8.224303828355828e-05,0.2631905232241318,3.799528903054024,0.4746958090166103
2003-03-05,100,500,ledoit_wolf_gmv,0.05594004450258683,8.391006675388024e-05,0.22805352408258178,4.38493552784514,0.43280952266471595
2003-03-05,200,479,equal_weight,0.054631708020187957,8.194756203028194e-05,0.005000000000000001,199.99999999999997,0.005
2003-03-05,200,479,sample_gmv,0.055665108849050474,8.349766327357571e-05,0.2635878762968527,3.793801194686966,0.4633887918340561
2003-03-05,200,479,ledoit_wolf_gmv,0.048804148169769905,7.320622225465486e-05,0.19331020791698794,5.17303256137112,0.36954936352890466
2003-04-03,10,504,equal_weight,0.012354251817563555,1.8531377726345332e-05,0.10000000000000003,9.999999999999996,0.1
2003-04-03,10,504,sample_gmv,0.041067221127997766,6.160083169199665e-05,0.23236937961166215,4.303493006140521,0.3189550152298132
2003-04-03,10,504,ledoit_wolf_gmv,0.04281125412152786,6.421688118229179e-05,0.2256291722215942,4.432051007207008,0.31111125701074344
2003-04-03,50,504,equal_weight,0.02292084635828484,3.4381269537427264e-05,0.020000000000000004,49.99999999999999,0.02
2003-04-03,50,504,sample_gmv,0.10995706157307136,0.00016493559235960704,0.15140691373590895,6.604718208207103,0.28529088099678457
2003-04-03,50,504,ledoit_wolf_gmv,0.10257089413462309,0.00015385634120193464,0.14479212044466874,6.90645317527581,0.27621413589421356
2003-04-03,100,500,equal_weight,0.07843900425100865,0.00011765850637651298,0.01,100.0,0.01
2003-04-03,100,500,sample_gmv,0.07094366948884749,0.00010641550423327124,0.25946991706747974,3.854011329336234,0.46977904051622493
2003-04-03,100,500,ledoit_wolf_gmv,0.0802412657165536,0.0001203618985748304,0.2260154343479589,4.424476597737409,0.4290422515562745
2003-04-03,200,479,equal_weight,0.043608129494521974,6.541219424178297e-05,0.005000000000000001,199.99999999999997,0.005
2003-04-03,200,479,sample_gmv,0.5101028284353328,0.0007651542426529992,0.1860328386838524,5.375395048932292,0.39122003472367656
2003-04-03,200,479,ledoit_wolf_gmv,0.40277020458350976,0.0006041553068752647,0.14864948023617472,6.727235092993243,0.34292903285900395
2003-05-05,10,504,equal_weight,0.01735751379274269,2.6036270689114033e-05,0.10000000000000003,9.999999999999996,0.1
2003-05-05,10,504,sample_gmv,0.013358287833980957,2.0037431750971436e-05,0.22763446417140104,4.393007902560106,0.3097050944580583
2003-05-05,10,504,ledoit_wolf_gmv,0.01748798577409958,2.623197866114937e-05,0.22558215360116277,4.432974790053806,0.30597197682072375
2003-05-05,50,504,equal_weight,0.03944359189960617,5.916538784940925e-05,0.020000000000000004,49.99999999999999,0.02
2003-05-05,50,504,sample_gmv,0.08350644422685154,0.0001252596663402773,0.16827344339151812,5.942708367079184,0.3027648730269327
2003-05-05,50,504,ledoit_wolf_gmv,0.08816857009414558,0.00013225285514121838,0.16195740358589905,6.174463024591645,0.29316644095221245
2003-05-05,100,500,equal_weight,0.06787896144403985,0.00010181844216605977,0.01,100.0,0.01
2003-05-05,100,500,sample_gmv,0.05469640935997136,8.204461403995704e-05,0.2709517939204763,3.690693409077401,0.4830141398788786
2003-05-05,100,500,ledoit_wolf_gmv,0.055635973817896964,8.345396072684545e-05,0.23574662003527472,4.241842363849671,0.4409357428164229
2003-05-05,200,479,equal_weight,0.06231309901010403,9.346964851515606e-05,0.005000000000000001,199.99999999999997,0.005
2003-05-05,200,479,sample_gmv,0.5023721834935003,0.0007535582752402505,0.22953171378898835,4.356696438555387,0.41908340646926484
2003-05-05,200,479,ledoit_wolf_gmv,0.42250854204676175,0.0006337628130701426,0.17622181218891245,5.674666419432714,0.3434278895866326
2003-06-04,10,504,equal_weight,0.11406070989791921,0.00017109106484687882,0.10000000000000003,9.999999999999996,0.1
2003-06-04,10,504,sample_gmv,0.17734758379323373,0.0002660213756898506,0.24820750631876032,4.028887018089415,0.34647254812221817
2003-06-04,10,504,ledoit_wolf_gmv,0.17834451792322803,0.000267516776884842,0.24343896309848198,4.107805863416593,0.33882258654660696
2003-06-04,50,498,equal_weight,0.02418580819405041,3.6278712291075617e-05,0.020000000000000004,49.99999999999999,0.02
2003-06-04,50,498,sample_gmv,0.041544617488242695,6.231692623236405e-05,0.16647612805963052,6.006867240700164,0.294458581659286
2003-06-04,50,498,ledoit_wolf_gmv,0.040770446220258424,6.115566933038764e-05,0.16056943386181396,6.227835372830671,0.28576731457223814
2003-06-04,100,494,equal_weight,0.05381971798281582,8.072957697422373e-05,0.01,100.0,0.01
2003-06-04,100,494,sample_gmv,0.04399421363910747,6.59913204586612e-05,0.2802077396422231,3.568780795551284,0.4951710950713028
2003-06-04,100,494,ledoit_wolf_gmv,0.040106569373509954,6.015985406026493e-05,0.2396866248439167,4.172114320735241,0.4470969074857595
2003-06-04,200,451,equal_weight,0.05838794878683047,8.758192318024571e-05,0.005000000000000001,199.99999999999997,0.005
2003-06-04,200,451,sample_gmv,0.4470494669715553,0.000670574200457333,0.17936963352725113,5.575079685091026,0.3881270263511596
2003-06-04,200,451,ledoit_wolf_gmv,0.3806175889963675,0.0005709263834945512,0.1410084537250072,7.09177339076554,0.3345066585731916
2003-07-03,10,504,equal_weight,0.018599701778050676,2.7899552667076015e-05,0.10000000000000003,9.999999999999996,0.1
2003-07-03,10,504,sample_gmv,0.02363729584313113,3.5455943764696694e-05,0.25051192875273404,3.991825878228109,0.3466704295834314
2003-07-03,10,504,ledoit_wolf_gmv,0.02361225158903757,3.5418377383556356e-05,0.24566928211891287,4.070512973274223,0.339198264392615
2003-07-03,50,504,equal_weight,0.03711528766082686,5.567293149124029e-05,0.020000000000000004,49.99999999999999,0.02
2003-07-03,50,504,sample_gmv,0.04329726727517148,6.494590091275722e-05,0.1777402850141,5.62618654471422,0.30551158558436253
2003-07-03,50,504,ledoit_wolf_gmv,0.04226723260689412,6.340084891034117e-05,0.17065049198869903,5.859930366132334,0.2964862028862704
2003-07-03,100,500,equal_weight,0.048939267589822304,7.340890138473345e-05,0.01,100.0,0.01
2003-07-03,100,500,sample_gmv,0.04042626035801201,6.0639390537018015e-05,0.301491163106519,3.3168468013992594,0.5181077111316287
2003-07-03,100,500,ledoit_wolf_gmv,0.03588431563084399,5.3826473446265986e-05,0.2552136418372281,3.9182858439745427,0.4666330074521195
2003-07-03,200,479,equal_weight,0.049285269417074354,7.392790412561154e-05,0.005000000000000001,199.99999999999997,0.005
2003-07-03,200,479,sample_gmv,0.09425346620993882,0.00014138019931490825,0.19826478195109173,5.043760117955197,0.41457697984031633
2003-07-03,200,479,ledoit_wolf_gmv,0.07146869313682244,0.00010720303970523366,0.1550191737438195,6.450814927271984,0.3553717947291853
2003-08-04,10,504,equal_weight,0.022821567606982313,3.423235141047347e-05,0.10000000000000003,9.999999999999996,0.1
2003-08-04,10,504,sample_gmv,0.015394431823586038,2.3091647735379056e-05,0.25530329284962644,3.9169099185453895,0.34998649428422474
2003-08-04,10,504,ledoit_wolf_gmv,0.013899827742038524,2.084974161305779e-05,0.2497957505183811,4.003270663831471,0.3421425944241783
2003-08-04,50,504,equal_weight,0.04341458854186656,6.512188281279985e-05,0.020000000000000004,49.99999999999999,0.02
2003-08-04,50,504,sample_gmv,0.02135166193644438,3.202749290466657e-05,0.18166971802900816,5.504494699773381,0.30989073428824593
2003-08-04,50,504,ledoit_wolf_gmv,0.021358680153768666,3.2038020230653e-05,0.17312746308764407,5.776091107473572,0.29931751458795786
2003-08-04,100,500,equal_weight,0.05186464494961555,7.779696742442332e-05,0.01,100.0,0.01
2003-08-04,100,500,sample_gmv,0.058679004103274576,8.801850615491187e-05,0.33483635032938697,2.9865335678646443,0.5531713948573815
2003-08-04,100,500,ledoit_wolf_gmv,0.047388481530728464,7.10827222960927e-05,0.2778396090255408,3.5991988453599992,0.4932474131146486
2003-08-04,200,478,equal_weight,0.059936047403105534,8.99040711046583e-05,0.005000000000000001,199.99999999999997,0.005
2003-08-04,200,478,sample_gmv,0.15579200497956802,0.00023368800746935203,0.2442964954019143,4.0933865971135175,0.4724339318315801
2003-08-04,200,478,ledoit_wolf_gmv,0.15115809617719442,0.00022673714426579164,0.18431040552528183,5.425629644457758,0.3998313949259246
2003-09-03,10,504,equal_weight,0.02514887145235018,3.772330717852527e-05,0.10000000000000003,9.999999999999996,0.1
2003-09-03,10,504,sample_gmv,0.021947344135329474,3.292101620299421e-05,0.26221189921881766,3.8137094578057003,0.3569070142329355
2003-09-03,10,504,ledoit_wolf_gmv,0.020704960155146227,3.105744023271934e-05,0.25579063219844017,3.9094473140212913,0.34834088874517405
2003-09-03,50,504,equal_weight,0.05646693513395834,8.470040270093751e-05,0.020000000000000004,49.99999999999999,0.02
2003-09-03,50,504,sample_gmv,0.01577390176736193,2.3660852651042897e-05,0.1830947415343069,5.461653303749456,0.31170478531588613
2003-09-03,50,504,ledoit_wolf_gmv,0.015556647868265577,2.3334971802398367e-05,0.17527765523727057,5.705233782630855,0.30219928508348276
2003-09-03,100,500,equal_weight,0.051484081541604436,7.722612231240666e-05,0.01,100.0,0.01
2003-09-03,100,500,sample_gmv,0.06308445454900363,9.462668182350545e-05,0.3495319526354128,2.860968768263291,0.5668716114370379
2003-09-03,100,500,ledoit_wolf_gmv,0.067904638766187,0.0001018569581492805,0.2892566465420382,3.4571375003985194,0.5055142019444748
2003-09-03,200,457,equal_weight,0.044964504416003644,6.744675662400546e-05,0.005000000000000001,199.99999999999997,0.005
2003-09-03,200,457,sample_gmv,0.022981945491157705,3.4472918236736557e-05,0.24107040858914694,4.148165699193245,0.4687622685093564
2003-09-03,200,457,ledoit_wolf_gmv,0.02514685721488304,3.772028582232456e-05,0.18198187669169144,5.495052684252574,0.39662242174988477
2003-10-02,10,504,equal_weight,0.012165245450305368,1.824786817545805e-05,0.10000000000000003,9.999999999999996,0.1
2003-10-02,10,504,sample_gmv,0.021912016866900835,3.2868025300351255e-05,0.25832541241920604,3.871086435651237,0.3490703403823788
2003-10-02,10,504,ledoit_wolf_gmv,0.021483016335948756,3.222452450392313e-05,0.2525785950862822,3.9591636799563106,0.34101466071910475
2003-10-02,50,504,equal_weight,0.07521316287647282,0.00011281974431470924,0.020000000000000004,49.99999999999999,0.02
2003-10-02,50,504,sample_gmv,0.07376981662500448,0.00011065472493750673,0.19798361141575732,5.050923118580971,0.3301964748412058
2003-10-02,50,504,ledoit_wolf_gmv,0.06282109683299292,9.423164524948938e-05,0.18417293007853308,5.429679592834791,0.31472156346158203
2003-10-02,100,500,equal_weight,0.06805719782106705,0.00010208579673160057,0.01,100.0,0.01
2003-10-02,100,500,sample_gmv,0.08257264428196442,0.00012385896642294665,0.3060323829544064,3.2676280540840117,0.5212329454983393
2003-10-02,100,500,ledoit_wolf_gmv,0.08920300599419503,0.00013380450899129256,0.26054882086317116,3.8380522954857517,0.47064174022817595
2003-10-02,200,479,equal_weight,0.054073257462868264,8.11098861943024e-05,0.005000000000000001,199.99999999999997,0.005
2003-10-02,200,479,sample_gmv,0.11187309996421019,0.0001678096499463153,0.2107235076568575,4.7455550219314,0.42922002317469127
2003-10-02,200,479,ledoit_wolf_gmv,0.11447010161773201,0.000171705152426598,0.16855779380856392,5.932683250088866,0.37373342779747365
2003-10-31,10,504,equal_weight,0.02032898503369071,3.0493477550536066e-05,0.10000000000000003,9.999999999999996,0.1
2003-10-31,10,504,sample_gmv,0.009977044748716935,1.4965567123075403e-05,0.2578177047973308,3.8787095742167708,0.33707649891283276
2003-10-31,10,504,ledoit_wolf_gmv,0.00918774703680218,1.3781620555203271e-05,0.2520280406107894,3.967812460774215,0.3295400493788644
2003-10-31,50,504,equal_weight,0.06134883926186977,9.202325889280467e-05,0.020000000000000004,49.99999999999999,0.02
2003-10-31,50,504,sample_gmv,0.18284655295334365,0.0002742698294300155,0.22184895664835602,4.5075713454224635,0.3504890359583094
2003-10-31,50,504,ledoit_wolf_gmv,0.1783705555353262,0.00026755583330298927,0.20386955549713784,4.905097269484355,0.3352918687706565
2003-10-31,100,479,equal_weight,0.0740297853150163,0.00011104467797252446,0.01,100.0,0.01
2003-10-31,100,479,sample_gmv,0.08810843253977971,0.00013216264880966958,0.29689941503910855,3.3681440560207125,0.506263305624709
2003-10-31,100,479,ledoit_wolf_gmv,0.09597776129400806,0.0001439666419410121,0.2557986176342582,3.909325270200653,0.45933164126739917
2003-10-31,200,479,equal_weight,0.05477110437782592,8.215665656673887e-05,0.005000000000000001,199.99999999999997,0.005
2003-10-31,200,479,sample_gmv,0.07715797558529838,0.00011573696337794757,0.2172954839276249,4.602028454181184,0.434397224391497
2003-10-31,200,479,ledoit_wolf_gmv,0.052173783966157676,7.826067594923651e-05,0.17421238912793977,5.740119890472373,0.3820479439892466
2003-12-02,10,504,equal_weight,0.11420143371408764,0.00017130215057113146,0.10000000000000003,9.999999999999996,0.1
2003-12-02,10,504,sample_gmv,0.3417395225690466,0.0005126092838535699,0.29907613278274187,3.3436302345343982,0.3941513861605807
2003-12-02,10,504,ledoit_wolf_gmv,0.3336520517729291,0.0005004780776593937,0.29360109378924126,3.4059818616269886,0.38450964913608326
2003-12-02,50,504,equal_weight,0.03547824855445846,5.321737283168769e-05,0.020000000000000004,49.99999999999999,0.02
2003-12-02,50,504,sample_gmv,0.02592933331484626,3.889399997226939e-05,0.23160936529464463,4.3176146989040705,0.3586461869734949
2003-12-02,50,504,ledoit_wolf_gmv,0.027569111793222443,4.135366768983367e-05,0.2119119565261704,4.718940905425049,0.3420249787109533
2003-12-02,100,482,equal_weight,0.05484589395136874,8.226884092705311e-05,0.01,100.0,0.01
2003-12-02,100,482,sample_gmv,0.03235911928282036,4.8538678924230544e-05,0.2950356232866755,3.389421212462659,0.5058541653901056
2003-12-02,100,482,ledoit_wolf_gmv,0.029875266121801053,4.481289918270158e-05,0.25382790516905224,3.939677157773448,0.45777278085946943
2003-12-02,200,472,equal_weight,0.038494280691086555,5.774142103662983e-05,0.005000000000000001,199.99999999999997,0.005
2003-12-02,200,472,sample_gmv,0.0985253549553953,0.00014778803243309296,0.2242579985462698,4.459149758235607,0.4395918809143785
2003-12-02,200,472,ledoit_wolf_gmv,0.09468345567026117,0.00014202518350539176,0.17661881222687506,5.661911024038898,0.3843248564621262
2004-01-02,10,504,equal_weight,0.020994198700834132,3.14912980512512e-05,0.10000000000000003,9.999999999999996,0.1
2004-01-02,10,504,sample_gmv,0.020372262240356757,3.055839336053514e-05,0.30413219405808434,3.2880438820265643,0.40634534485023743
2004-01-02,10,504,ledoit_wolf_gmv,0.02065763917364943,3.0986458760474146e-05,0.29783616675509994,3.3575505986895955,0.39545321988672805
2004-01-02,50,504,equal_weight,0.036947838774020615,5.542175816103092e-05,0.020000000000000004,49.99999999999999,0.02
2004-01-02,50,504,sample_gmv,0.027172810930847613,4.075921639627142e-05,0.23902887549398127,4.183594964973928,0.3653376283402494
2004-01-02,50,504,ledoit_wolf_gmv,0.02729012014699063,4.093518022048594e-05,0.21709362791879394,4.60630747013017,0.3479509119839566
2004-01-02,100,482,equal_weight,0.03075873611670557,4.6138104175058355e-05,0.01,100.0,0.01
2004-01-02,100,482,sample_gmv,0.03081070719986929,4.621606079980394e-05,0.2879183873543157,3.4732064498867468,0.49725719703545984
2004-01-02,100,482,ledoit_wolf_gmv,0.03190660488065781,4.785990732098671e-05,0.24871341626151935,4.020691826887663,0.45134795539955563
2004-01-02,200,476,equal_weight,0.04031821207828063,6.0477318117420946e-05,0.005000000000000001,199.99999999999997,0.005
2004-01-02,200,476,sample_gmv,0.03610174265529613,5.41526139829442e-05,0.22678733168834142,4.409417371576261,0.44416689677196386
2004-01-02,200,476,ledoit_wolf_gmv,0.031746283161209685,4.761942474181453e-05,0.17802390451446332,5.6172231629643665,0.3860677130954791
2004-02-03,10,504,equal_weight,0.01808015197518669,2.7120227962780036e-05,0.10000000000000003,9.999999999999996,0.1
2004-02-03,10,504,sample_gmv,0.027048839481921293,4.057325922288194e-05,0.31079081892503396,3.2175982658008007,0.4128060461424923
2004-02-03,10,504,ledoit_wolf_gmv,0.02524422729290142,3.786634093935213e-05,0.3031974938604643,3.2981802958444435,0.4011493398101583
2004-02-03,50,504,equal_weight,0.057846195451628175,8.676929317744227e-05,0.020000000000000004,49.99999999999999,0.02
2004-02-03,50,504,sample_gmv,0.02379321028363056,3.568981542544584e-05,0.24381525381004285,4.101466107527066,0.3676526343364591
2004-02-03,50,504,ledoit_wolf_gmv,0.02595643041240121,3.893464561860182e-05,0.22262922872779184,4.491773185913056,0.35059220211913233
2004-02-03,100,481,equal_weight,0.04003093767305623,6.004640650958435e-05,0.01,100.0,0.01
2004-02-03,100,481,sample_gmv,0.03563175858092017,5.344763787138026e-05,0.2966743030483653,3.3706997529778477,0.5068619598834211
2004-02-03,100,481,ledoit_wolf_gmv,0.034514305555728216,5.177145833359233e-05,0.2556371305831743,3.911794807423874,0.45883704408797443
2004-02-03,200,481,equal_weight,0.0659550473313282,9.89325709969923e-05,0.005000000000000001,199.99999999999997,0.005
2004-02-03,200,481,sample_gmv,0.1213407307029152,0.0001820110960543728,0.21775517780373024,4.592313303802733,0.43917205927580344
2004-02-03,200,481,ledoit_wolf_gmv,0.10073925875581242,0.00015110888813371864,0.1740721705963751,5.744743669099879,0.3849563410514934
2004-03-04,10,504,equal_weight,0.11007465767806698,0.00016511198651710047,0.10000000000000003,9.999999999999996,0.1
2004-03-04,10,504,sample_gmv,0.31001726424059095,0.00046502589636088644,0.25862376245229907,3.8666207254812535,0.30787661790638543
2004-03-04,10,504,ledoit_wolf_gmv,0.3019703857273107,0.0004529555785909661,0.25242029093212565,3.961646650145468,0.30197038572731094
2004-03-04,50,504,equal_weight,0.03940733754710983,5.9111006320664746e-05,0.020000000000000004,49.99999999999999,0.02
2004-03-04,50,504,sample_gmv,0.033792055464250015,5.068808319637502e-05,0.24721974209925185,4.044984399338658,0.3629953749266868
2004-03-04,50,504,ledoit_wolf_gmv,0.03411630535280392,5.117445802920588e-05,0.22247568761161948,4.494873173493551,0.3457314151697199
2004-03-04,100,481,equal_weight,0.031124097057474827,4.668614558621224e-05,0.01,100.0,0.01
2004-03-04,100,481,sample_gmv,0.019354260239580357,2.9031390359370537e-05,0.29859382424321484,3.349031087747702,0.5103895156026466
2004-03-04,100,481,ledoit_wolf_gmv,0.021616869142606698,3.242530371391005e-05,0.25827698620825174,3.8718122535071258,0.4630835627167431
2004-03-04,200,468,equal_weight,0.0342598442500596,5.1389766375089405e-05,0.005000000000000001,199.99999999999997,0.005
2004-03-04,200,468,sample_gmv,0.13751185911979738,0.00020626778867969606,0.2422751976512931,4.127537650136605,0.4689489074760636
2004-03-04,200,468,ledoit_wolf_gmv,0.12436011005579181,0.00018654016508368773,0.18794760604164665,5.3206317497782525,0.40682887101235565
2004-04-02,10,504,equal_weight,0.20869762229763283,0.00031304643344644924,0.10000000000000003,9.999999999999996,0.1
2004-04-02,10,504,sample_gmv,0.46595192350351355,0.0006989278852552704,0.2980746401202259,3.354864404421183,0.3733462978165158
2004-04-02,10,504,ledoit_wolf_gmv,0.45611606912519675,0.0006841741036877952,0.292095708657019,3.423535404192492,0.3649091541829171
2004-04-02,50,504,equal_weight,0.03165525344832098,4.748288017248147e-05,0.020000000000000004,49.99999999999999,0.02
2004-04-02,50,504,sample_gmv,0.030855159741904097,4.6282739612856144e-05,0.25790943851408693,3.8773299874613945,0.3710355658716227
2004-04-02,50,504,ledoit_wolf_gmv,0.029665977929704872,4.4498966894557305e-05,0.23141893242916822,4.321167630941673,0.3533020843925614
2004-04-02,100,481,equal_weight,0.024222845960706608,3.6334268941059914e-05,0.01,100.0,0.01
2004-04-02,100,481,sample_gmv,0.03671273341349985,5.5069100120249775e-05,0.30803908889622045,3.2463412470905726,0.5226650533655862
2004-04-02,100,481,ledoit_wolf_gmv,0.03152368999088785,4.728553498633178e-05,0.26609094501196073,3.758113602682159,0.47408168669886797
2004-04-02,200,481,equal_weight,0.036445160476581424,5.466774071487214e-05,0.005000000000000001,199.99999999999997,0.005
2004-04-02,200,481,sample_gmv,0.08437272209841408,0.00012655908314762113,0.23337197289980463,4.285004696897933,0.46017344945539757
2004-04-02,200,481,ledoit_wolf_gmv,0.07279215773243802,0.00010918823659865703,0.18582450904612857,5.3814214558304725,0.4031270959729561
2004-05-04,10,504,equal_weight,0.10971615273469831,0.0001645742291020475,0.10000000000000003,9.999999999999996,0.1
2004-05-04,10,504,sample_gmv,0.2669392610453133,0.00040040889156796994,0.2610453451894685,3.830752083605219,0.32841923011029095
2004-05-04,10,504,ledoit_wolf_gmv,0.26435526989915786,0.0003965329048487368,0.25720901478570996,3.887888613986317,0.3217344363979983
2004-05-04,50,504,equal_weight,0.0986376763722188,0.00014795651455832822,0.020000000000000004,49.99999999999999,0.02
2004-05-04,50,504,sample_gmv,0.08932086457581806,0.0001339812968637271,0.2510117265569584,3.983877620845274,0.36834435039074825
2004-05-04,50,504,ledoit_wolf_gmv,0.09454358113168682,0.00014181537169753023,0.22455667529405046,4.4532187639959,0.34878808004249456
2004-05-04,100,481,equal_weight,0.06344824453499681,9.517236680249521e-05,0.01,100.0,0.01
2004-05-04,100,481,sample_gmv,0.13185070440745633,0.0001977760566111845,0.31601282911244655,3.1644284911109444,0.5343188923334832
2004-05-04,100,481,ledoit_wolf_gmv,0.10092673213517672,0.0001513900982027651,0.2635123931038797,3.7948879300177287,0.4798974345093776
2004-05-04,200,478,equal_weight,0.04090453187830902,6.135679781746353e-05,0.005000000000000001,199.99999999999997,0.005
2004-05-04,200,478,sample_gmv,0.06928326320766534,0.00010392489481149801,0.24574087659447047,4.069327064582065,0.4737301602398715
2004-05-04,200,478,ledoit_wolf_gmv,0.059898948656914336,8.984842298537151e-05,0.19616329525214857,5.097793645414646,0.4153620674818877
2004-06-03,10,504,equal_weight,0.011721284333596586,1.758192650039488e-05,0.10000000000000003,9.999999999999996,0.1
2004-06-03,10,504,sample_gmv,0.03677246759665047,5.5158701394975706e-05,0.2539219949661769,3.938217325888617,0.30849816871971436
2004-06-03,10,504,ledoit_wolf_gmv,0.04016082759533516,6.024124139300274e-05,0.2475328730243711,4.039867463993536,0.30166119640067335
2004-06-03,50,504,equal_weight,0.03663096061363171,5.494644092044757e-05,0.020000000000000004,49.99999999999999,0.02
2004-06-03,50,504,sample_gmv,0.019515913830416905,2.927387074562536e-05,0.2451932433726632,4.078415808873348,0.3531779111336141
2004-06-03,50,504,ledoit_wolf_gmv,0.022443585624322672,3.366537843648401e-05,0.21859019561203383,4.574770598471197,0.33491964594537466
2004-06-03,100,467,equal_weight,0.03728189018662241,5.5922835279933617e-05,0.01,100.0,0.01
2004-06-03,100,467,sample_gmv,0.1398722067503033,0.00020980831012545493,0.3305250214612024,3.0254895547064713,0.5494332814625987
2004-06-03,100,467,ledoit_wolf_gmv,0.11804123265327798,0.00017706184897991697,0.27872076846816946,3.5878201882691863,0.4929367845400717
2004-06-03,200,457,equal_weight,0.03737063676411964,5.6055955146179466e-05,0.005000000000000001,199.99999999999997,0.005
2004-06-03,200,457,sample_gmv,0.06869290585205876,0.00010303935877808813,0.26380267349903586,3.7907121513825555,0.4951446245658356
2004-06-03,200,457,ledoit_wolf_gmv,0.057895251839428744,8.684287775914311e-05,0.2066975696186863,4.837986251337113,0.42948152303671305
2004-07-06,10,504,equal_weight,0.019828280344438697,2.9742420516658046e-05,0.10000000000000003,9.999999999999996,0.1
2004-07-06,10,504,sample_gmv,0.05198300827210599,7.797451240815898e-05,0.24662671769608127,4.054710735891569,0.30621600976267993
2004-07-06,10,504,ledoit_wolf_gmv,0.05130762944272154,7.696144416408231e-05,0.23985993961929208,4.169099690374346,0.2984707626359546
2004-07-06,50,504,equal_weight,0.034493201576762514,5.1739802365143775e-05,0.020000000000000004,49.99999999999999,0.02
2004-07-06,50,504,sample_gmv,0.07032606746175556,0.00010548910119263334,0.2711513988076465,3.687976548885131,0.36394647272532293
2004-07-06,50,504,ledoit_wolf_gmv,0.06876914892774208,0.00010315372339161312,0.23900500079343148,4.184012872869909,0.33783590033512495
2004-07-06,100,483,equal_weight,0.05488881557048625,8.233322335572938e-05,0.01,100.0,0.01
2004-07-06,100,483,sample_gmv,0.1229968516583224,0.0001844952774874836,0.3619691760498319,2.762666177581737,0.5852755974232016
2004-07-06,100,483,ledoit_wolf_gmv,0.09751432964636784,0.00014627149446955177,0.2911885446832302,3.4342010297412324,0.5145543358949132
2004-07-06,200,483,equal_weight,0.06764558482188639,0.00010146837723282958,0.005000000000000001,199.99999999999997,0.005
2004-07-06,200,483,sample_gmv,0.11178839889304443,0.00016768259833956664,0.3078439042430928,3.248399549956128,0.5401813977638108
2004-07-06,200,483,ledoit_wolf_gmv,0.0925445088564197,0.00013881676328462956,0.2318606505927101,4.312935366323176,0.4615501717135341
2004-08-04,10,504,equal_weight,0.01521274218010895,2.2819113270163424e-05,0.10000000000000003,9.999999999999996,0.1
2004-08-04,10,504,sample_gmv,0.18685754746198815,0.00028028632119298224,0.2411292924680537,4.1471527153113765,0.32380320958191855
2004-08-04,10,504,ledoit_wolf_gmv,0.17771742851666789,0.0002665761427750018,0.23408761981889586,4.271904685833705,0.31498234440642875
2004-08-04,50,504,equal_weight,0.03886170773217627,5.829256159826441e-05,0.020000000000000004,49.99999999999999,0.02
2004-08-04,50,504,sample_gmv,0.10131699960110072,0.00015197549940165108,0.23775495320880158,4.206011216606614,0.345048096185585
2004-08-04,50,504,ledoit_wolf_gmv,0.11132745951395694,0.00016699118927093542,0.2113371118976491,4.731776596267208,0.33054184970660505
2004-08-04,100,503,equal_weight,0.06013210560118845,9.019815840178268e-05,0.01,100.0,0.01
2004-08-04,100,503,sample_gmv,0.12471218299468664,0.00018706827449202997,0.36996794315509024,2.7029368854825373,0.5898932766563151
2004-08-04,100,503,ledoit_wolf_gmv,0.12452238377864369,0.00018678357566796554,0.3036176656342243,3.2936159953377833,0.5231866278757108
2004-08-04,200,503,equal_weight,0.060281192821415475,9.042178923212321e-05,0.005000000000000001,199.99999999999997,0.005
2004-08-04,200,503,sample_gmv,0.05836702376842994,8.755053565264492e-05,0.31010689774773453,3.224694475559454,0.5421118692241872
2004-08-04,200,503,ledoit_wolf_gmv,0.05126014010425725,7.689021015638588e-05,0.2316659321748592,4.316560448107707,0.4619274020969643
2004-09-02,10,504,equal_weight,0.10325582603086658,0.00015488373904629988,0.10000000000000003,9.999999999999996,0.1
2004-09-02,10,504,sample_gmv,0.5883246239960814,0.0008824869359941222,0.39375260322197414,2.5396657490446097,0.5883246239960815
2004-09-02,10,504,ledoit_wolf_gmv,0.5619158680196275,0.0008428738020294412,0.3683567358113973,2.714759641349442,0.5619158680196277
2004-09-02,50,488,equal_weight,0.03588858286585289,5.383287429877934e-05,0.020000000000000004,49.99999999999999,0.02
2004-09-02,50,488,sample_gmv,0.07890111476291711,0.00011835167214437567,0.21489429187065684,4.653450732892859,0.3242371252379766
2004-09-02,50,488,ledoit_wolf_gmv,0.07760433688324374,0.00011640650532486561,0.19241517884428494,5.197095187637281,0.31041256204060297
2004-09-02,100,487,equal_weight,0.02389200750653579,3.583801125980368e-05,0.01,100.0,0.01
2004-09-02,100,487,sample_gmv,0.04455951988116477,6.683927982174716e-05,0.36296903216958215,2.7550559727442305,0.5844854694214126
2004-09-02,100,487,ledoit_wolf_gmv,0.041245145948003485,6.186771892200523e-05,0.2927130243614663,3.416315355906805,0.5136586751588481
2004-09-02,200,487,equal_weight,0.031858087585791645,4.7787131378687465e-05,0.005000000000000001,199.99999999999997,0.005
2004-09-02,200,487,sample_gmv,0.06288864061990868,9.433296092986302e-05,0.3067257959546775,3.2602409487194293,0.5397962108995289
2004-09-02,200,487,ledoit_wolf_gmv,0.06224287843292517,9.336431764938776e-05,0.22727215585691032,4.40001106263803,0.4575195106064493
2004-10-04,10,504,equal_weight,0.11137826590344027,0.0001670673988551604,0.10000000000000003,9.999999999999996,0.1
2004-10-04,10,504,sample_gmv,0.5816391703000697,0.0008724587554501046,0.24255063330342785,4.122850500864338,0.3399152986337307
2004-10-04,10,504,ledoit_wolf_gmv,0.5581730677172243,0.0008372596015758365,0.23412378536669629,4.271244796566698,0.3286720707146419
2004-10-04,50,504,equal_weight,0.07700787531332139,0.00011551181296998208,0.020000000000000004,49.99999999999999,0.02
2004-10-04,50,504,sample_gmv,0.1436553229189006,0.0002154829843783509,0.1883406596407468,5.309527968668395,0.2962939149288852
2004-10-04,50,504,ledoit_wolf_gmv,0.1415966608153019,0.00021239499122295284,0.1641405743527144,6.092338862243436,0.2804728672132976
2004-10-04,100,503,equal_weight,0.03766595754516175,5.6498936317742625e-05,0.01,100.0,0.01
2004-10-04,100,503,sample_gmv,0.09879568921631345,0.00014819353382447017,0.34192206301212186,2.9246430931967904,0.5689725029812279
2004-10-04,100,503,ledoit_wolf_gmv,0.09649117843400014,0.0001447367676510002,0.271685956620539,3.680720241998705,0.4967185539725208
2004-10-04,200,503,equal_weight,0.0389011773067731,5.8351765960159656e-05,0.005000000000000001,199.99999999999997,0.005
2004-10-04,200,503,sample_gmv,0.08483369605586545,0.00012725054408379817,0.3014124630921479,3.317712843527242,0.5356629168682674
2004-10-04,200,503,ledoit_wolf_gmv,0.08613655235297532,0.00012920482852946298,0.21622936738770898,4.6247187053318015,0.447521447580394
2004-11-02,10,504,equal_weight,0.01683563326092826,2.5253449891392393e-05,0.10000000000000003,9.999999999999996,0.1
2004-11-02,10,504,sample_gmv,0.19681767230259578,0.0002952265084538937,0.2075990949459095,4.81697668412549,0.28241797125206536
2004-11-02,10,504,ledoit_wolf_gmv,0.1847653065044354,0.0002771479597566531,0.2046047748604487,4.887471471191486,0.2781073576276512
2004-11-02,50,504,equal_weight,0.037925964340157735,5.6888946510236604e-05,0.020000000000000004,49.99999999999999,0.02
2004-11-02,50,504,sample_gmv,0.12048811538910278,0.00018073217308365417,0.16655669930409514,6.003961438826454,0.2870841382335626
2004-11-02,50,504,ledoit_wolf_gmv,0.11789536691498202,0.00017684305037247303,0.14885856886657006,6.717785933414111,0.2728573150649261
2004-11-02,100,503,equal_weight,0.045816572166571375,6.872485824985706e-05,0.01,100.0,0.01
2004-11-02,100,503,sample_gmv,0.10871435757254554,0.00016307153635881832,0.3161910171878702,3.162645191168835,0.5430123920855641
2004-11-02,100,503,ledoit_wolf_gmv,0.09912518941114067,0.000148687784116711,0.2647627285495334,3.7769666655059946,0.4890105950692091
2004-11-02,200,482,equal_weight,0.05131647776716023,7.697471665074035e-05,0.005000000000000001,199.99999999999997,0.005
2004-11-02,200,482,sample_gmv,0.18673490118334918,0.0002801023517750238,0.2689065271907249,3.7187643247154765,0.4983765853623147
2004-11-02,200,482,ledoit_wolf_gmv,0.18771722328150886,0.00028157583492226327,0.20608669273083646,4.852326886074442,0.4308121903658987
2004-12-02,10,504,equal_weight,0.011778697608468072,1.766804641270211e-05,0.10000000000000003,9.999999999999996,0.1
2004-12-02,10,504,sample_gmv,0.029114108976950746,4.367116346542612e-05,0.2221951052936116,4.50054918481929,0.30086858524927834
2004-12-02,10,504,ledoit_wolf_gmv,0.027914929830846896,4.187239474627035e-05,0.2181930678190063,4.583097025014157,0.29594138069017545
2004-12-02,50,504,equal_weight,0.05728179866685462,8.592269800028193e-05,0.020000000000000004,49.99999999999999,0.02
2004-12-02,50,504,sample_gmv,0.06842264059241795,0.00010263396088862693,0.15906105752221225,6.286893948635756,0.2844767950998701
2004-12-02,50,504,ledoit_wolf_gmv,0.06220786436900238,9.331179655350356e-05,0.14270726880134937,7.007351541371132,0.27060927493653136
2004-12-02,100,503,equal_weight,0.045838162215013495,6.875724332252025e-05,0.01,100.0,0.01
2004-12-02,100,503,sample_gmv,0.12528033761555551,0.00018792050642333328,0.3153866534641447,3.1707112175363084,0.5373208065698105
2004-12-02,100,503,ledoit_wolf_gmv,0.12098385037467242,0.00018147577556200864,0.26708488105739525,3.7441280691028886,0.48553409481687626
2004-12-02,200,503,equal_weight,0.04292949327247196,6.439423990870794e-05,0.005000000000000001,199.99999999999997,0.005
2004-12-02,200,503,sample_gmv,0.05491042950647426,8.236564425971139e-05,0.2780908020981849,3.595947771213707,0.5068915905740037
2004-12-02,200,503,ledoit_wolf_gmv,0.06569086396001095,9.853629594001642e-05,0.21393626768146345,4.674289267722161,0.43856785923721964
2005-01-03,10,504,equal_weight,0.00995646497513017,1.4934697462695254e-05,0.10000000000000003,9.999999999999996,0.1
2005-01-03,10,504,sample_gmv,0.022929283195676595,3.4393924793514893e-05,0.21963477975960968,4.553012965863149,0.2894413737277665
2005-01-03,10,504,ledoit_wolf_gmv,0.022740905243080003,3.411135786462e-05,0.21671213990715482,4.614416157896952,0.28447272268317647
2005-01-03,50,504,equal_weight,0.032508370300453185,4.876255545067978e-05,0.020000000000000004,49.99999999999999,0.02
2005-01-03,50,504,sample_gmv,0.045252393407612834,6.787859011141925e-05,0.15609419878081132,6.406387987577986,0.2883157982802049
2005-01-03,50,504,ledoit_wolf_gmv,0.047829712611203126,7.17445689168047e-05,0.14049677276741301,7.117601211064552,0.2726701587030355
2005-01-03,100,485,equal_weight,0.03438744955139199,5.158117432708798e-05,0.01,100.0,0.01
2005-01-03,100,485,sample_gmv,0.048132341840967145,7.219851276145072e-05,0.32166130627324296,3.1088600975540586,0.544455593892769
2005-01-03,100,485,ledoit_wolf_gmv,0.04766149058714174,7.149223588071261e-05,0.26944111209599214,3.7113861066745306,0.4888560836910979
2005-01-03,200,485,equal_weight,0.032363701388559485,4.8545552082839226e-05,0.005000000000000001,199.99999999999997,0.005
2005-01-03,200,485,sample_gmv,0.055956936180849626,8.393540427127444e-05,0.28133013197519563,3.554542817646594,0.5105688743320694
2005-01-03,200,485,ledoit_wolf_gmv,0.0674755165022185,0.00010121327475332775,0.2129246786380591,4.696496462487818,0.4384307774493888
2005-02-02,10,504,equal_weight,0.015140857903163045,2.2711286854744568e-05,0.10000000000000003,9.999999999999996,0.1
2005-02-02,10,504,sample_gmv,0.037686518882442524,5.6529778323663787e-05,0.21991314431224984,4.547249793218917,0.3045243397481334
2005-02-02,10,504,ledoit_wolf_gmv,0.03764034863745581,5.646052295618371e-05,0.21849535878983523,4.576756254863395,0.3000588525314743
2005-02-02,50,504,equal_weight,0.06184263206623876,9.276394809935814e-05,0.020000000000000004,49.99999999999999,0.02
2005-02-02,50,504,sample_gmv,0.054699150378962294,8.204872556844345e-05,0.14405206430926562,6.94193453453814,0.2662860459076261
2005-02-02,50,504,ledoit_wolf_gmv,0.0526905156307942,7.903577344619131e-05,0.13514606246860425,7.399401667601746,0.2566517996494525
2005-02-02,100,503,equal_weight,0.0505579132286694,7.58368698430041e-05,0.01,100.0,0.01
2005-02-02,100,503,sample_gmv,0.08554501255197297,0.00012831751882795946,0.29507301458311896,3.3889917090954804,0.5165200175966418
2005-02-02,100,503,ledoit_wolf_gmv,0.08669922066465975,0.00013004883099698963,0.2447354321577241,4.086045045392251,0.460772969852309
2005-02-02,200,489,equal_weight,0.051141502837289764,7.671225425593465e-05,0.005000000000000001,199.99999999999997,0.005
2005-02-02,200,489,sample_gmv,0.13377271562390308,0.00020065907343585462,0.2519715271102383,3.9687023826406267,0.47955228082227636
2005-02-02,200,489,ledoit_wolf_gmv,0.14318872278674766,0.0002147830841801215,0.19075048539226946,5.242450617850574,0.4091781976043856
2005-03-04,10,504,equal_weight,0.12276998689845742,0.00018415498034768613,0.10000000000000003,9.999999999999996,0.1
2005-03-04,10,504,sample_gmv,0.1879561157917393,0.00028193417368760896,0.23845358062120425,4.193688337138251,0.29172898322492213
2005-03-04,10,504,ledoit_wolf_gmv,0.19053456983846395,0.0002858018547576959,0.23200660453384897,4.3102221249658585,0.28578661592236865
2005-03-04,50,504,equal_weight,0.03903826781808055,5.855740172712082e-05,0.020000000000000004,49.99999999999999,0.02
2005-03-04,50,504,sample_gmv,0.07214904475337712,0.00010822356713006568,0.14522985593409019,6.88563652127997,0.2831464810903787
2005-03-04,50,504,ledoit_wolf_gmv,0.066525997635806,9.978899645370899e-05,0.13585975581895637,7.360531409555728,0.2709934891173172
2005-03-04,100,503,equal_weight,0.03844929852575088,5.7673947788626324e-05,0.01,100.0,0.01
2005-03-04,100,503,sample_gmv,0.05293086331655323,7.939629497482985e-05,0.283030680449225,3.533185866679911,0.5007586738381289
2005-03-04,100,503,ledoit_wolf_gmv,0.05628589892402633,8.442884838603949e-05,0.2327789134631175,4.295921761652369,0.4433047433075873
2005-03-04,200,503,equal_weight,0.06421183678423306,9.631775517634959e-05,0.005000000000000001,199.99999999999997,0.005
2005-03-04,200,503,sample_gmv,0.10225638094657902,0.00015338457141986854,0.23795405658484617,4.2024919194577155,0.4600633581067911
2005-03-04,200,503,ledoit_wolf_gmv,0.0847777651886074,0.0001271666477829111,0.18382014969534077,5.440100019814893,0.3953500825064505
2005-04-05,10,504,equal_weight,0.10452205576748888,0.0001567830836512333,0.10000000000000003,9.999999999999996,0.1
2005-04-05,10,504,sample_gmv,0.20965729810616437,0.0003144859471592466,0.1923787481916875,5.198079358555724,0.24879153482553185
2005-04-05,10,504,ledoit_wolf_gmv,0.20215086488235046,0.0003032262973235257,0.18821712828350684,5.313012737574683,0.24468150588866913
2005-04-05,50,504,equal_weight,0.0350527036723787,5.257905550856805e-05,0.020000000000000004,49.99999999999999,0.02
2005-04-05,50,504,sample_gmv,0.1322366189676859,0.00019835492845152885,0.13111152458149003,7.627094591356596,0.285427654325344
2005-04-05,50,504,ledoit_wolf_gmv,0.13037713251344873,0.0001955656987701731,0.1161270927190042,8.611254932728976,0.26060895999434885
2005-04-05,100,503,equal_weight,0.035829937087984653,5.374490563197698e-05,0.01,100.0,0.01
2005-04-05,100,503,sample_gmv,0.17690089542367488,0.00026535134313551234,0.2434952988121506,4.106855470632599,0.4514964709764673
2005-04-05,100,503,ledoit_wolf_gmv,0.1767504613673705,0.00026512569205105574,0.20263556194658006,4.934967931559939,0.4016819002747198
2005-04-05,200,494,equal_weight,0.026662931925676217,3.999439788851433e-05,0.005000000000000001,199.99999999999997,0.005
2005-04-05,200,494,sample_gmv,0.127206658172498,0.00019080998725874699,0.23775260455596547,4.206052765931346,0.46071829443405876
2005-04-05,200,494,ledoit_wolf_gmv,0.14835867296796973,0.0002225380094519546,0.1783852737706386,5.605843906631913,0.39274019362327967
2005-05-04,10,504,equal_weight,0.10938976844537511,0.00016408465266806266,0.10000000000000003,9.999999999999996,0.1
2005-05-04,10,504,sample_gmv,0.3165678712061019,0.0004748518068091529,0.19974776778379635,5.006313768083673,0.29465505901981354
2005-05-04,10,504,ledoit_wolf_gmv,0.30585243254777456,0.00045877864882166183,0.19444696737951916,5.142790414664645,0.2861809284140262
2005-05-04,50,504,equal_weight,0.08285656341932254,0.0001242848451289838,0.020000000000000004,49.99999999999999,0.02
2005-05-04,50,504,sample_gmv,0.11759078447427383,0.00017638617671141075,0.1189037303610536,8.41016507189034,0.26203862543172046
2005-05-04,50,504,ledoit_wolf_gmv,0.1094963418738231,0.00016424451281073465,0.1030360762070347,9.70533852619405,0.23636812603318427
2005-05-04,100,503,equal_weight,0.043330362184889205,6.499554327733382e-05,0.01,100.0,0.01
2005-05-04,100,503,sample_gmv,0.1243783545199234,0.0001865675317798851,0.24770358781561727,4.037083228460818,0.4667605446246903
2005-05-04,100,503,ledoit_wolf_gmv,0.12129805793822596,0.00018194708690733895,0.19986884942041513,5.00328091595977,0.40925223885212797
2005-05-04,200,503,equal_weight,0.0570502630473225,8.557539457098375e-05,0.005000000000000001,199.99999999999997,0.005
2005-05-04,200,503,sample_gmv,0.1598918259950884,0.0002398377389926326,0.21778339674276043,4.591718262072896,0.4404090131146849
2005-05-04,200,503,ledoit_wolf_gmv,0.15991964348004378,0.00023987946522006568,0.16802295963730374,5.951567584326638,0.382793312642829
2005-06-03,10,504,equal_weight,0.11193986832943006,0.0001679098024941451,0.10000000000000003,9.999999999999996,0.1
2005-06-03,10,504,sample_gmv,0.29741259097711337,0.00044611888646567003,0.20456688565578846,4.888376712556673,0.2938137683850121
2005-06-03,10,504,ledoit_wolf_gmv,0.28884686300321144,0.00043327029450481716,0.19630481919187776,5.094118443534247,0.28601615576386114
2005-06-03,50,504,equal_weight,0.0739960538453161,0.00011099408076797415,0.020000000000000004,49.99999999999999,0.02
2005-06-03,50,504,sample_gmv,0.07821617866626049,0.00011732426799939074,0.11939915799706186,8.375268442216383,0.2668669195882902
2005-06-03,50,504,ledoit_wolf_gmv,0.07778799269899332,0.00011668198904848999,0.10933744262287998,9.145997711407416,0.25148133635807574
2005-06-03,100,503,equal_weight,0.04840352735870837,7.260529103806256e-05,0.01,100.0,0.01
2005-06-03,100,503,sample_gmv,0.08443024325794365,0.0001266453648869155,0.24232864691042721,4.126627259094272,0.4599335484485544
2005-06-03,100,503,ledoit_wolf_gmv,0.10357067364652674,0.0001553560104697901,0.20716225868443305,4.8271340848975965,0.4172960720374093
2005-06-03,200,503,equal_weight,0.0537242656347296,8.05863984520944e-05,0.005000000000000001,199.99999999999997,0.005
2005-06-03,200,503,sample_gmv,0.04931095024474631,7.396642536711947e-05,0.21325276995364073,4.68927086019746,0.4358540346228797
2005-06-03,200,503,ledoit_wolf_gmv,0.048133519668467725,7.220027950270159e-05,0.16590163217979823,6.027668244494641,0.3813268949217574
2005-07-05,10,504,equal_weight,0.013148780503773293,1.9723170755659938e-05,0.10000000000000003,9.999999999999996,0.1
2005-07-05,10,504,sample_gmv,0.07328143554976588,0.00010992215332464882,0.1942536815900933,5.147907580511971,0.30308961156752184
2005-07-05,10,504,ledoit_wolf_gmv,0.07183831139700297,0.00010775746709550447,0.18443964356483997,5.421827871015425,0.29091523107546646
2005-07-05,50,504,equal_weight,0.05261289007507669,7.891933511261503e-05,0.020000000000000004,49.99999999999999,0.02
2005-07-05,50,504,sample_gmv,0.06933716235739253,0.0001040057435360888,0.11888006950789344,8.411838957863342,0.26130146818224387
2005-07-05,50,504,ledoit_wolf_gmv,0.06494597567829366,9.74189635174405e-05,0.10825682335908081,9.237293031249083,0.24585867215411691
2005-07-05,100,503,equal_weight,0.03876127568277253,5.8141913524158796e-05,0.01,100.0,0.01
2005-07-05,100,503,sample_gmv,0.06626182168983974,9.939273253475962e-05,0.24382066872666594,4.1013750196914005,0.46527630332253983
2005-07-05,100,503,ledoit_wolf_gmv,0.06991902543398293,0.00010487853815097439,0.20098156643627565,4.9755806849931465,0.4125650541314345
2005-07-05,200,503,equal_weight,0.04995041517188352,7.492562275782528e-05,0.005000000000000001,199.99999999999997,0.005
2005-07-05,200,503,sample_gmv,0.05741063608233505,8.611595412350258e-05,0.22199095320438295,4.504688076542104,0.4481454758201319
2005-07-05,200,503,ledoit_wolf_gmv,0.05466125026725076,8.199187540087613e-05,0.1677290865838192,5.9619951456676565,0.38514138958221317
2005-08-03,10,504,equal_weight,0.015471899473798512,2.3207849210697767e-05,0.10000000000000003,9.999999999999996,0.1
2005-08-03,10,504,sample_gmv,0.0578640669712773,8.679610045691595e-05,0.1897528471070981,5.2700131526121,0.3068502820075909
2005-08-03,10,504,ledoit_wolf_gmv,0.05547176511169084,8.320764766753627e-05,0.18396465278760463,5.435826855034725,0.2965030507412068
2005-08-03,50,504,equal_weight,0.07618944235362704,0.00011428416353044056,0.020000000000000004,49.99999999999999,0.02
2005-08-03,50,504,sample_gmv,0.05940361787800729,8.910542681701094e-05,0.11959943181536306,8.361243735202642,0.25690042192657203
2005-08-03,50,504,ledoit_wolf_gmv,0.05892603974921697,8.838905962382546e-05,0.10537047533507957,9.49032446536837,0.2387830185744285
2005-08-03,100,504,equal_weight,0.06038392360578581,9.057588540867871e-05,0.01,100.0,0.01
2005-08-03,100,504,sample_gmv,0.5381065464668074,0.0008071598197002111,0.09653929161826741,10.35847667035064,0.20450217577697266
2005-08-03,100,504,ledoit_wolf_gmv,0.4847148978898558,0.0007270723468347837,0.0874939409138768,11.429362874217007,0.1915681013371094
2005-08-03,200,487,equal_weight,0.04037947811211446,6.056921716817169e-05,0.005000000000000001,199.99999999999997,0.005
2005-08-03,200,487,sample_gmv,0.06075969121639508,9.113953682459263e-05,0.2195043697136723,4.555717962719505,0.4441840184004217
2005-08-03,200,487,ledoit_wolf_gmv,0.061412591121193634,9.211888668179045e-05,0.16650396652155214,6.005862928620147,0.38309395427287013
2005-09-01,10,504,equal_weight,0.013496656285956053,2.024498442893408e-05,0.10000000000000003,9.999999999999996,0.1
2005-09-01,10,504,sample_gmv,0.025481322506350695,3.822198375952604e-05,0.1891221087406169,5.287589096055983,0.30168794471684995
2005-09-01,10,504,ledoit_wolf_gmv,0.026709801250470473,4.006470187570571e-05,0.18222213905190016,5.487807382807541,0.2902519312528154
2005-09-01,50,504,equal_weight,0.03609264141053667,5.4138962115805003e-05,0.020000000000000004,49.99999999999999,0.02
2005-09-01,50,504,sample_gmv,0.0857274796762446,0.0001285912195143669,0.11330456625523375,8.825769631802533,0.25488571261484444
2005-09-01,50,504,ledoit_wolf_gmv,0.07827191671739878,0.00011740787507609817,0.10013420602228387,9.986597384888237,0.23522314122479562
2005-09-01,100,504,equal_weight,0.043864760994256284,6.579714149138443e-05,0.01,100.0,0.01
2005-09-01,100,504,sample_gmv,0.10738954589849924,0.00016108431884774885,0.09872611298697716,10.129032428653488,0.19613461874408425
2005-09-01,100,504,ledoit_wolf_gmv,0.10255260584627644,0.00015382890876941468,0.08784057077204488,11.384261181488684,0.1829815457889153
2005-09-01,200,504,equal_weight,0.054393951503864696,8.159092725579704e-05,0.005000000000000001,199.99999999999997,0.005
2005-09-01,200,504,sample_gmv,0.5211226084367632,0.0007816839126551447,0.06180297947275374,16.180449689174885,0.12071134116214777
2005-09-01,200,504,ledoit_wolf_gmv,0.44004738493041995,0.00066007107739563,0.05527072285838274,18.0927613804192,0.10990633514752482
2005-10-03,10,504,equal_weight,0.11217588858651081,0.00016826383287976622,0.10000000000000003,9.999999999999996,0.1
2005-10-03,10,504,sample_gmv,0.12387495312112003,0.00018581242968168004,0.1553780792631698,6.435914285606928,0.25556997902318435
2005-10-03,10,504,ledoit_wolf_gmv,0.12693907586088404,0.00019040861379132607,0.15042725887179476,6.647731318778294,0.2442443281760497
2005-10-03,50,504,equal_weight,0.03838468588207765,5.7577028823116475e-05,0.020000000000000004,49.99999999999999,0.02
2005-10-03,50,504,sample_gmv,0.06760816885040012,0.00010141225327560018,0.11402108393257385,8.7703077844037,0.2542525383508741
2005-10-03,50,504,ledoit_wolf_gmv,0.06857877051666013,0.00010286815577499019,0.1013363127013023,9.86813091322543,0.23537321179356852
2005-10-03,100,498,equal_weight,0.03940631941875607,5.91094791281341e-05,0.01,100.0,0.01
2005-10-03,100,498,sample_gmv,0.23601738911165562,0.00035402608366748344,0.10168511577126371,9.834280980212059,0.20371326068751644
2005-10-03,100,498,ledoit_wolf_gmv,0.21491520455949814,0.00032237280683924724,0.08867522086504802,11.277107519380955,0.1885540071714607
2005-10-03,200,496,equal_weight,0.0400930677948496,6.01396016922744e-05,0.005000000000000001,199.99999999999997,0.005
2005-10-03,200,496,sample_gmv,0.09652132193274035,0.00014478198289911054,0.06339851845777114,15.773239254259323,0.13313176023241716
2005-10-03,200,496,ledoit_wolf_gmv,0.09511035731878327,0.00014266553597817492,0.05675013268591208,17.62110417493781,0.12031918945708141
2005-11-01,10,504,equal_weight,0.12391413452063599,0.00018587120178095398,0.10000000000000003,9.999999999999996,0.1
2005-11-01,10,504,sample_gmv,0.2224572596088096,0.0003336858894132144,0.1614257433727188,6.194798791733497,0.21731386254139876
2005-11-01,10,504,ledoit_wolf_gmv,0.21228919462056833,0.0003184337919308525,0.15627958425218594,6.398788458422794,0.21283276213741464
2005-11-01,50,483,equal_weight,0.05934781446879081,8.902172170318621e-05,0.020000000000000004,49.99999999999999,0.02
2005-11-01,50,483,sample_gmv,0.07379103875506655,0.00011068655813259983,0.11603332892282685,8.618213484722952,0.25323521141668487
2005-11-01,50,483,ledoit_wolf_gmv,0.06629373589796844,9.944060384695266e-05,0.10027425554111107,9.972649456270595,0.23191199873688834
2005-11-01,100,483,equal_weight,0.06353509527276782,9.530264290915174e-05,0.01,100.0,0.01
2005-11-01,100,483,sample_gmv,0.15598104211703037,0.00023397156317554556,0.1022148191866834,9.783317213266475,0.20170808490386835
2005-11-01,100,483,ledoit_wolf_gmv,0.1563857038320852,0.0002345785557481278,0.09097677899504518,10.991815835274434,0.18849755672748686
2005-11-01,200,483,equal_weight,0.04939717358515543,7.409576037773314e-05,0.005000000000000001,199.99999999999997,0.005
2005-11-01,200,483,sample_gmv,0.11089551050918436,0.00016634326576377655,0.06896588250296484,14.499923204158375,0.13308967398003244
2005-11-01,200,483,ledoit_wolf_gmv,0.10781660386236994,0.0001617249057935549,0.0608467606244276,16.434728648455593,0.11876093368217126
2005-12-01,10,504,equal_weight,0.10678630094104274,0.00016017945141156412,0.10000000000000003,9.999999999999996,0.1
2005-12-01,10,504,sample_gmv,0.023705434309009503,3.555815146351426e-05,0.1616730609749596,6.185322365826196,0.22132356014019647
2005-12-01,10,504,ledoit_wolf_gmv,0.023350986637447953,3.502647995617193e-05,0.15708431462358258,6.366007977284532,0.21721310961910498
2005-12-01,50,504,equal_weight,0.0751025213184772,0.0001126537819777158,0.020000000000000004,49.99999999999999,0.02
2005-12-01,50,504,sample_gmv,0.08228300296527591,0.00012342450444791388,0.1250827415817751,7.9947080416864065,0.26063280650574305
2005-12-01,50,504,ledoit_wolf_gmv,0.08198610341172839,0.0001229791551175926,0.10811664957908726,9.249269228126614,0.23991473011958916
2005-12-01,100,504,equal_weight,0.02799327596765855,4.198991395148782e-05,0.01,100.0,0.01
2005-12-01,100,504,sample_gmv,0.10216243760834269,0.00015324365641251403,0.10537674082127517,9.489760190021968,0.21634752869321502
2005-12-01,100,504,ledoit_wolf_gmv,0.10046680201310862,0.00015070020301966293,0.09392526179073984,10.646762978717518,0.20127083531189435
2005-12-01,200,481,equal_weight,0.04820109808940516,7.230164713410775e-05,0.005000000000000001,199.99999999999997,0.005
2005-12-01,200,481,sample_gmv,0.1391743698753099,0.00020876155481296485,0.06966684401088233,14.354030445871707,0.125206954233824
2005-12-01,200,481,ledoit_wolf_gmv,0.11727372497242963,0.00017591058745864446,0.061163878658866536,16.349519061362475,0.11332023340134102
2006-01-03,10,504,equal_weight,0.10727072838853063,0.00016090609258279594,0.10000000000000003,9.999999999999996,0.1
2006-01-03,10,504,sample_gmv,0.03513360483037346,5.27004072455602e-05,0.1632864020071851,6.1242086769478625,0.22718694505170298
2006-01-03,10,504,ledoit_wolf_gmv,0.032249793315247965,4.837468997287195e-05,0.15748117139206363,6.349965466731318,0.22156801493756456
2006-01-03,50,504,equal_weight,0.05437985825788433,8.15697873868265e-05,0.020000000000000004,49.99999999999999,0.02
2006-01-03,50,504,sample_gmv,0.054304795096846575,8.145719264526987e-05,0.12248195966117967,8.164467671535364,0.25547572036297644
2006-01-03,50,504,ledoit_wolf_gmv,0.058727361980161555,8.809104297024233e-05,0.10595536384201719,9.437936539871938,0.23537935095786494
2006-01-03,100,504,equal_weight,0.026432783269361736,3.9649174904042603e-05,0.01,100.0,0.01
2006-01-03,100,504,sample_gmv,0.04309892767640647,6.464839151460971e-05,0.10263636149664403,9.743135721278446,0.21310134155532923
2006-01-03,100,504,ledoit_wolf_gmv,0.04504616692290743,6.756925038436114e-05,0.09175547553085324,10.898532149874205,0.19779282305808119
2006-01-03,200,504,equal_weight,0.03587311315201425,5.380966972802137e-05,0.005000000000000001,199.99999999999997,0.005
2006-01-03,200,504,sample_gmv,0.07086219126283708,0.00010629328689425562,0.07339771337288875,13.624402642077056,0.14421324395382654
2006-01-03,200,504,ledoit_wolf_gmv,0.05228049511700113,7.842074267550169e-05,0.06141918902911883,16.28155655923591,0.11023712973614705
2006-02-02,10,504,equal_weight,0.02865018304342034,4.297527456513051e-05,0.10000000000000003,9.999999999999996,0.1
2006-02-02,10,504,sample_gmv,0.047626279982028424,7.143941997304263e-05,0.16880071806706315,5.924145415084716,0.2227079854399136
2006-02-02,10,504,ledoit_wolf_gmv,0.04113758257982977,6.170637386974466e-05,0.16213641243032997,6.1676460272593,0.2170272582964816
2006-02-02,50,504,equal_weight,0.08277142518923937,0.00012415713778385907,0.020000000000000004,49.99999999999999,0.02
2006-02-02,50,504,sample_gmv,0.08010475097571304,0.00012015712646356956,0.11976199069471352,8.349894605118163,0.25383108012235384
2006-02-02,50,504,ledoit_wolf_gmv,0.08273377440730259,0.00012410066161095388,0.10094515711072126,9.906369246650975,0.22883797458338465
2006-02-02,100,483,equal_weight,0.057146676169300734,8.57200142539511e-05,0.01,100.0,0.01
2006-02-02,100,483,sample_gmv,0.12199257642590519,0.0001829888646388578,0.10798918196516863,9.260186824292687,0.20798331043718313
2006-02-02,100,483,ledoit_wolf_gmv,0.12059093089952086,0.0001808863963492813,0.0949739134009825,10.529207065291414,0.19146505100586503
2006-02-02,200,483,equal_weight,0.05593174737426952,8.389762106140429e-05,0.005000000000000001,199.99999999999997,0.005
2006-02-02,200,483,sample_gmv,0.10072308036997593,0.0001510846205549639,0.07062746072110632,14.158798713559865,0.11514431270529099
2006-02-02,200,483,ledoit_wolf_gmv,0.08067460271081289,0.00012101190406621935,0.061908212018647865,16.15294590802884,0.10574279274115729
2006-03-06,10,504,equal_weight,0.007122703737969464,1.0684055606954196e-05,0.10000000000000003,9.999999999999996,0.1
2006-03-06,10,504,sample_gmv,0.0335853147732312,5.03779721598468e-05,0.16394997751633705,6.099421391505549,0.21654246246828265
2006-03-06,10,504,ledoit_wolf_gmv,0.02271383166444931,3.4070747496673965e-05,0.15900612909698514,6.289065746579203,0.2117709483127721
2006-03-06,50,504,equal_weight,0.0541600758864712,8.12401138297068e-05,0.020000000000000004,49.99999999999999,0.02
2006-03-06,50,504,sample_gmv,0.05592697266653111,8.389045899979668e-05,0.12739632062189224,7.849520261797548,0.2605902698361829
2006-03-06,50,504,ledoit_wolf_gmv,0.06475006967572561,9.712510451358842e-05,0.10876199371914243,9.19438827668343,0.23775204368308697
2006-03-06,100,504,equal_weight,0.056934014313023605,8.540102146953541e-05,0.01,100.0,0.01
2006-03-06,100,504,sample_gmv,0.14298964090072175,0.00021448446135108264,0.1120354243627317,8.925748312983115,0.2324654096432285
2006-03-06,100,504,ledoit_wolf_gmv,0.13808391598603595,0.00020712587397905393,0.09785730947581979,10.21896070264528,0.2138376672491922
2006-03-06,200,504,equal_weight,0.04839592014686836,7.259388022030254e-05,0.005000000000000001,199.99999999999997,0.005
2006-03-06,200,504,sample_gmv,0.11432390591910925,0.00017148585887866388,0.07173985783556158,13.939252601979623,0.14151520875822735
2006-03-06,200,504,ledoit_wolf_gmv,0.08960423344509642,0.00013440635016764464,0.06142612548808736,16.279717987323398,0.1072886402762999
2006-04-04,10,504,equal_weight,0.011478306365202244,1.7217459547803367e-05,0.10000000000000003,9.999999999999996,0.1
2006-04-04,10,504,sample_gmv,0.03327873504886965,4.991810257330447e-05,0.1556958602055008,6.422778349277327,0.2106021289237838
2006-04-04,10,504,ledoit_wolf_gmv,0.03682192050121798,5.523288075182697e-05,0.1500821388042254,6.663018051098336,0.20448983894383171
2006-04-04,50,504,equal_weight,0.05231425937713278,7.847138906569917e-05,0.020000000000000004,49.99999999999999,0.02
2006-04-04,50,504,sample_gmv,0.05826933635631748,8.740400453447622e-05,0.12629881998662906,7.917730348596032,0.25887469613305497
2006-04-04,50,504,ledoit_wolf_gmv,0.05410580652746614,8.115870979119922e-05,0.10814118487356561,9.24717073489772,0.23681431180115634
2006-04-04,100,504,equal_weight,0.0647337285315618,9.71005927973427e-05,0.01,100.0,0.01
2006-04-04,100,504,sample_gmv,0.10445598886081162,0.00015668398329121743,0.10894511734877466,9.178933616626622,0.2317425720942226
2006-04-04,100,504,ledoit_wolf_gmv,0.10913581624491935,0.00016370372436737903,0.09430592781472424,10.603787303430435,0.2113457583010622
2006-04-04,200,504,equal_weight,0.03667113825338793,5.5006707380081893e-05,0.005000000000000001,199.99999999999997,0.005
2006-04-04,200,504,sample_gmv,0.13172788028927035,0.00019759182043390552,0.07020575275471158,14.243846989204014,0.14102046215184322
2006-04-04,200,504,ledoit_wolf_gmv,0.10106912047224059,0.0001516036807083609,0.062460051787544844,16.010233283210468,0.1271824804640708
2006-05-04,10,504,equal_weight,0.02012970662627104,3.019455993940656e-05,0.10000000000000003,9.999999999999996,0.1
2006-05-04,10,504,sample_gmv,0.0375610526818151,5.6341579022722654e-05,0.1553740316025569,6.436081948095268,0.22352878786512262
2006-05-04,10,504,ledoit_wolf_gmv,0.03427524628605351,5.1412869429080266e-05,0.14880677372572026,6.720124191679566,0.21323452496769532
2006-05-04,50,504,equal_weight,0.04157327469273132,6.235991203909697e-05,0.020000000000000004,49.99999999999999,0.02
2006-05-04,50,504,sample_gmv,0.06882021237313737,0.00010323031855970607,0.12934745909046982,7.731114372340066,0.2563602559098766
2006-05-04,50,504,ledoit_wolf_gmv,0.06361540279105951,9.542310418658927e-05,0.10775912045134775,9.279956961522258,0.23274033044792108
2006-05-04,100,504,equal_weight,0.05905037326159098,8.857555989238648e-05,0.01,100.0,0.01
2006-05-04,100,504,sample_gmv,0.1618217859051393,0.00024273267885770893,0.10790485016089174,9.267424017631718,0.23209152883319986
2006-05-04,100,504,ledoit_wolf_gmv,0.14751030038203983,0.00022126545057305974,0.0911097242784484,10.975776822063608,0.21116145994613425
2006-05-04,200,496,equal_weight,0.05150358447227391,7.725537670841088e-05,0.005000000000000001,199.99999999999997,0.005
2006-05-04,200,496,sample_gmv,0.0874704845636251,0.00013120572684543767,0.06979796785695092,14.3270646797264,0.13571803103154
2006-05-04,200,496,ledoit_wolf_gmv,0.07884802322511864,0.00011827203483767796,0.061037963022851964,16.383246597295695,0.12218972263633046
2006-06-05,10,504,equal_weight,0.013518659405539542,2.027798910830931e-05,0.10000000000000003,9.999999999999996,0.1
2006-06-05,10,504,sample_gmv,0.03305395397915563,4.958093096873344e-05,0.15249907752246178,6.557416715210679,0.2291042531846595
2006-06-05,10,504,ledoit_wolf_gmv,0.03082324696102569,4.623487044153854e-05,0.14678147895730528,6.8128486448271355,0.21829554065269288
2006-06-05,50,504,equal_weight,0.03438217760168946,5.15732664025342e-05,0.020000000000000004,49.99999999999999,0.02
2006-06-05,50,504,sample_gmv,0.10194985298764275,0.00015292477948146413,0.13751387591327727,7.271993414182051,0.286120455162522
2006-06-05,50,504,ledoit_wolf_gmv,0.09332081625289126,0.0001399812243793369,0.115240233321414,8.677524950951131,0.2599687492904861
2006-06-05,100,489,equal_weight,0.04571997641676054,6.857996462514081e-05,0.01,100.0,0.01
2006-06-05,100,489,sample_gmv,0.09043404595749593,0.0001356510689362439,0.11203726536826254,8.925601644354986,0.2552898365839987
2006-06-05,100,489,ledoit_wolf_gmv,0.08607083093417961,0.0001291062464012694,0.09265503877335114,10.792721186444679,0.22812529518002447
2006-06-05,200,487,equal_weight,0.05224928129117577,7.837392193676366e-05,0.005000000000000001,199.99999999999997,0.005
2006-06-05,200,487,sample_gmv,0.14441490734097379,0.0002166223610114607,0.06991083157321504,14.303935134182131,0.1447528698471062
2006-06-05,200,487,ledoit_wolf_gmv,0.11613785530606135,0.00017420678295909203,0.061416677106866505,16.282222469639244,0.1279113743528913
2006-07-05,10,504,equal_weight,0.010420911673116227,1.563136750967434e-05,0.10000000000000003,9.999999999999996,0.1
2006-07-05,10,504,sample_gmv,0.056269291948900395,8.44039379233506e-05,0.15359007619308127,6.510837319612234,0.24069647635297012
2006-07-05,10,504,ledoit_wolf_gmv,0.05067450360182307,7.601175540273461e-05,0.14834121665190078,6.741214765324539,0.22926796268528396
2006-07-05,50,504,equal_weight,0.03410362004513384,5.1155430067700765e-05,0.020000000000000004,49.99999999999999,0.02
2006-07-05,50,504,sample_gmv,0.0781401804362144,0.00011721027065432161,0.15047317440036378,6.645702823676074,0.29761117685317
2006-07-05,50,504,ledoit_wolf_gmv,0.09320179427667129,0.00013980269141500694,0.13013020632351235,7.6846108851463235,0.2745013889604574
2006-07-05,100,504,equal_weight,0.053027050940263054,7.954057641039458e-05,0.01,100.0,0.01
2006-07-05,100,504,sample_gmv,0.11464901032254012,0.00017197351548381017,0.12093465603723427,8.268928302008916,0.26686035426143906
2006-07-05,100,504,ledoit_wolf_gmv,0.11410498694113873,0.0001711574804117081,0.10384904095628537,9.629361916023317,0.24395115632168818
2006-07-05,200,504,equal_weight,0.04521061985167525,6.781592977751288e-05,0.005000000000000001,199.99999999999997,0.005
2006-07-05,200,504,sample_gmv,0.24971545203815526,0.0003745731780572329,0.061024161689827314,16.386951861506674,0.11853851903995033
2006-07-05,200,504,ledoit_wolf_gmv,0.2284036174892803,0.00034260542623392045,0.05699670997581582,17.54487233428576,0.11272380178520809
2006-08-03,10,504,equal_weight,0.1178382031252973,0.00017675730468794595,0.10000000000000003,9.999999999999996,0.1
2006-08-03,10,504,sample_gmv,0.08844400778746236,0.00013266601168119356,0.14495008594705025,6.898926575078379,0.25957270911847485
2006-08-03,10,504,ledoit_wolf_gmv,0.08620586966011283,0.00012930880449016924,0.1393410094157688,7.17663812105866,0.24617851544214142
2006-08-03,50,492,equal_weight,0.11555905333303775,0.00017333857999955662,0.020000000000000004,49.99999999999999,0.02
2006-08-03,50,492,sample_gmv,0.11842071962407391,0.00017763107943611088,0.15050806541933118,6.644162206283734,0.2939358322893467
2006-08-03,50,492,ledoit_wolf_gmv,0.12392190431670415,0.00018588285647505622,0.12671895688393614,7.891479101393768,0.26562847242622545
2006-08-03,100,492,equal_weight,0.08591324766477824,0.00012886987149716736,0.01,100.0,0.01
2006-08-03,100,492,sample_gmv,0.23984134902047283,0.00035976202353070924,0.09197883881877317,10.872065932146741,0.1605740782978077
2006-08-03,100,492,ledoit_wolf_gmv,0.22632539426300494,0.0003394880913945074,0.08010322181711665,12.483892374305443,0.13697225226726434
2006-08-03,200,492,equal_weight,0.07079583951860324,0.00010619375927790486,0.005000000000000001,199.99999999999997,0.005
2006-08-03,200,492,sample_gmv,0.0857687594172602,0.0001286531391258903,0.06301122584608765,15.870187995431449,0.12566254492731108
2006-08-03,200,492,ledoit_wolf_gmv,0.0877016358890887,0.00013155245383363306,0.057422137340825845,17.414886423759476,0.11711623495779064
2006-09-01,10,504,equal_weight,0.011567174840203628,1.735076226030544e-05,0.10000000000000003,9.999999999999996,0.1
2006-09-01,10,504,sample_gmv,0.023632758589431584,3.544913788414738e-05,0.14367402324640988,6.960200441279061,0.25653119129901963
2006-09-01,10,504,ledoit_wolf_gmv,0.021542814346406897,3.231422151961034e-05,0.13826339404188828,7.232572344470583,0.24271149720720156
2006-09-01,50,504,equal_weight,0.05373462422012859,8.060193633019289e-05,0.020000000000000004,49.99999999999999,0.02
2006-09-01,50,504,sample_gmv,0.06278427380892262,9.417641071338394e-05,0.15894337696434485,6.291548720676333,0.30764471862453785
2006-09-01,50,504,ledoit_wolf_gmv,0.07205104329897634,0.00010807656494846452,0.13341255178629868,7.495546607951913,0.2789431632687022
2006-09-01,100,504,equal_weight,0.029967270726207338,4.4950906089311005e-05,0.01,100.0,0.01
2006-09-01,100,504,sample_gmv,0.04384879869102638,6.577319803653958e-05,0.0914419453601525,10.935900325188928,0.15562076941290454
2006-09-01,100,504,ledoit_wolf_gmv,0.043815461785259927,6.572319267788989e-05,0.07998002096310233,12.503122504323125,0.13474192614328756
2006-09-01,200,467,equal_weight,0.04388773226052987,6.58315983907948e-05,0.005000000000000001,199.99999999999997,0.005
2006-09-01,200,467,sample_gmv,0.06989481257635749,0.00010484221886453623,0.06284843872694369,15.911294222354183,0.126245153190527
2006-09-01,200,467,ledoit_wolf_gmv,0.07597111214626037,0.00011395666821939056,0.05679288344922677,17.607839913499145,0.11809567991826239
2006-10-03,10,504,equal_weight,0.10744239873880915,0.00016116359810821373,0.10000000000000003,9.999999999999996,0.1
2006-10-03,10,504,sample_gmv,0.09435614668791281,0.00014153422003186923,0.15406087775187455,6.4909405592935,0.2602751627186263
2006-10-03,10,504,ledoit_wolf_gmv,0.08632777909668585,0.00012949166864502877,0.1484419198422836,6.7366415165101525,0.24810847900302885
2006-10-03,50,504,equal_weight,0.016140993605904548,2.4211490408856823e-05,0.020000000000000004,49.99999999999999,0.02
2006-10-03,50,504,sample_gmv,0.08157910286468723,0.00012236865429703084,0.15346545129020572,6.516124584346892,0.2928610895179935
2006-10-03,50,504,ledoit_wolf_gmv,0.07275063448815947,0.0001091259517322392,0.13226745469365422,7.560438826891381,0.26826329883788275
2006-10-03,100,481,equal_weight,0.048740408529720024,7.311061279458004e-05,0.01,100.0,0.01
2006-10-03,100,481,sample_gmv,0.16894324134259675,0.00025341486201389514,0.097430351786772,10.263742064572622,0.20177757171079708
2006-10-03,100,481,ledoit_wolf_gmv,0.13486755241196183,0.00020230132861794275,0.07956843363223297,12.567797986598828,0.15107725778575778
2006-10-03,200,480,equal_weight,0.04359677748262633,6.53951662239395e-05,0.005000000000000001,199.99999999999997,0.005
2006-10-03,200,480,sample_gmv,0.2006033244970014,0.0003009049867455021,0.07050037340306117,14.184322035896896,0.1627319512594005
2006-10-03,200,480,ledoit_wolf_gmv,0.16733826798628415,0.00025100740197942623,0.05968375381651431,16.7549782990242,0.12193636834223097
2006-11-01,10,504,equal_weight,0.011483286508645926,1.722492976296889e-05,0.10000000000000003,9.999999999999996,0.1
2006-11-01,10,504,sample_gmv,0.04135400279991655,6.203100419987483e-05,0.14907821932993057,6.7078880100309135,0.2628613795381975
2006-11-01,10,504,ledoit_wolf_gmv,0.03718037263017015,5.577055894525522e-05,0.14317134029207476,6.984638112348208,0.24887207430687952
2006-11-01,50,504,equal_weight,0.03456155083785004,5.1842326256775064e-05,0.020000000000000004,49.99999999999999,0.02
2006-11-01,50,504,sample_gmv,0.10516079473433615,0.00015774119210150423,0.14760083136417404,6.775029589994044,0.2935191250759216
2006-11-01,50,504,ledoit_wolf_gmv,0.10642255330665457,0.00015963382995998185,0.12894682758104933,7.755134567940041,0.27107043295590577
2006-11-01,100,502,equal_weight,0.028468239612231525,4.270235941834729e-05,0.01,100.0,0.01
2006-11-01,100,502,sample_gmv,0.06466038659227828,9.699057988841743e-05,0.09392671896468967,10.64659780542249,0.19754014328234784
2006-11-01,100,502,ledoit_wolf_gmv,0.06415467572318531,9.623201358477797e-05,0.0757569179157579,13.200114623353677,0.1405726322710438
2006-11-01,200,480,equal_weight,0.06575541982535474,9.863312973803211e-05,0.005000000000000001,199.99999999999997,0.005
2006-11-01,200,480,sample_gmv,0.1476197680334289,0.00022142965205014338,0.07032890221622956,14.218905293380699,0.14017238608760724
2006-11-01,200,480,ledoit_wolf_gmv,0.11790396307242865,0.00017685594460864297,0.062321674030397,16.04578207434313,0.12487531429072551
2006-12-01,10,504,equal_weight,0.014701770297987943,2.2052655446981915e-05,0.10000000000000003,9.999999999999996,0.1
2006-12-01,10,504,sample_gmv,0.04535265137378408,6.802897706067612e-05,0.14817173579668658,6.748925458848286,0.24656263827580976
2006-12-01,10,504,ledoit_wolf_gmv,0.038239652047578475,5.7359478071367715e-05,0.14227932590334913,7.0284280140552795,0.23335071409285832
2006-12-01,50,504,equal_weight,0.03569323470435169,5.353985205652754e-05,0.020000000000000004,49.99999999999999,0.02
2006-12-01,50,504,sample_gmv,0.10074141215570329,0.00015111211823355493,0.13647341106951996,7.327434642126715,0.27654896830892245
2006-12-01,50,504,ledoit_wolf_gmv,0.10374548485865343,0.00015561822728798013,0.11874959438352978,8.421081395615252,0.25363659635184155
2006-12-01,100,494,equal_weight,0.04398601820578389,6.597902730867584e-05,0.01,100.0,0.01
2006-12-01,100,494,sample_gmv,0.11635815016155239,0.00017453722524232859,0.08924118030587168,11.205589130181018,0.1834158397252215
2006-12-01,100,494,ledoit_wolf_gmv,0.10049159200998198,0.00015073738801497298,0.07224770839283284,13.841269463699732,0.14295573620380803
2006-12-01,200,494,equal_weight,0.03629351276160199,5.4440269142402986e-05,0.005000000000000001,199.99999999999997,0.005
2006-12-01,200,494,sample_gmv,0.1371869464617572,0.00020578041969263579,0.06666613235585744,15.000120220895605,0.11949147555196692
2006-12-01,200,494,ledoit_wolf_gmv,0.14114065518441415,0.00021171098277662122,0.058640373494449435,17.053097386814127,0.10576944090632094
2007-01-04,10,504,equal_weight,0.1171892587346904,0.0001757838881020356,0.10000000000000003,9.999999999999996,0.1
2007-01-04,10,504,sample_gmv,0.13113378201252393,0.0001967006730187859,0.13793031444093073,7.250037847396153,0.2492972328187383
2007-01-04,10,504,ledoit_wolf_gmv,0.13039279062350848,0.0001955891859352627,0.13221856187050746,7.563234585620304,0.23349528469826697
2007-01-04,50,503,equal_weight,0.056018473090580556,8.402770963587083e-05,0.020000000000000004,49.99999999999999,0.02
2007-01-04,50,503,sample_gmv,0.12287352783116323,0.00018431029174674485,0.12391385959911004,8.070122286846935,0.2551226687971576
2007-01-04,50,503,ledoit_wolf_gmv,0.12171297865940611,0.00018256946798910918,0.10954392093610846,9.128758505761816,0.23475611727471923
2007-01-04,100,503,equal_weight,0.06724894645425382,0.00010087341968138073,0.01,100.0,0.01
2007-01-04,100,503,sample_gmv,0.10091273439518117,0.00015136910159277176,0.09044754649408748,11.056131855001391,0.1993614460983651
2007-01-04,100,503,ledoit_wolf_gmv,0.07714232541994011,0.00011571348812991017,0.06904306809143217,14.483713248022564,0.13241667905894808
2007-01-04,200,503,equal_weight,0.04313031417848086,6.469547126772129e-05,0.005000000000000001,199.99999999999997,0.005
2007-01-04,200,503,sample_gmv,0.1033499873102115,0.00015502498096531725,0.06846750494798186,14.605468692918624,0.14558306617577077
2007-01-04,200,503,ledoit_wolf_gmv,0.07437059339960556,0.00011155589009940834,0.05759247395296094,17.363379819675,0.1058466215596931
2007-02-05,10,504,equal_weight,0.010622481245887834,1.593372186883175e-05,0.10000000000000003,9.999999999999996,0.1
2007-02-05,10,504,sample_gmv,0.055586392758853166,8.337958913827975e-05,0.14324870227123954,6.980866033302788,0.26600022827114533
2007-02-05,10,504,ledoit_wolf_gmv,0.051907333857124614,7.786100078568692e-05,0.13719173662295828,7.2890687487124906,0.24908376613078162
2007-02-05,50,482,equal_weight,0.031575227418085834,4.7362841127128755e-05,0.020000000000000004,49.99999999999999,0.02
2007-02-05,50,482,sample_gmv,0.058729341630911036,8.809401244636656e-05,0.13021723653383904,7.679474903770776,0.26046255003696717
2007-02-05,50,482,ledoit_wolf_gmv,0.054051439043549136,8.107715856532371e-05,0.11329375242976344,8.826612046590572,0.23801775803843875
2007-02-05,100,482,equal_weight,0.06454689550682366,9.682034326023549e-05,0.01,100.0,0.01
2007-02-05,100,482,sample_gmv,0.09612420277755826,0.00014418630416633739,0.09543350216324648,10.47850049859243,0.19170878143013892
2007-02-05,100,482,ledoit_wolf_gmv,0.08789038181862799,0.000131835572727942,0.07621546644806315,13.120696449210183,0.1442456665961051
2007-02-05,200,482,equal_weight,0.051782865880316636,7.767429882047496e-05,0.005000000000000001,199.99999999999997,0.005
2007-02-05,200,482,sample_gmv,0.14138898566393557,0.00021208347849590336,0.06971821652076399,14.343453546350727,0.12212260243609437
2007-02-05,200,482,ledoit_wolf_gmv,0.1113824809842362,0.0001670737214763543,0.060366834222369006,16.565387482742118,0.10483083571743315
2007-03-07,10,504,equal_weight,0.10961687738790579,0.00016442531608185868,0.10000000000000003,9.999999999999996,0.1
2007-03-07,10,504,sample_gmv,0.06123000856186059,9.184501284279089e-05,0.1532373776008734,6.525822979068655,0.29539277732880204
2007-03-07,10,504,ledoit_wolf_gmv,0.06696437853776044,0.00010044656780664066,0.14510776448556584,6.891429990291608,0.27822714126610026
2007-03-07,50,504,equal_weight,0.03387353236743197,5.081029855114796e-05,0.020000000000000004,49.99999999999999,0.02
2007-03-07,50,504,sample_gmv,0.09269764152745094,0.0001390464622911764,0.1374542377641643,7.275148560466646,0.25827673785607796
2007-03-07,50,504,ledoit_wolf_gmv,0.090956191104703,0.0001364342866570545,0.11953576338936231,8.365697190912755,0.2381914180590028
2007-03-07,100,504,equal_weight,0.054140367850739356,8.121055177610903e-05,0.01,100.0,0.01
2007-03-07,100,504,sample_gmv,0.14826684394562514,0.00022240026591843773,0.107567383728724,9.296498300283261,0.220191481788155
2007-03-07,100,504,ledoit_wolf_gmv,0.13566158747793824,0.00020349238121690738,0.07912367610664263,12.638442109947006,0.14985409296378066
2007-03-07,200,488,equal_weight,0.04702056129338193,7.05308419400729e-05,0.005000000000000001,199.99999999999997,0.005
2007-03-07,200,488,sample_gmv,0.17519289262061238,0.0002627893389309186,0.07407935150533052,13.499038256673227,0.1574737860466524
2007-03-07,200,488,ledoit_wolf_gmv,0.13664224993494067,0.00020496337490241102,0.05975937418843673,16.733776308412164,0.11018735615377477
2007-04-05,10,504,equal_weight,0.10871105601041975,0.00016306658401562963,0.10000000000000003,9.999999999999996,0.1
2007-04-05,10,504,sample_gmv,0.06170210338363582,9.255315507545373e-05,0.1646757766226944,6.072538539114972,0.3106349239472309
2007-04-05,10,504,ledoit_wolf_gmv,0.057855108606011896,8.678266290901785e-05,0.1547210524594751,6.463244555952865,0.2885841567234543
2007-04-05,50,504,equal_weight,0.01588650411478509,2.3829756172177637e-05,0.020000000000000004,49.99999999999999,0.02
2007-04-05,50,504,sample_gmv,0.08413314084037979,0.0001261997112605697,0.14573762708959764,6.861645959044006,0.2790892517597655
2007-04-05,50,504,ledoit_wolf_gmv,0.08493900991817929,0.00012740851487726894,0.12943204140114506,7.7260621803895395,0.2585913185577631
2007-04-05,100,504,equal_weight,0.06451859346667838,9.677789020001757e-05,0.01,100.0,0.01
2007-04-05,100,504,sample_gmv,0.12428199726972235,0.00018642299590458352,0.1051842084742883,9.507130533234411,0.2269713757059744
2007-04-05,100,504,ledoit_wolf_gmv,0.11766258461243953,0.0001764938769186593,0.0775698595248687,12.891605143095594,0.14979676581196164
2007-04-05,200,493,equal_weight,0.0472466193276298,7.08699289914447e-05,0.005000000000000001,199.99999999999997,0.005
2007-04-05,200,493,sample_gmv,0.1976592214345485,0.0002964888321518228,0.09060274468836865,11.03719322675638,0.20210411371496875
2007-04-05,200,493,ledoit_wolf_gmv,0.176579677872828,0.000264869516809242,0.06415460780884594,15.587344918070176,0.12386141978787626
2007-05-07,10,504,equal_weight,0.011835421492186159,1.7753132238279237e-05,0.10000000000000003,9.999999999999996,0.1
2007-05-07,10,504,sample_gmv,0.054682222493687205,8.202333374053081e-05,0.15951400466946447,6.269042032216175,0.29778043912003194
2007-05-07,10,504,ledoit_wolf_gmv,0.04395684473653762,6.593526710480642e-05,0.14879881252681293,6.720483739208632,0.2763027747626772
2007-05-07,50,504,equal_weight,0.03358737948879037,5.0381069233185554e-05,0.020000000000000004,49.99999999999999,0.02
2007-05-07,50,504,sample_gmv,0.1601210609374647,0.00024018159140619706,0.1476479779548489,6.772866204139974,0.30183721470299923
2007-05-07,50,504,ledoit_wolf_gmv,0.15961274543309206,0.0002394191181496381,0.13014336036754537,7.683834174681231,0.2788360095623538
2007-05-07,100,504,equal_weight,0.046201173408610505,6.930176011291576e-05,0.01,100.0,0.01
2007-05-07,100,504,sample_gmv,0.1831341359448766,0.0002747012039173149,0.11771995137050872,8.494736774504993,0.26855877686846014
2007-05-07,100,504,ledoit_wolf_gmv,0.1492022006485495,0.00022380330097282426,0.07706813353327849,12.975531573866311,0.17199699658959505
2007-05-07,200,504,equal_weight,0.04787790966157369,7.181686449236053e-05,0.005000000000000001,199.99999999999997,0.005
2007-05-07,200,504,sample_gmv,0.1862551212178705,0.00027938268182680574,0.10277898393882308,9.72961554664938,0.2518172576599347
2007-05-07,200,504,ledoit_wolf_gmv,0.16438653792075755,0.0002465798068811363,0.06511553380374872,15.357318624061248,0.15725892199427732
2007-06-06,10,504,equal_weight,0.105550659321365,0.0001583259889820475,0.10000000000000003,9.999999999999996,0.1
2007-06-06,10,504,sample_gmv,0.3015214461362466,0.0004522821692043699,0.1270196715688883,7.872796297207055,0.19005510295970626
2007-06-06,10,504,ledoit_wolf_gmv,0.27782359835785064,0.00041673539753677596,0.12181505539437751,8.209165909439433,0.17912720541899374
2007-06-06,50,504,equal_weight,0.05501286383646167,8.25192957546925e-05,0.020000000000000004,49.99999999999999,0.02
2007-06-06,50,504,sample_gmv,0.07758082396730556,0.00011637123595095834,0.15839465251948115,6.313344447515416,0.3241114646051272
2007-06-06,50,504,ledoit_wolf_gmv,0.08189189920778084,0.00012283784881167125,0.13616887488967638,7.3438221532651795,0.2952877618679785
2007-06-06,100,504,equal_weight,0.04594957813576308,6.892436720364463e-05,0.01,100.0,0.01
2007-06-06,100,504,sample_gmv,0.12588146418646118,0.00018882219627969178,0.12154528373324178,8.227386281764112,0.27605183048894727
2007-06-06,100,504,ledoit_wolf_gmv,0.12198623752342021,0.0001829793562851303,0.07854316413850085,12.73185274579246,0.1743980061218195
2007-06-06,200,504,equal_weight,0.042717043512092476,6.407556526813872e-05,0.005000000000000001,199.99999999999997,0.005
2007-06-06,200,504,sample_gmv,0.10767093105515971,0.00016150639658273956,0.10185762541562582,9.817625297267057,0.254644230548007
2007-06-06,200,504,ledoit_wolf_gmv,0.09810346373408796,0.00014715519560113194,0.06413658982474565,15.591723893217855,0.15851768008272524
2007-07-06,10,504,equal_weight,0.10849119036301473,0.0001627367855445221,0.10000000000000003,9.999999999999996,0.1
2007-07-06,10,504,sample_gmv,0.20925863796215088,0.0003138879569432263,0.15087224357396234,6.628124407189374,0.20118586053640905
2007-07-06,10,504,ledoit_wolf_gmv,0.2087814925979419,0.00031317223889691285,0.14574360421013197,6.8613645546888495,0.19666575458724309
2007-07-06,50,504,equal_weight,0.05545312218075723,8.317968327113585e-05,0.020000000000000004,49.99999999999999,0.02
2007-07-06,50,504,sample_gmv,0.06731722064930445,0.00010097583097395668,0.16665594101529216,6.000386148299635,0.3331851740878257
2007-07-06,50,504,ledoit_wolf_gmv,0.06503933556704394,9.755900335056591e-05,0.14590857687133987,6.853606699774653,0.30595216217248716
2007-07-06,100,504,equal_weight,0.04336770182291948,6.505155273437922e-05,0.01,100.0,0.01
2007-07-06,100,504,sample_gmv,0.06613940390745943,9.920910586118914e-05,0.12832771715963368,7.792548812787239,0.28893201053366835
2007-07-06,100,504,ledoit_wolf_gmv,0.07661921351979062,0.00011492882027968593,0.08444928140116713,11.841426989172456,0.19298227779664923
2007-07-06,200,504,equal_weight,0.04900590426213172,7.350885639319758e-05,0.005000000000000001,199.99999999999997,0.005
2007-07-06,200,504,sample_gmv,0.10904633517351581,0.00016356950276027373,0.11410098239935597,8.764166433729535,0.26782357756064223
2007-07-06,200,504,ledoit_wolf_gmv,0.11217829202943848,0.00016826743804415772,0.0735644606379493,13.593520448977987,0.17341288689658615
2007-08-06,10,504,equal_weight,0.20635971262929576,0.0003095395689439436,0.10000000000000003,9.999999999999996,0.1
2007-08-06,10,504,sample_gmv,0.42580992393154504,0.0006387148858973176,0.18868054407905413,5.299963517070504,0.3206814012533935
2007-08-06,10,504,ledoit_wolf_gmv,0.41193184419168255,0.0006178977662875238,0.17844291504154572,5.604033086811972,0.30215138305655703
2007-08-06,50,504,equal_weight,0.06269755953116476,9.404633929674715e-05,0.020000000000000004,49.99999999999999,0.02
2007-08-06,50,504,sample_gmv,0.09284297791105145,0.0001392644668665772,0.17187901831871905,5.818045796291889,0.34565317620701524
2007-08-06,50,504,ledoit_wolf_gmv,0.09633429342571592,0.0001445014401385739,0.15245761626021537,6.559200022471789,0.3182953860533435
2007-08-06,100,504,equal_weight,0.052042248017590505,7.806337202638576e-05,0.01,100.0,0.01
2007-08-06,100,504,sample_gmv,0.09086271593340345,0.00013629407390010519,0.14501532385910543,6.895822961245006,0.3188151606598577
2007-08-06,100,504,ledoit_wolf_gmv,0.08928383425989303,0.00013392575138983955,0.09088723523605624,11.00264517236944,0.2074497709910277
2007-08-06,200,504,equal_weight,0.06305219514704496,9.457829272056745e-05,0.005000000000000001,199.99999999999997,0.005
2007-08-06,200,504,sample_gmv,0.09299384845306036,0.00013949077267959054,0.12172496205506039,8.215241829754406,0.2845983154619253
2007-08-06,200,504,ledoit_wolf_gmv,0.09218130444689165,0.0001382719566703375,0.07665302579352909,13.04579942732565,0.17983515615186715
2007-09-05,10,504,equal_weight,0.10675064205815726,0.00016012596308723589,0.10000000000000003,9.999999999999996,0.1
2007-09-05,10,504,sample_gmv,0.19331291311383778,0.0002899693696707567,0.22857371341979005,4.374956267011496,0.38106313421460186
2007-09-05,10,504,ledoit_wolf_gmv,0.19352576703609978,0.00029028865055414965,0.21598171081218628,4.630021663591607,0.36212828997960494
2007-09-05,50,504,equal_weight,0.03519938751726734,5.279908127590101e-05,0.020000000000000004,49.99999999999999,0.02
2007-09-05,50,504,sample_gmv,0.09046584987051423,0.00013569877480577134,0.16378769178059654,6.105464880349862,0.3273883448478816
2007-09-05,50,504,ledoit_wolf_gmv,0.09598924653528423,0.00014398386980292636,0.15114623649210793,6.6161091616212016,0.3072067597464061
2007-09-05,100,504,equal_weight,0.04524946360605441,6.787419540908162e-05,0.01,100.0,0.01
2007-09-05,100,504,sample_gmv,0.15045461681514138,0.0002256819252227121,0.14158173837805152,7.06305778877923,0.3113896945025199
2007-09-05,100,504,ledoit_wolf_gmv,0.13754161721974617,0.00020631242582961926,0.09413843311507691,10.62265396724394,0.2120498096395979
2007-09-05,200,488,equal_weight,0.031008779481916604,4.651316922287491e-05,0.005000000000000001,199.99999999999997,0.005
2007-09-05,200,488,sample_gmv,0.11474148933048339,0.0001721122339957251,0.1314784924961799,7.605806706591611,0.3050673804468382
2007-09-05,200,488,ledoit_wolf_gmv,0.1165136039774864,0.0001747704059662296,0.07972056190452535,12.543815248036214,0.19313353228683328
2007-10-04,10,504,equal_weight,0.009617610065056105,1.4426415097584158e-05,0.10000000000000003,9.999999999999996,0.1
2007-10-04,10,504,sample_gmv,0.04563466160701941,6.84519924105291e-05,0.2456821209737594,4.07030025643098,0.40309815693605433
2007-10-04,10,504,ledoit_wolf_gmv,0.04154608335736962,6.231912503605442e-05,0.2302155325651884,4.343755561831335,0.38214245664706104
2007-10-04,50,504,equal_weight,0.017427559648873943,2.6141339473310915e-05,0.020000000000000004,49.99999999999999,0.02
2007-10-04,50,504,sample_gmv,0.04489957312702531,6.734935969053797e-05,0.16593827645495118,6.026337149955149,0.33313178398741683
2007-10-04,50,504,ledoit_wolf_gmv,0.04272994308335534,6.409491462503302e-05,0.1530993701615148,6.53170551221101,0.3125946320847295
2007-10-04,100,504,equal_weight,0.06878020720015725,0.00010317031080023588,0.01,100.0,0.01
2007-10-04,100,504,sample_gmv,0.06395386592597639,9.593079888896458e-05,0.13344243206899709,7.493868213395158,0.30031342772929737
2007-10-04,100,504,ledoit_wolf_gmv,0.06370117475384249,9.555176213076374e-05,0.09173122717431387,10.901413082588904,0.2026665762686764
2007-10-04,200,504,equal_weight,0.03471950721485281,5.207926082227922e-05,0.005000000000000001,199.99999999999997,0.005
2007-10-04,200,504,sample_gmv,0.10247783097163946,0.0001537167464574592,0.12632466929997932,7.9161101750073115,0.2838114359149394
2007-10-04,200,504,ledoit_wolf_gmv,0.09867327882393453,0.0001480099182359018,0.08047325568749408,12.426488669519614,0.18054623575694645
2007-11-02,10,504,equal_weight,0.029844460989704745,4.476669148455712e-05,0.10000000000000003,9.999999999999996,0.1
2007-11-02,10,504,sample_gmv,0.06719788850408671,0.00010079683275613007,0.28582821290218885,3.498604948218329,0.4603684648944589
2007-11-02,10,504,ledoit_wolf_gmv,0.06066250938234348,9.099376407351522e-05,0.26168494153003974,3.821389164210683,0.430065926132661
2007-11-02,50,504,equal_weight,0.08412746192178922,0.00012619119288268384,0.020000000000000004,49.99999999999999,0.02
2007-11-02,50,504,sample_gmv,0.1839305531094506,0.0002758958296641759,0.15111586658141427,6.617438807864997,0.2848790022384071
2007-11-02,50,504,ledoit_wolf_gmv,0.24754060933381075,0.0003713109140007161,0.11779650704018661,8.489216065284916,0.2053405221083605
2007-11-02,100,504,equal_weight,0.040447970201814135,6.06719553027212e-05,0.01,100.0,0.01
2007-11-02,100,504,sample_gmv,0.15228052923296476,0.00022842079384944713,0.11916102965426834,8.39200536367789,0.25691583741216156
2007-11-02,100,504,ledoit_wolf_gmv,0.12676521801883195,0.00019014782702824794,0.08723524743785116,11.463256302590626,0.17593359879345302
2007-11-02,200,504,equal_weight,0.057138706663004676,8.570805999450702e-05,0.005000000000000001,199.99999999999997,0.005
2007-11-02,200,504,sample_gmv,0.16480554526443492,0.00024720831789665237,0.11275597871126286,8.868709326365085,0.24116109121334706
2007-11-02,200,504,ledoit_wolf_gmv,0.1432300612036023,0.00021484509180540344,0.07740932539413159,12.918340198787085,0.15463010507307112
2007-12-04,10,504,equal_weight,0.12359844242802534,0.000185397663642038,0.10000000000000003,9.999999999999996,0.1
2007-12-04,10,504,sample_gmv,0.10565091143265393,0.0001584763671489809,0.34487238475450344,2.899623293154793,0.5211398532865985
2007-12-04,10,504,ledoit_wolf_gmv,0.10157878232834124,0.00015236817349251186,0.3090329342705986,3.2359010613553885,0.4836179406731806
2007-12-04,50,504,equal_weight,0.07727678000275284,0.00011591517000412927,0.020000000000000004,49.99999999999999,0.02
2007-12-04,50,504,sample_gmv,0.12963106205596345,0.00019444659308394518,0.13450218215779705,7.4348236136928,0.23004924598915188
2007-12-04,50,504,ledoit_wolf_gmv,0.11971310265494908,0.00017956965398242364,0.11607223949789831,8.615324424907875,0.19446718135490498
2007-12-04,100,504,equal_weight,0.044114783920947774,6.617217588142167e-05,0.01,100.0,0.01
2007-12-04,100,504,sample_gmv,0.12112809178663786,0.0001816921376799568,0.11144929677883547,8.97269008331601,0.2143587312607754
2007-12-04,100,504,ledoit_wolf_gmv,0.09447737460024709,0.00014171606190037064,0.09241703899820626,10.82051546814229,0.16729512914835906
2007-12-04,200,484,equal_weight,0.04691765772512799,7.037648658769198e-05,0.005000000000000001,199.99999999999997,0.005
2007-12-04,200,484,sample_gmv,0.07321117249834418,0.00010981675874751627,0.10342516020427761,9.668827179236416,0.218762297617795
2007-12-04,200,484,ledoit_wolf_gmv,0.06429872228949965,9.644808343424948e-05,0.0763620826745863,13.095504535430976,0.14110257803224432
2008-01-04,10,504,equal_weight,0.12103952561367047,0.00018155928842050571,0.10000000000000003,9.999999999999996,0.1
2008-01-04,10,504,sample_gmv,0.05242383463145233,7.86357519471785e-05,0.36550009972383085,2.7359773656849686,0.534206887368496
2008-01-04,10,504,ledoit_wolf_gmv,0.05308165012680071,7.962247519020106e-05,0.3313161309300003,3.018265356392435,0.49999043889132255
2008-01-04,50,504,equal_weight,0.079939878318704,0.000119909817478056,0.020000000000000004,49.99999999999999,0.02
2008-01-04,50,504,sample_gmv,0.07164765461435683,0.00010747148192153526,0.13640511931631197,7.331103150762871,0.23306029240305381
2008-01-04,50,504,ledoit_wolf_gmv,0.08606208028477393,0.00012909312042716088,0.11836262768551033,8.448612704484741,0.21509139059627297
2008-01-04,100,504,equal_weight,0.05535222387825339,8.30283358173801e-05,0.01,100.0,0.01
2008-01-04,100,504,sample_gmv,0.07791851312909921,0.00011687776969364882,0.11230383994699909,8.90441502687657,0.21298851536585522
2008-01-04,100,504,ledoit_wolf_gmv,0.07273532502748778,0.00010910298754123168,0.09342480312239693,10.703795636474485,0.188704595348592
2008-01-04,200,484,equal_weight,0.06532447230839439,9.798670846259158e-05,0.005000000000000001,199.99999999999997,0.005
2008-01-04,200,484,sample_gmv,0.26442598384871313,0.0003966389757730697,0.08180296117416747,12.224496346420644,0.14340028299764424
2008-01-04,200,484,ledoit_wolf_gmv,0.1896033147133416,0.0002844049720700124,0.07389873079156303,13.53203213760972,0.12346254154331289
2008-02-05,10,504,equal_weight,0.11629330445264918,0.00017443995667897378,0.10000000000000003,9.999999999999996,0.1
2008-02-05,10,504,sample_gmv,0.055161942980368084,8.274291447055213e-05,0.3925426940123196,2.547493598157799,0.5736854397557283
2008-02-05,10,504,ledoit_wolf_gmv,0.06392010930200444,9.588016395300666e-05,0.35685739034575964,2.8022398500171133,0.5378790907480151
2008-02-05,50,504,equal_weight,0.07410147308530049,0.00011115220962795074,0.020000000000000004,49.99999999999999,0.02
2008-02-05,50,504,sample_gmv,0.160791295248307,0.00024118694287246048,0.15197197596257409,6.580160543850983,0.2987412369917953
2008-02-05,50,504,ledoit_wolf_gmv,0.1127060061076742,0.0001690590091615113,0.1360159284154713,7.352080095688659,0.2669616169665114
2008-02-05,100,504,equal_weight,0.0792581889016657,0.00011888728335249854,0.01,100.0,0.01
2008-02-05,100,504,sample_gmv,0.17194519979957004,0.00025791779969935505,0.12724346839369885,7.85894956042805,0.26395453402341484
2008-02-05,100,504,ledoit_wolf_gmv,0.11303470873005973,0.0001695520630950896,0.1085347900755112,9.213635547682612,0.22399238440472521
2008-02-05,200,479,equal_weight,0.07830625659338443,0.00011745938489007665,0.005000000000000001,199.99999999999997,0.005
2008-02-05,200,479,sample_gmv,0.1721836046788484,0.00025827540701827263,0.09394527622928936,10.644494754151669,0.1946623629221903
2008-02-05,200,479,ledoit_wolf_gmv,0.1672339369319107,0.00025085090539786605,0.08387137052893626,11.923019663247215,0.16793240089068093
2008-03-06,10,504,equal_weight,0.12142121699524068,0.00018213182549286103,0.10000000000000003,9.999999999999996,0.1
2008-03-06,10,504,sample_gmv,0.08259817837568352,0.00012389726756352527,0.4056093938304599,2.4654261346274158,0.5890084310459329
2008-03-06,10,504,ledoit_wolf_gmv,0.08872172091977507,0.0001330825813796626,0.37244332681370274,2.6849722575381327,0.5554484481295199
2008-03-06,50,504,equal_weight,0.04990241002940739,7.485361504411108e-05,0.020000000000000004,49.99999999999999,0.02
2008-03-06,50,504,sample_gmv,0.07607758630261639,0.0001141163794539246,0.15438673640725736,6.47724035931491,0.30492651031726714
2008-03-06,50,504,ledoit_wolf_gmv,0.07269576074915311,0.00010904364112372967,0.13599591288630933,7.353162155953804,0.27026706955299196
2008-03-06,100,504,equal_weight,0.06745001724554926,0.0001011750258683239,0.01,100.0,0.01
2008-03-06,100,504,sample_gmv,0.08573888149491261,0.0001286083222423689,0.12948748679649494,7.722753948971297,0.2699484705958031
2008-03-06,100,504,ledoit_wolf_gmv,0.07952486114340118,0.00011928729171510178,0.11114109664523766,8.997571827026322,0.23027405141956742
2008-03-06,200,504,equal_weight,0.050168055424839694,7.525208313725955e-05,0.005000000000000001,199.99999999999997,0.005
2008-03-06,200,504,sample_gmv,0.20714119984875784,0.00031071179977313674,0.11209513836100965,8.920993493753809,0.2404071106770375
2008-03-06,200,504,ledoit_wolf_gmv,0.19636851739775749,0.00029455277609663624,0.09552289607355277,10.468694324656976,0.20173541692381192
2008-04-07,10,504,equal_weight,0.015361032834343036,2.3041549251514555e-05,0.10000000000000003,9.999999999999996,0.1
2008-04-07,10,504,sample_gmv,0.06017177888235936,9.025766832353905e-05,0.4315947335421032,2.3169884205791575,0.5989868982868574
2008-04-07,10,504,ledoit_wolf_gmv,0.0631492014540045,9.472380218100675e-05,0.3998512274829572,2.500930174192407,0.567154238735782
2008-04-07,50,504,equal_weight,0.07664202664154826,0.0001149630399623224,0.020000000000000004,49.99999999999999,0.02
2008-04-07,50,504,sample_gmv,0.13133295353792268,0.000196999430306884,0.1769263692142045,5.652068735945751,0.32517095497725623
2008-04-07,50,504,ledoit_wolf_gmv,0.11057825813755694,0.0001658673872063354,0.15358940530953988,6.5108657591624075,0.29019556014212144
2008-04-07,100,504,equal_weight,0.03927716762744959,5.891575144117438e-05,0.01,100.0,0.01
2008-04-07,100,504,sample_gmv,0.08512125343514124,0.00012768188015271185,0.1360138191600868,7.352194109210408,0.2774752482822872
2008-04-07,100,504,ledoit_wolf_gmv,0.08757734933775818,0.00013136602400663728,0.11515438994834354,8.6839937274522,0.23534274322860915
2008-04-07,200,485,equal_weight,0.04228255776333686,6.342383664500529e-05,0.005000000000000001,199.99999999999997,0.005
2008-04-07,200,485,sample_gmv,0.055429545818042915,8.314431872706437e-05,0.11437800461322845,8.742939723258159,0.23967428923660147
2008-04-07,200,485,ledoit_wolf_gmv,0.05334264906472638,8.001397359708958e-05,0.09701077392876835,10.30813341139063,0.20085733057591373
2008-05-06,10,504,equal_weight,0.02174565720345651,3.261848580518477e-05,0.10000000000000003,9.999999999999996,0.1
2008-05-06,10,504,sample_gmv,0.03335491311411727,5.0032369671175905e-05,0.4268043951425083,2.3429936790273773,0.5879540914449823
2008-05-06,10,504,ledoit_wolf_gmv,0.03413668234667923,5.120502352001884e-05,0.39469381332298503,2.5336095126013087,0.5548275939558938
2008-05-06,50,504,equal_weight,0.06448827851615876,9.673241777423815e-05,0.020000000000000004,49.99999999999999,0.02
2008-05-06,50,504,sample_gmv,0.05304446318890288,7.956669478335432e-05,0.1807855449105321,5.5314156919729625,0.3300350990118327
2008-05-06,50,504,ledoit_wolf_gmv,0.052411416003308085,7.861712400496212e-05,0.154186856540443,6.485637118736521,0.2913315803921653
2008-05-06,100,504,equal_weight,0.052852939230516705,7.927940884577506e-05,0.01,100.0,0.01
2008-05-06,100,504,sample_gmv,0.04685948778129637,7.028923167194456e-05,0.13851041590421223,7.219673650330791,0.2805080785629594
2008-05-06,100,504,ledoit_wolf_gmv,0.047176898565889615,7.076534784883442e-05,0.1185460706238187,8.435538982757953,0.24016279280295444
2008-05-06,200,485,equal_weight,0.05229833147875643,7.844749721813464e-05,0.005000000000000001,199.99999999999997,0.005
2008-05-06,200,485,sample_gmv,0.17960370639077208,0.00026940555958615813,0.11797874915630374,8.476102748598846,0.24451044317038642
2008-05-06,200,485,ledoit_wolf_gmv,0.16691871033037325,0.00025037806549555987,0.09949954997521114,10.050296712388501,0.2032898486210319
2008-06-05,10,504,equal_weight,0.10839162137764435,0.00016258743206646654,0.10000000000000003,9.999999999999996,0.1
2008-06-05,10,504,sample_gmv,0.019664452361759482,2.9496678542639225e-05,0.41569948094923315,2.405583951455845,0.5802534746066766
2008-06-05,10,504,ledoit_wolf_gmv,0.02581009968398653,3.87151495259798e-05,0.3800943587919696,2.6309256553510507,0.5437085730932751
2008-06-05,50,504,equal_weight,0.04483248736458187,6.724873104687281e-05,0.020000000000000004,49.99999999999999,0.02
2008-06-05,50,504,sample_gmv,0.05102200968662439,7.653301452993659e-05,0.17905995942554975,5.584721470998567,0.33471573400199733
2008-06-05,50,504,ledoit_wolf_gmv,0.055815992615677934,8.37239889235169e-05,0.1534599506908631,6.516358147504209,0.29593360724755224
2008-06-05,100,504,equal_weight,0.07599635999531425,0.00011399453999297138,0.01,100.0,0.01
2008-06-05,100,504,sample_gmv,0.044759638990079904,6.713945848511986e-05,0.13817740813105125,7.237073075300215,0.28254425930832466
2008-06-05,100,504,ledoit_wolf_gmv,0.03576508463905809,5.3647626958587134e-05,0.11359964475345202,8.802844429402253,0.2366973110525272
2008-06-05,200,504,equal_weight,0.05803790323219839,8.705685484829758e-05,0.005000000000000001,199.99999999999997,0.005
2008-06-05,200,504,sample_gmv,0.07468032330490558,0.00011202048495735837,0.11656477673656686,8.578920905583443,0.24592534657429108
2008-06-05,200,504,ledoit_wolf_gmv,0.07261132819975392,0.00010891699229963089,0.09747021408652337,10.259544511847585,0.20498105692424617
2008-07-07,10,504,equal_weight,0.02288042546307554,3.432063819461331e-05,0.10000000000000003,9.999999999999996,0.1
2008-07-07,10,504,sample_gmv,0.02302940231550296,3.454410347325444e-05,0.4319185936274218,2.3152511023005693,0.5970726721039769
2008-07-07,10,504,ledoit_wolf_gmv,0.024072915254693326,3.610937288203999e-05,0.39483810728640334,2.5326836025850743,0.5588816231266193
2008-07-07,50,504,equal_weight,0.08765041833410117,0.00013147562750115177,0.020000000000000004,49.99999999999999,0.02
2008-07-07,50,504,sample_gmv,0.10615496483789744,0.00015923244725684615,0.18226823556948873,5.486419489800546,0.34244650341559896
2008-07-07,50,504,ledoit_wolf_gmv,0.10736239630195295,0.00016104359445292944,0.15100910038292567,6.6221174582473585,0.29822339376631446
2008-07-07,100,504,equal_weight,0.08139768352493791,0.00012209652528740687,0.01,100.0,0.01
2008-07-07,100,504,sample_gmv,0.06751125972076698,0.00010126688958115047,0.13849550834004334,7.220450771188433,0.2820589730974952
2008-07-07,100,504,ledoit_wolf_gmv,0.06097240523130268,9.145860784695402e-05,0.11583746817125572,8.632785365453483,0.24255411369019683
2008-07-07,200,504,equal_weight,0.056433469280890707,8.465020392133606e-05,0.005000000000000001,199.99999999999997,0.005
2008-07-07,200,504,sample_gmv,0.08628506790920042,0.00012942760186380063,0.1213415989774366,8.241196823077544,0.23792802131772817
2008-07-07,200,504,ledoit_wolf_gmv,0.08541391734540307,0.00012812087601810461,0.10325678992866974,9.684593145795105,0.19832901704878958
2008-08-05,10,504,equal_weight,0.129498050363629,0.0001942470755454435,0.10000000000000003,9.999999999999996,0.1
2008-08-05,10,504,sample_gmv,0.038277770968904,5.7416656453356e-05,0.42424004104611823,2.3571560985477373,0.5796453452696253
2008-08-05,10,504,ledoit_wolf_gmv,0.05098194218161494,7.647291327242242e-05,0.37086428052187365,2.6964041902143223,0.5234982881413773
2008-08-05,50,504,equal_weight,0.11335108842692407,0.0001700266326403861,0.020000000000000004,49.99999999999999,0.02
2008-08-05,50,504,sample_gmv,0.1445624416875011,0.00021684366253125166,0.1703626928894228,5.869829732317447,0.3232624602664135
2008-08-05,50,504,ledoit_wolf_gmv,0.15269067755708443,0.00022903601633562665,0.13664540979945702,7.318211431087337,0.26993357477195035
2008-08-05,100,504,equal_weight,0.09695774586028699,0.0001454366187904305,0.01,100.0,0.01
2008-08-05,100,504,sample_gmv,0.08954912243016645,0.00013432368364524967,0.14251523375474565,7.016793739544358,0.2982298243779756
2008-08-05,100,504,ledoit_wolf_gmv,0.07656170714441765,0.00011484256071662647,0.11273389905979635,8.870446319519028,0.24292634762400625
2008-08-05,200,501,equal_weight,0.07919633039003704,0.00011879449558505557,0.005000000000000001,199.99999999999997,0.005
2008-08-05,200,501,sample_gmv,0.07526863999279364,0.00011290295998919046,0.12454791539929677,8.029038437086891,0.2409899449269975
2008-08-05,200,501,ledoit_wolf_gmv,0.090693969051071,0.0001360409535766065,0.10346760697960942,9.664860618619237,0.19677989545584884
2008-09-04,10,504,equal_weight,0.013786348471274086,2.067952270691113e-05,0.10000000000000003,9.999999999999996,0.1
2008-09-04,10,504,sample_gmv,0.06075066414761348,9.112599622142022e-05,0.43608788307948804,2.293115765882733,0.6054617970238976
2008-09-04,10,504,ledoit_wolf_gmv,0.0676099360988535,0.00010141490414828025,0.3885197419666659,2.5738717804610243,0.5529309660206361
2008-09-04,50,504,equal_weight,0.05454529115330937,8.181793672996406e-05,0.020000000000000004,49.99999999999999,0.02
2008-09-04,50,504,sample_gmv,0.10886650076832438,0.0001632997511524866,0.16466283850864316,6.073015678929341,0.32859297288710604
2008-09-04,50,504,ledoit_wolf_gmv,0.06983558191728934,0.000104753372875934,0.137729492226568,7.260609066611371,0.2792029535852619
2008-09-04,100,504,equal_weight,0.040982681605218944,6.147402240782842e-05,0.01,100.0,0.01
2008-09-04,100,504,sample_gmv,0.09828402843081746,0.00014742604264622618,0.14584904108922533,6.8564043515941595,0.3090895518901431
2008-09-04,100,504,ledoit_wolf_gmv,0.08940821407459663,0.00013411232111189495,0.1156331020173218,8.64804266731684,0.25180641663358844
2008-09-04,200,467,equal_weight,0.040407657167263286,6.061148575089493e-05,0.005000000000000001,199.99999999999997,0.005
2008-09-04,200,467,sample_gmv,0.03418781443515012,5.128172165272518e-05,0.12959928763316236,7.716091795431414,0.24348491142544001
2008-09-04,200,467,ledoit_wolf_gmv,0.038861667974529265,5.82925019617939e-05,0.108731197829391,9.19699239926603,0.20002840635111166
2008-10-03,10,504,equal_weight,0.12661730234372257,0.00018992595351558384,0.10000000000000003,9.999999999999996,0.1
2008-10-03,10,504,sample_gmv,0.10302901598760271,0.00015454352398140407,0.5056534554916738,1.977639011737093,0.6453817445556729
2008-10-03,10,504,ledoit_wolf_gmv,0.1120953650389277,0.00016814304755839154,0.4216217878060093,2.3717939369397723,0.5639638664478844
2008-10-03,50,504,equal_weight,0.07994842125603678,0.00011992263188405518,0.020000000000000004,49.99999999999999,0.02
2008-10-03,50,504,sample_gmv,0.18974067161980315,0.00028461100742970474,0.20079866694819226,4.980112742770391,0.3429620614504024
2008-10-03,50,504,ledoit_wolf_gmv,0.18365650404149458,0.0002754847560622419,0.16048233635893772,6.2312153641842665,0.2766944907108019
2008-10-03,100,504,equal_weight,0.11088197062272387,0.00016632295593408582,0.01,100.0,0.01
2008-10-03,100,504,sample_gmv,0.23634483483598356,0.00035451725225397535,0.17609405177361914,5.678783524644932,0.31798454525147557
2008-10-03,100,504,ledoit_wolf_gmv,0.2312850292509005,0.00034692754387635077,0.13410697949089603,7.45673345113172,0.2454972202350828
2008-10-03,200,504,equal_weight,0.08334619223502827,0.00012501928835254242,0.005000000000000001,199.99999999999997,0.005
2008-10-03,200,504,sample_gmv,0.2048659353571177,0.0003072989030356766,0.14199600499045983,7.042451652546043,0.25192522347745533
2008-10-03,200,504,ledoit_wolf_gmv,0.20482737212752955,0.0003072410581912943,0.11099764719057786,9.009199972347576,0.19377485329303168
2008-11-03,10,504,equal_weight,0.11094653242689759,0.00016641979864034638,0.10000000000000003,9.999999999999996,0.1
2008-11-03,10,504,sample_gmv,0.1743822292993611,0.00026157334394904164,0.4160140808175412,2.4037647909292477,0.5624460586626016
2008-11-03,10,504,ledoit_wolf_gmv,0.18904059484789817,0.00028356089227184726,0.35546539333527155,2.8132133781496123,0.48482916236548246
2008-11-03,50,504,equal_weight,0.11383093216222664,0.00017074639824333997,0.020000000000000004,49.99999999999999,0.02
2008-11-03,50,504,sample_gmv,0.24750237296020694,0.0003712535594403104,0.20073383595765187,4.981721169374587,0.2838155380718644
2008-11-03,50,504,ledoit_wolf_gmv,0.26032826502267603,0.00039049239753401405,0.1649708196961585,6.0616780703508,0.260515694796489
2008-11-03,100,504,equal_weight,0.08615471960437797,0.00012923207940656695,0.01,100.0,0.01
2008-11-03,100,504,sample_gmv,0.336415222842383,0.0005046228342635745,0.17237041307367643,5.801459671460956,0.26535449004590694
2008-11-03,100,504,ledoit_wolf_gmv,0.3426185471281038,0.0005139278206921557,0.1430812958473318,6.989033710367028,0.2419478275187425
2008-11-03,200,473,equal_weight,0.09675875610799967,0.0001451381341619995,0.005000000000000001,199.99999999999997,0.005
2008-11-03,200,473,sample_gmv,0.7792493344324357,0.0011688740016486535,0.5641410137177145,1.772606450663736,0.7438109034308842
2008-11-03,200,473,ledoit_wolf_gmv,0.5549256121302939,0.0008323884181954408,0.30148840166737356,3.316877181574902,0.522928943720289
2008-12-03,10,504,equal_weight,0.20984660657862797,0.00031476990986794196,0.10000000000000003,9.999999999999996,0.1
2008-12-03,10,504,sample_gmv,0.2955992251974676,0.00044339883779620146,0.32371279236016626,3.0891581167029987,0.46354226377666685
2008-12-03,10,504,ledoit_wolf_gmv,0.2918378344974829,0.0004377567517462244,0.29448743381048526,3.395730632919098,0.4107788246777637
2008-12-03,50,494,equal_weight,0.09698192291590371,0.00014547288437385557,0.020000000000000004,49.99999999999999,0.02
2008-12-03,50,494,sample_gmv,0.11614366277399044,0.00017421549416098565,0.1808158397160857,5.530488930450922,0.2707782473791619
2008-12-03,50,494,ledoit_wolf_gmv,0.09691913108036844,0.00014537869662055265,0.15475433396108865,6.4618545691356175,0.23562106957196075
2008-12-03,100,494,equal_weight,0.10530672085769038,0.00015796008128653557,0.01,100.0,0.01
2008-12-03,100,494,sample_gmv,0.397585599376969,0.0005963783990654536,0.15008710419183574,6.662797615988628,0.2789808803310919
2008-12-03,100,494,ledoit_wolf_gmv,0.38354785211135634,0.0005753217781670346,0.1350325984065744,7.405619174927412,0.2677048963253537
2008-12-03,200,437,equal_weight,0.09986384189580355,0.00014979576284370532,0.005000000000000001,199.99999999999997,0.005
2008-12-03,200,437,sample_gmv,0.03934368537937327,5.901552806905991e-05,0.5476533449650886,1.8259725959744615,0.7315875212598688
2008-12-03,200,437,ledoit_wolf_gmv,0.1014508574969723,0.00015217628624545845,0.2467592301860087,4.052533310491338,0.46139425795620614
2009-01-05,10,504,equal_weight,0.11079366224702705,0.00016619049337054058,0.10000000000000003,9.999999999999996,0.1
2009-01-05,10,504,sample_gmv,0.1966038681656685,0.00029490580224850275,0.3516899299087897,2.8434137999326525,0.4954884153125812
2009-01-05,10,504,ledoit_wolf_gmv,0.20036307072525097,0.0003005446060878765,0.3207268345702262,3.1179180916994347,0.4473811774212071
2009-01-05,50,503,equal_weight,0.06655870966311744,9.983806449467616e-05,0.020000000000000004,49.99999999999999,0.02
2009-01-05,50,503,sample_gmv,0.32329332870883687,0.0004849399930632553,0.14749399256406837,6.779937152800447,0.2134421942975408
2009-01-05,50,503,ledoit_wolf_gmv,0.30326996290524866,0.000454904944357873,0.13726215583809712,7.285329258412026,0.20773106261920302
2009-01-05,100,503,equal_weight,0.0750523338175624,0.00011257850072634361,0.01,100.0,0.01
2009-01-05,100,503,sample_gmv,0.2850550930056688,0.0004275826395085032,0.16963039529757173,5.89516989715059,0.3327505431582651
2009-01-05,100,503,ledoit_wolf_gmv,0.26173670728751264,0.00039260506093126895,0.15661848227877617,6.384942475818596,0.315905632621161
2009-01-05,200,468,equal_weight,0.08733974090833352,0.00013100961136250028,0.005000000000000001,199.99999999999997,0.005
2009-01-05,200,468,sample_gmv,0.14850336595923425,0.00022275504893885136,0.7167302840392944,1.3952249852821559,0.8432922800413879
2009-01-05,200,468,ledoit_wolf_gmv,0.3176201924259612,0.00047643028863894176,0.41291143238884837,2.421826865423955,0.6286683163620886
2009-02-04,10,504,equal_weight,0.04291481711995087,6.437222567992631e-05,0.10000000000000003,9.999999999999996,0.1
2009-02-04,10,504,sample_gmv,0.04278291323115796,6.417436984673693e-05,0.37651949904650595,2.655904946576179,0.5397999650547528
2009-02-04,10,504,ledoit_wolf_gmv,0.03717803631287041,5.5767054469305615e-05,0.3366850833692432,2.97013455420387,0.483146258228859
2009-02-04,50,503,equal_weight,0.10111660325559804,0.00015167490488339708,0.020000000000000004,49.99999999999999,0.02
2009-02-04,50,503,sample_gmv,0.03772796178418725,5.6591942676280874e-05,0.15209162606613905,6.574983947933707,0.22283549209093623
2009-02-04,50,503,ledoit_wolf_gmv,0.044861629851466155,6.729244477719923e-05,0.13740530862091455,7.277739193897414,0.21555846140461327
2009-02-04,100,503,equal_weight,0.08590622065171638,0.00012885933097757458,0.01,100.0,0.01
2009-02-04,100,503,sample_gmv,0.14228708012545693,0.00021343062018818542,0.16345278943732167,6.117974513879217,0.3167259213546062
2009-02-04,100,503,ledoit_wolf_gmv,0.12706844867492606,0.0001906026730123891,0.14844878911134138,6.73632978743914,0.29928039212213847
2009-02-04,200,481,equal_weight,0.08083703811031506,0.00012125555716547259,0.005000000000000001,199.99999999999997,0.005
2009-02-04,200,481,sample_gmv,0.8891571074378949,0.0013337356611568423,0.15113278688206622,6.6166979424546195,0.30991208937325837
2009-02-04,200,481,ledoit_wolf_gmv,0.7152591930212366,0.001072888789531855,0.13505801889044472,7.404225296767991,0.2882804309612482
2009-03-06,10,504,equal_weight,0.21409567937159862,0.00032114351905739795,0.10000000000000003,9.999999999999996,0.1
2009-03-06,10,504,sample_gmv,0.32635509601662127,0.0004895326440249319,0.22282150820871302,4.4878970977223505,0.28710332078609474
2009-03-06,10,504,ledoit_wolf_gmv,0.33727521917396786,0.0005059128287609518,0.2089828315761654,4.785082068502562,0.27602374453287526
2009-03-06,50,503,equal_weight,0.0791054990803189,0.00011865824862047836,0.020000000000000004,49.99999999999999,0.02
2009-03-06,50,503,sample_gmv,0.4394920270363707,0.0006592380405545561,0.18586102389798592,5.380364204540662,0.3534736192428641
2009-03-06,50,503,ledoit_wolf_gmv,0.4155356153868467,0.00062330342308027,0.17494017449135732,5.716239868329408,0.3411370618820963
2009-03-06,100,503,equal_weight,0.12609626693476492,0.00018914440040214737,0.01,100.0,0.01
2009-03-06,100,503,sample_gmv,0.057281120114857746,8.592168017228662e-05,0.17411474182878528,5.743339073398761,0.3309989651760868
2009-03-06,100,503,ledoit_wolf_gmv,0.06321813793258217,9.482720689887326e-05,0.15869336746437446,6.301460583880375,0.31538808974809607
2009-03-06,200,499,equal_weight,0.08889444746346588,0.00013334167119519882,0.005000000000000001,199.99999999999997,0.005
2009-03-06,200,499,sample_gmv,0.838802751721604,0.001258204127582406,0.2967203974955085,3.370176126887728,0.4203437336937509
2009-03-06,200,499,ledoit_wolf_gmv,0.7701225325055382,0.0011551837987583073,0.21302632933887317,4.69425541482829,0.3365320673557037
2009-04-06,10,504,equal_weight,0.22024596522089304,0.00033036894783133956,0.10000000000000003,9.999999999999996,0.1
2009-04-06,10,504,sample_gmv,0.3357533840148853,0.000503630076022328,0.34820467181073056,2.871874161825026,0.5049987700498917
2009-04-06,10,504,ledoit_wolf_gmv,0.35120732089771295,0.0005268109813465694,0.31858079832768094,3.1389211316227397,0.45650757479654963
2009-04-06,50,497,equal_weight,0.13424206993696158,0.00020136310490544238,0.020000000000000004,49.99999999999999,0.02
2009-04-06,50,497,sample_gmv,0.36699884508592107,0.0005504982676288816,0.14834667450401304,6.740966747946535,0.2511767789884465
2009-04-06,50,497,ledoit_wolf_gmv,0.35336777062768565,0.0005300516559415284,0.14089438601219129,7.097514871270117,0.2434662574302763
2009-04-06,100,497,equal_weight,0.12054284696014796,0.00018081427044022193,0.01,100.0,0.01
2009-04-06,100,497,sample_gmv,0.17906680511378636,0.00026860020767067956,0.182902100055444,5.467405785372969,0.3535042296808971
2009-04-06,100,497,ledoit_wolf_gmv,0.16487830934381148,0.0002473174640157172,0.16663844475690315,6.00101616081948,0.3352303337489652
2009-04-06,200,478,equal_weight,0.09635048218188963,0.00014452572327283445,0.005000000000000001,199.99999999999997,0.005
2009-04-06,200,478,sample_gmv,0.39112211930407775,0.0005866831789561166,0.5064037963103576,1.974708734977836,0.7054318173059556
2009-04-06,200,478,ledoit_wolf_gmv,0.41771872061872795,0.000626578080928092,0.3516222991914713,2.8439606995899402,0.5758778185724669
2009-05-06,10,504,equal_weight,0.03257833096142381,4.8867496442135716e-05,0.10000000000000003,9.999999999999996,0.1
2009-05-06,10,504,sample_gmv,0.024157597458853177,3.6236396188279764e-05,0.3529673759912421,2.8331230250152415,0.5184571811459779
2009-05-06,10,504,ledoit_wolf_gmv,0.020558116396513962,3.083717459477094e-05,0.3211914153645236,3.113408242449722,0.4681231882450623
2009-05-06,50,503,equal_weight,0.07186016397374517,0.00010779024596061775,0.020000000000000004,49.99999999999999,0.02
2009-05-06,50,503,sample_gmv,0.27219455899578804,0.00040829183849368206,0.17359324397864612,5.760592849586998,0.2817009485739805
2009-05-06,50,503,ledoit_wolf_gmv,0.25264126280990035,0.00037896189421485053,0.14907536155367407,6.708016600314958,0.2405433093935052
2009-05-06,100,503,equal_weight,0.07903107843089298,0.00011854661764633947,0.01,100.0,0.01
2009-05-06,100,503,sample_gmv,0.1688264373679537,0.00025323965605193055,0.19002411091131458,5.262490087201124,0.37957879659687255
2009-05-06,100,503,ledoit_wolf_gmv,0.154912009609244,0.000232368014413866,0.17661551926207095,5.662016589358435,0.3623954933184949
2009-05-06,200,459,equal_weight,0.07024722001827194,0.0001053708300274079,0.005000000000000001,199.99999999999997,0.005
2009-05-06,200,459,sample_gmv,0.13183798557155413,0.0001977569783573312,0.44284313891303784,2.258135922472477,0.6540466609495053
2009-05-06,200,459,ledoit_wolf_gmv,0.21883962627512626,0.0003282594394126894,0.2782781115400665,3.5935273330185007,0.48145939931695764
2009-06-05,10,504,equal_weight,0.0189848196294769,2.8477229444215352e-05,0.10000000000000003,9.999999999999996,0.1
2009-06-05,10,504,sample_gmv,0.03632277396733916,5.448416095100875e-05,0.36968199548883823,2.705027597239836,0.5446071843461814
2009-06-05,10,504,ledoit_wolf_gmv,0.031211380431591964,4.6817070647387946e-05,0.3316134808127662,3.015558949983142,0.48940486053747534
2009-06-05,50,503,equal_weight,0.05931088629808919,8.896632944713379e-05,0.020000000000000004,49.99999999999999,0.02
2009-06-05,50,503,sample_gmv,0.4365633752159622,0.0006548450628239433,0.21575926364080128,4.634795202419732,0.39525931199744757
2009-06-05,50,503,ledoit_wolf_gmv,0.42236765814808214,0.0006335514872221232,0.20342397237158608,4.9158414730656315,0.38339189969491455
2009-06-05,100,503,equal_weight,0.08279134845917857,0.00012418702268876785,0.01,100.0,0.01
2009-06-05,100,503,sample_gmv,0.12858138478828143,0.00019287207718242215,0.1954213289545981,5.117148703007379,0.38596487656557993
2009-06-05,100,503,ledoit_wolf_gmv,0.11910329787177928,0.00017865494680766893,0.1809249877571325,5.5271525088749245,0.367221066634211
2009-06-05,200,474,equal_weight,0.0503396318157253,7.550944772358795e-05,0.005000000000000001,199.99999999999997,0.005
2009-06-05,200,474,sample_gmv,0.03983586580271781,5.9753798704076715e-05,0.4342077253903302,2.303045159090737,0.6461275646129719
2009-06-05,200,474,ledoit_wolf_gmv,0.04263875499117269,6.395813248675904e-05,0.28081915913129923,3.561010591632895,0.4845933446639606
2009-07-07,10,504,equal_weight,0.11275735751199169,0.00016913603626798754,0.10000000000000003,9.999999999999996,0.1
2009-07-07,10,504,sample_gmv,0.02127610914138191,3.191416371207287e-05,0.37162993039418696,2.690848928500733,0.5489195193139655
2009-07-07,10,504,ledoit_wolf_gmv,0.02165993301075865,3.2489899516137974e-05,0.3310184693281776,3.0209794699055967,0.4909064333413986
2009-07-07,50,503,equal_weight,0.07883796505151362,0.00011825694757727043,0.020000000000000004,49.99999999999999,0.02
2009-07-07,50,503,sample_gmv,0.42325815553784707,0.0006348872333067706,0.14535982900068242,6.879479749493275,0.2607286466156478
2009-07-07,50,503,ledoit_wolf_gmv,0.4163371977982573,0.0006245057966973859,0.12658850551650344,7.899611389832145,0.22214582432670826
2009-07-07,100,503,equal_weight,0.08249780162913357,0.00012374670244370037,0.01,100.0,0.01
2009-07-07,100,503,sample_gmv,0.11119980810363776,0.00016679971215545665,0.1919160639470448,5.2106112403176885,0.38204046579799694
2009-07-07,100,503,ledoit_wolf_gmv,0.10429459012500841,0.00015644188518751262,0.17826608648592962,5.609591929191361,0.3644693191831306
2009-07-07,200,478,equal_weight,0.04799808404061014,7.19971260609152e-05,0.005000000000000001,199.99999999999997,0.005
2009-07-07,200,478,sample_gmv,0.016681554236387838,2.502233135458176e-05,0.43425071931738485,2.3028171411481777,0.6463112115351599
2009-07-07,200,478,ledoit_wolf_gmv,0.01997342595130909,2.9960138926963637e-05,0.28258910244819485,3.538706876296913,0.48724779086352465
2009-08-05,10,504,equal_weight,0.12608945227343327,0.00018913417841014992,0.10000000000000003,9.999999999999996,0.1
2009-08-05,10,504,sample_gmv,0.0231211261912026,3.46816892868039e-05,0.36641604196644945,2.7291381529948517,0.5408480372949627
2009-08-05,10,504,ledoit_wolf_gmv,0.02071428112451028,3.107142168676542e-05,0.3291601006418399,3.0380352845015772,0.4866126815527525
2009-08-05,50,503,equal_weight,0.06297072616798802,9.445608925198203e-05,0.020000000000000004,49.99999999999999,0.02
2009-08-05,50,503,sample_gmv,0.12394809993444689,0.00018592214990167033,0.15968408335117726,6.262364908347188,0.27214652563924685
2009-08-05,50,503,ledoit_wolf_gmv,0.13946283548704583,0.00020919425323056873,0.13386977772061517,7.469945920781235,0.22212207444922
2009-08-05,100,503,equal_weight,0.07586054786983297,0.00011379082180474946,0.01,100.0,0.01
2009-08-05,100,503,sample_gmv,0.05022241313973384,7.533361970960077e-05,0.19177099530950248,5.214552901423299,0.38147834595751867
2009-08-05,100,503,ledoit_wolf_gmv,0.045910997469637935,6.88664962044569e-05,0.17772954084232154,5.626526661019071,0.36310518812282033
2009-08-05,200,503,equal_weight,0.06136406429420509,9.204609644130764e-05,0.005000000000000001,199.99999999999997,0.005
2009-08-05,200,503,sample_gmv,0.07569162197803209,0.00011353743296704813,0.4129779044360539,2.4214370533105396,0.6277205414935587
2009-08-05,200,503,ledoit_wolf_gmv,0.053479616196336455,8.021942429450468e-05,0.2860388500755868,3.496028597988512,0.49084525260489054
2009-09-03,10,504,equal_weight,0.10791138561455507,0.0001618670784218326,0.10000000000000003,9.999999999999996,0.1
2009-09-03,10,504,sample_gmv,0.015429202598665063,2.3143803897997597e-05,0.36964243183268136,2.705317122393162,0.5435598641115309
2009-09-03,10,504,ledoit_wolf_gmv,0.014974803392194837,2.2462205088292258e-05,0.3234207873547922,3.091947206544276,0.47671820683776117
2009-09-03,50,503,equal_weight,0.0318848306500457,4.7827245975068555e-05,0.020000000000000004,49.99999999999999,0.02
2009-09-03,50,503,sample_gmv,0.04963981642299134,7.445972463448702e-05,0.16010185133114757,6.246023963405921,0.251123895489866
2009-09-03,50,503,ledoit_wolf_gmv,0.04627516733227367,6.94127509984105e-05,0.1420972435520517,7.037434189451322,0.2187455186051724
2009-09-03,100,503,equal_weight,0.02703159075999869,4.054738613999804e-05,0.01,100.0,0.01
2009-09-03,100,503,sample_gmv,0.04028555974714142,6.0428339620712126e-05,0.1922715536950169,5.2009773717552115,0.3774177677449895
2009-09-03,100,503,ledoit_wolf_gmv,0.030195651745229927,4.529347761784489e-05,0.17703755153134107,5.64851914946965,0.35910825371158245
2009-09-03,200,503,equal_weight,0.04099352938333434,6.14902940750015e-05,0.005000000000000001,199.99999999999997,0.005
2009-09-03,200,503,sample_gmv,0.017291240605232315,2.5936860907848472e-05,0.411325220516453,2.4311662648461403,0.626574011865535
2009-09-03,200,503,ledoit_wolf_gmv,0.0148065644731291,2.220984670969365e-05,0.2827443042382073,3.536764437021221,0.4880594185167965
2009-10-05,10,504,equal_weight,0.11454650936035851,0.00017181976404053776,0.10000000000000003,9.999999999999996,0.1
2009-10-05,10,504,sample_gmv,0.02054889430137009,3.0823341452055134e-05,0.3708015362262962,2.6968604558038045,0.5441576741058591
2009-10-05,10,504,ledoit_wolf_gmv,0.0316186171364226,4.74279257046339e-05,0.3313907080424719,3.017586117326613,0.4892159269508249
2009-10-05,50,503,equal_weight,0.0565219877098503,8.478298156477545e-05,0.020000000000000004,49.99999999999999,0.02
2009-10-05,50,503,sample_gmv,0.030742895191605574,4.611434278740836e-05,0.1599919487754161,6.250314516786842,0.24363518418164015
2009-10-05,50,503,ledoit_wolf_gmv,0.045443553745282556,6.816533061792383e-05,0.14038901277722798,7.123064549124079,0.20578651142341164
2009-10-05,100,503,equal_weight,0.0585880613605883,8.788209204088245e-05,0.01,100.0,0.01
2009-10-05,100,503,sample_gmv,0.025409081479231536,3.811362221884731e-05,0.19285577511047164,5.185221958881864,0.37621205559120424
2009-10-05,100,503,ledoit_wolf_gmv,0.02146010832863913,3.219016249295869e-05,0.17766721664971222,5.628500400113741,0.35837366784454977
2009-10-05,200,503,equal_weight,0.04070525346950382,6.105788020425574e-05,0.005000000000000001,199.99999999999997,0.005
2009-10-05,200,503,sample_gmv,0.01639349572371847,2.4590243585577707e-05,0.41696925001765767,2.398258384659426,0.6319466057899519
2009-10-05,200,503,ledoit_wolf_gmv,0.011640484804605599,1.7460727206908398e-05,0.2833675157793662,3.5289860139742113,0.48940394030975437
2009-11-03,10,504,equal_weight,0.11268211929140437,0.00016902317893710656,0.10000000000000003,9.999999999999996,0.1
2009-11-03,10,504,sample_gmv,0.0104244267408309,1.563664011124635e-05,0.36689401984699055,2.7255827184565176,0.5366742891270709
2009-11-03,10,504,ledoit_wolf_gmv,0.00878293290006342,1.317439935009513e-05,0.32765363377142337,3.052003386898546,0.48109647048699344
2009-11-03,50,491,equal_weight,0.06252693828319894,9.379040742479842e-05,0.020000000000000004,49.99999999999999,0.02
2009-11-03,50,491,sample_gmv,0.046667502620490464,7.00012539307357e-05,0.14685182368532035,6.80958516485868,0.2290212236637794
2009-11-03,50,491,ledoit_wolf_gmv,0.08354585617739678,0.00012531878426609518,0.1278516004869611,7.821568100760574,0.19406683117021414
2009-11-03,100,491,equal_weight,0.05034948139676056,7.552422209514085e-05,0.01,100.0,0.01
2009-11-03,100,491,sample_gmv,0.016375998296430723,2.4563997444646086e-05,0.19398250582667872,5.1551040426990316,0.37688796473460134
2009-11-03,100,491,ledoit_wolf_gmv,0.014375634226727236,2.1563451340090854e-05,0.17879279606449516,5.593066510572799,0.35972092632757835
2009-11-03,200,491,equal_weight,0.04148414297340784,6.222621446011176e-05,0.005000000000000001,199.99999999999997,0.005
2009-11-03,200,491,sample_gmv,0.013698089127904363,2.0547133691856544e-05,0.4193626561382785,2.3845709324920557,0.6342935642211376
2009-11-03,200,491,ledoit_wolf_gmv,0.015910481963228532,2.38657229448428e-05,0.2856165218160657,3.501198017683271,0.4925604295918703
2009-12-03,10,504,equal_weight,0.10955010251659865,0.00016432515377489798,0.10000000000000003,9.999999999999996,0.1
2009-12-03,10,504,sample_gmv,0.02684695274086129,4.0270429111291936e-05,0.3577042104182059,2.7956058969248954,0.5221980654115479
2009-12-03,10,504,ledoit_wolf_gmv,0.02388062765505449,3.5820941482581734e-05,0.3219604841662474,3.1059712268404973,0.47046960584346925
2009-12-03,50,503,equal_weight,0.07632697861504424,0.00011449046792256636,0.020000000000000004,49.99999999999999,0.02
2009-12-03,50,503,sample_gmv,0.42093391625883586,0.0006314008743882538,0.21728028660838766,4.602350335639685,0.394277797689559
2009-12-03,50,503,ledoit_wolf_gmv,0.40519438176180994,0.0006077915726427149,0.20482834073373812,4.882136897744668,0.3805976037347808
2009-12-03,100,503,equal_weight,0.0803158238142596,0.0001204737357213894,0.01,100.0,0.01
2009-12-03,100,503,sample_gmv,0.0515025128916551,7.725376933748265e-05,0.1995636780318966,5.010931898339578,0.3828510561308801
2009-12-03,100,503,ledoit_wolf_gmv,0.04950100983797113,7.42515147569567e-05,0.17879905343067404,5.5928707720353295,0.3632821887837331
2009-12-03,200,503,equal_weight,0.04096809898390298,6.145214847585448e-05,0.005000000000000001,199.99999999999997,0.005
2009-12-03,200,503,sample_gmv,0.026067925100435686,3.910188765065353e-05,0.42454141884067914,2.3554827765233375,0.6381193054838236
2009-12-03,200,503,ledoit_wolf_gmv,0.028517789569981494,4.277668435497224e-05,0.2885198461208935,3.465966079785677,0.4948573700744807
2010-01-05,10,504,equal_weight,0.019117726696839317,2.8676590045258975e-05,0.10000000000000003,9.999999999999996,0.1
2010-01-05,10,504,sample_gmv,0.004623207066951142,6.934810600426714e-06,0.3560731968072379,2.8084113293743793,0.5206827741024289
2010-01-05,10,504,ledoit_wolf_gmv,0.005156790252116026,7.735185378174038e-06,0.3202236756591038,3.122817193143946,0.4686638247673754
2010-01-05,50,490,equal_weight,0.05284569441910085,7.926854162865127e-05,0.020000000000000004,49.99999999999999,0.02
2010-01-05,50,490,sample_gmv,0.39551015488188923,0.0005932652323228339,0.14954392738258176,6.686998379022616,0.21076109652774153
2010-01-05,50,490,ledoit_wolf_gmv,0.380401439750248,0.000570602159625372,0.13372973308395006,7.477768607914897,0.18397888641077176
2010-01-05,100,490,equal_weight,0.05442809311923395,8.164213967885093e-05,0.01,100.0,0.01
2010-01-05,100,490,sample_gmv,0.036572830465906266,5.48592456988594e-05,0.19986011424333033,5.003499591631859,0.3829602797274358
2010-01-05,100,490,ledoit_wolf_gmv,0.034890214784916405,5.233532217737461e-05,0.1781958002601043,5.61180453490119,0.36313055717187864
2010-01-05,200,490,equal_weight,0.03255844759638958,4.883767139458437e-05,0.005000000000000001,199.99999999999997,0.005
2010-01-05,200,490,sample_gmv,0.13504036738789157,0.00020256055108183737,0.5280890055406051,1.8936201843026428,0.7210168018894015
2010-01-05,200,490,ledoit_wolf_gmv,0.19766164945957462,0.00029649247418936196,0.3813603890968868,2.622191576760596,0.6023639156947636
2010-02-04,10,504,equal_weight,0.021750335303209613,3.262550295481442e-05,0.10000000000000003,9.999999999999996,0.1
2010-02-04,10,504,sample_gmv,0.017495481520220575,2.6243222280330863e-05,0.35273182305805817,2.835014973501283,0.5119021231185253
2010-02-04,10,504,ledoit_wolf_gmv,0.017546476584116327,2.631971487617449e-05,0.3168176672424677,3.1563896316258067,0.4595502132626702
2010-02-04,50,503,equal_weight,0.08191944761333463,0.00012287917142000195,0.020000000000000004,49.99999999999999,0.02
2010-02-04,50,503,sample_gmv,0.06282214162626348,9.423321243939522e-05,0.14010106543152268,7.137704462988334,0.18829057474060418
2010-02-04,50,503,ledoit_wolf_gmv,0.0815449519511936,0.0001223174279267904,0.13276657020568453,7.532016519299857,0.17511917338367425
2010-02-04,100,503,equal_weight,0.06024428585804914,9.036642878707371e-05,0.01,100.0,0.01
2010-02-04,100,503,sample_gmv,0.17055463821132652,0.00025583195731698977,0.20191937835200777,4.9524716654817125,0.3857945103460423
2010-02-04,100,503,ledoit_wolf_gmv,0.1598330805696141,0.00023974962085442114,0.1825672413940837,5.477433916205332,0.3662271053627802
2010-02-04,200,503,equal_weight,0.055551826717000846,8.332774007550127e-05,0.005000000000000001,199.99999999999997,0.005
2010-02-04,200,503,sample_gmv,0.04776233023324456,7.164349534986684e-05,0.5264156494981467,1.8996395736968315,0.71939960971854
2010-02-04,200,503,ledoit_wolf_gmv,0.050450467521776315,7.567570128266448e-05,0.3796141438554436,2.6342537974053943,0.6010521639555865
2010-03-08,10,504,equal_weight,0.10835474609767284,0.00016253211914650926,0.10000000000000003,9.999999999999996,0.1
2010-03-08,10,504,sample_gmv,0.009766468895465662,1.4649703343198493e-05,0.3514398005687812,2.845437535479956,0.5084871514570758
2010-03-08,10,504,ledoit_wolf_gmv,0.01690520814316603,2.5357812214749045e-05,0.3085453130000698,3.2410150401467086,0.44419818460637345
2010-03-08,50,493,equal_weight,0.07457526617445977,0.00011186289926168966,0.020000000000000004,49.99999999999999,0.02
2010-03-08,50,493,sample_gmv,0.10869081826536477,0.00016303622739804714,0.12640203756043342,7.911264875947077,0.17909333558237428
2010-03-08,50,493,ledoit_wolf_gmv,0.10002914014775924,0.00015004371022163886,0.11996985071164717,8.33542756007544,0.1714850293372039
2010-03-08,100,479,equal_weight,0.055175195602680006,8.276279340402e-05,0.01,100.0,0.01
2010-03-08,100,479,sample_gmv,0.03757066431816003,5.635599647724004e-05,0.2045784157001379,4.888101203529488,0.38771169381608295
2010-03-08,100,479,ledoit_wolf_gmv,0.030115894367639118,4.5173841551458676e-05,0.18302869675863476,5.463624107637771,0.3666266833549793
2010-03-08,200,479,equal_weight,0.04051829940039364,6.077744910059047e-05,0.005000000000000001,199.99999999999997,0.005
2010-03-08,200,479,sample_gmv,0.06813151521978919,0.00010219727282968378,0.5563786599713415,1.7973370870326137,0.7400109715047167
2010-03-08,200,479,ledoit_wolf_gmv,0.0569191090967138,8.53786636450707e-05,0.3935571075847527,2.540927303122456,0.6123774951325315
2010-04-07,10,504,equal_weight,0.11591712590610598,0.00017387568885915896,0.10000000000000003,9.999999999999996,0.1
2010-04-07,10,504,sample_gmv,0.11948567019218637,0.00017922850528827956,0.4148362386211212,2.4105897867647994,0.5529462683384546
2010-04-07,10,504,ledoit_wolf_gmv,0.13799591535389874,0.00020699387303084812,0.3590827767525059,2.7848731956566097,0.4768010147201899
2010-04-07,50,503,equal_weight,0.033671382852250485,5.050707427837573e-05,0.020000000000000004,49.99999999999999,0.02
2010-04-07,50,503,sample_gmv,0.09038005496690933,0.000135570082450364,0.13820386216235536,7.235687804623342,0.19015828664232226
2010-04-07,50,503,ledoit_wolf_gmv,0.0901057175902797,0.00013515857638541956,0.13147722104854162,7.605880258381779,0.1826934427298863
2010-04-07,100,503,equal_weight,0.06507538719076518,9.761308078614777e-05,0.01,100.0,0.01
2010-04-07,100,503,sample_gmv,0.10462501541449933,0.000156937523121749,0.196997568532125,5.076204784918079,0.37954267968778266
2010-04-07,100,503,ledoit_wolf_gmv,0.10004144684624128,0.0001500621702693619,0.175582822038861,5.695317960994352,0.3583946933026616
2010-04-07,200,503,equal_weight,0.045602163507877574,6.840324526181637e-05,0.005000000000000001,199.99999999999997,0.005
2010-04-07,200,503,sample_gmv,0.016264608651770034,2.439691297765505e-05,0.5676168830950334,1.7617516845998653,0.7480846084107485
2010-04-07,200,503,ledoit_wolf_gmv,0.011817515261444448,1.7726272892166674e-05,0.3934510439524697,2.54161226757554,0.6127704602935311
2010-05-06,10,504,equal_weight,0.014032564751594527,2.104884712739179e-05,0.10000000000000003,9.999999999999996,0.1
2010-05-06,10,504,sample_gmv,0.01094441105190338,1.641661657785507e-05,0.4100496913450649,2.438728820206525,0.5448298130639825
2010-05-06,10,504,ledoit_wolf_gmv,0.008284193950292828,1.242629092543924e-05,0.3564630912718081,2.8053395273887864,0.4707580812019819
2010-05-06,50,503,equal_weight,0.03749198519960314,5.623797779940471e-05,0.020000000000000004,49.99999999999999,0.02
2010-05-06,50,503,sample_gmv,0.07374845141662593,0.00011062267712493891,0.1275219269414585,7.841788655366462,0.18592613896224364
2010-05-06,50,503,ledoit_wolf_gmv,0.07649240531684398,0.00011473860797526597,0.12093242751413762,8.269080680474184,0.1776804741145851
2010-05-06,100,503,equal_weight,0.050980183881318836,7.647027582197826e-05,0.01,100.0,0.01
2010-05-06,100,503,sample_gmv,0.014784829827829511,2.2177244741744267e-05,0.1993768524537427,5.015627379472296,0.38343817941831887
2010-05-06,100,503,ledoit_wolf_gmv,0.02428698167941864,3.643047251912796e-05,0.18026857158135745,5.547278658879746,0.3632045810475863
2010-05-06,200,503,equal_weight,0.049194717566694045,7.379207635004106e-05,0.005000000000000001,199.99999999999997,0.005
2010-05-06,200,503,sample_gmv,0.050014360236766794,7.502154035515019e-05,0.5562633912710039,1.797709530578858,0.7398724942425804
2010-05-06,200,503,ledoit_wolf_gmv,0.04729411925396104,7.094117888094156e-05,0.3938004685035531,2.539357060188407,0.6131007288272573
2010-06-07,10,504,equal_weight,0.11472570779367505,0.00017208856169051258,0.10000000000000003,9.999999999999996,0.1
2010-06-07,10,504,sample_gmv,0.11188111314973043,0.00016782166972459565,0.349159478014255,2.864020778376732,0.49515926812150324
2010-06-07,10,504,ledoit_wolf_gmv,0.13052041513998602,0.00019578062270997904,0.3077681580364374,3.249199028190589,0.43432349906199996
2010-06-07,50,503,equal_weight,0.03886007531482673,5.8290112972240096e-05,0.020000000000000004,49.99999999999999,0.02
2010-06-07,50,503,sample_gmv,0.42129869561859146,0.0006319480434278872,0.22103832474788723,4.52410232994927,0.39911253898217863
2010-06-07,50,503,ledoit_wolf_gmv,0.3973664025328323,0.0005960496037992484,0.20733849490415154,4.823031055869679,0.38514012813917053
2010-06-07,100,503,equal_weight,0.05713332434004384,8.569998651006576e-05,0.01,100.0,0.01
2010-06-07,100,503,sample_gmv,0.0625562454174361,9.383436812615415e-05,0.20135193004961857,4.966428679146869,0.3894165704042364
2010-06-07,100,503,ledoit_wolf_gmv,0.07074848695025335,0.00010612273042538002,0.18339053070141698,5.45284424542141,0.36959882250861226
2010-06-07,200,503,equal_weight,0.05152446366381048,7.728669549571573e-05,0.005000000000000001,199.99999999999997,0.005
2010-06-07,200,503,sample_gmv,0.031066242729792547,4.659936409468882e-05,0.572844977998156,1.7456729803140894,0.7517312418927677
2010-06-07,200,503,ledoit_wolf_gmv,0.022761494206685093,3.414224131002764e-05,0.4068657834086885,2.4578129712016605,0.6240151372480185
2010-07-07,10,504,equal_weight,0.11021686398464667,0.00016532529597697,0.10000000000000003,9.999999999999996,0.1
2010-07-07,10,504,sample_gmv,0.01749665186101832,2.6244977791527482e-05,0.3479145887922389,2.8742686630975434,0.4896735660489609
2010-07-07,10,504,ledoit_wolf_gmv,0.015764344646079165,2.364651696911875e-05,0.31364209486698225,3.188347534868069,0.4406815085098554
2010-07-07,50,503,equal_weight,0.059445769952760005,8.916865492914001e-05,0.020000000000000004,49.99999999999999,0.02
2010-07-07,50,503,sample_gmv,0.07301584525710324,0.00010952376788565486,0.2163807042466275,4.621484172915044,0.3975922147261599
2010-07-07,50,503,ledoit_wolf_gmv,0.07211258906793379,0.00010816888360190068,0.20272050026106836,4.932900218340897,0.3830336004739822
2010-07-07,100,497,equal_weight,0.06044926731378844,9.067390097068267e-05,0.01,100.0,0.01
2010-07-07,100,497,sample_gmv,0.027373689485505105,4.106053422825766e-05,0.2028836690428623,4.928932943285517,0.3905635181464835
2010-07-07,100,497,ledoit_wolf_gmv,0.027611054944053845,4.141658241608077e-05,0.1833980108314887,5.452621843967699,0.3698454733380545
2010-07-07,200,497,equal_weight,0.041667748750634115,6.250162312595118e-05,0.005000000000000001,199.99999999999997,0.005
2010-07-07,200,497,sample_gmv,0.12275161228055965,0.00018412741842083947,0.4758250190966148,2.1016129036227773,0.678044114958551
2010-07-07,200,497,ledoit_wolf_gmv,0.20292615188115778,0.0003043892278217367,0.315312382217055,3.1714580726855797,0.5201497500371837
2010-08-05,10,504,equal_weight,0.11816854449480273,0.0001772528167422041,0.10000000000000003,9.999999999999996,0.1
2010-08-05,10,504,sample_gmv,0.01676634545856069,2.5149518187841038e-05,0.34285072339328904,2.9167212777115408,0.46956047510703897
2010-08-05,10,504,ledoit_wolf_gmv,0.015114387176311563,2.2671580764467344e-05,0.3100168453078182,3.2256311717742046,0.4219881802894544
2010-08-05,50,503,equal_weight,0.03884964518357718,5.8274467775365776e-05,0.020000000000000004,49.99999999999999,0.02
2010-08-05,50,503,sample_gmv,0.033521545072365086,5.028231760854763e-05,0.2221527331966734,4.501407592922536,0.3975567445800065
2010-08-05,50,503,ledoit_wolf_gmv,0.029662918322778824,4.4494377484168236e-05,0.2072150657260769,4.825903929794017,0.38316270914872763
2010-08-05,100,503,equal_weight,0.07818829370514833,0.0001172824405577225,0.01,100.0,0.01
2010-08-05,100,503,sample_gmv,0.03446224740362405,5.169337110543608e-05,0.20646453883871244,4.843446751798806,0.38694880542602555
2010-08-05,100,503,ledoit_wolf_gmv,0.03532597520312044,5.298896280468066e-05,0.18792259733982117,5.321339818391803,0.3680608960130267
2010-08-05,200,503,equal_weight,0.05016466505990249,7.524699758985373e-05,0.005000000000000001,199.99999999999997,0.005
2010-08-05,200,503,sample_gmv,0.015341860845077411,2.301279126761612e-05,0.4822000741093427,2.0738279682911083,0.6825624243121712
2010-08-05,200,503,ledoit_wolf_gmv,0.018371749912665165,2.755762486899775e-05,0.32198852819227924,3.105700708078762,0.5269732206043972
2010-09-03,10,504,equal_weight,0.11016724506085573,0.0001652508675912836,0.10000000000000003,9.999999999999996,0.1
2010-09-03,10,504,sample_gmv,0.04183653972366955,6.275480958550432e-05,0.3304138950081354,3.0265071024793864,0.43825149232322047
2010-09-03,10,504,ledoit_wolf_gmv,0.030881688009169708,4.6322532013754565e-05,0.3056821031179006,3.271372415330129,0.400758193501902
2010-09-03,50,503,equal_weight,0.042484568945212575,6.372685341781887e-05,0.020000000000000004,49.99999999999999,0.02
2010-09-03,50,503,sample_gmv,0.013104169257941943,1.9656253886912913e-05,0.228614797314758,4.374170052619975,0.4038381809954536
2010-09-03,50,503,ledoit_wolf_gmv,0.01160126819470169,1.7401902292052534e-05,0.21256353420185786,4.704475787697266,0.38881789649119286
2010-09-03,100,503,equal_weight,0.05007497536428168,7.511246304642253e-05,0.01,100.0,0.01
2010-09-03,100,503,sample_gmv,0.024920770090429725,3.7381155135644585e-05,0.20999016448294136,4.762127799948628,0.39034952093951053
2010-09-03,100,503,ledoit_wolf_gmv,0.025811142730546188,3.871671409581928e-05,0.19270396125559675,5.189306921789895,0.37147935094707424
2010-09-03,200,503,equal_weight,0.04397287229934074,6.595930844901112e-05,0.005000000000000001,199.99999999999997,0.005
2010-09-03,200,503,sample_gmv,0.01178262689667427,1.7673940345011407e-05,0.4842031072870459,2.0652490348583794,0.6838990942098364
2010-09-03,200,503,ledoit_wolf_gmv,0.020455891561128932,3.0683837341693396e-05,0.32331917254993775,3.0929189633675267,0.5282922788589867
2010-10-05,10,504,equal_weight,0.012880929409647933,1.93213941144719e-05,0.10000000000000003,9.999999999999996,0.1
2010-10-05,10,504,sample_gmv,0.029409112502376714,4.4113668753565074e-05,0.3285912257429172,3.043294895471064,0.4289609652126762
2010-10-05,10,504,ledoit_wolf_gmv,0.02530124878066159,3.795187317099238e-05,0.30071286898630617,3.325431343763136,0.3898632312301549
2010-10-05,50,503,equal_weight,0.01489998265251558,2.234997397877337e-05,0.020000000000000004,49.99999999999999,0.02
2010-10-05,50,503,sample_gmv,0.06916410302997776,0.00010374615454496665,0.2502188380379503,3.9965016536777758,0.4391967837234491
2010-10-05,50,503,ledoit_wolf_gmv,0.058619737270771466,8.79296059061572e-05,0.2290617417853095,4.3656351872905095,0.4180754090338929
2010-10-05,100,503,equal_weight,0.055271977541447054,8.290796631217058e-05,0.01,100.0,0.01
2010-10-05,100,503,sample_gmv,0.06995632654996951,0.00010493448982495427,0.2264328124615104,4.416321067292235,0.42304076885957215
2010-10-05,100,503,ledoit_wolf_gmv,0.05813764541984445,8.720646812976669e-05,0.20565097697086634,4.862607582660138,0.3964566879221676
2010-10-05,200,503,equal_weight,0.037915895520555506,5.687384328083326e-05,0.005000000000000001,199.99999999999997,0.005
2010-10-05,200,503,sample_gmv,0.12164409573415914,0.00018246614360123873,0.4047850583892306,2.470446918123214,0.5991024470109105
2010-10-05,200,503,ledoit_wolf_gmv,0.12788105449332615,0.00019182158173998922,0.2976492084681279,3.359659530581548,0.46367522907729386
2010-11-03,10,504,equal_weight,0.019384464889222623,2.9076697333833934e-05,0.10000000000000003,9.999999999999996,0.1
2010-11-03,10,504,sample_gmv,0.10008509036679689,0.00015012763555019532,0.3609536942883054,2.7704384684902754,0.45498270790602535
2010-11-03,10,504,ledoit_wolf_gmv,0.12274569296721344,0.00018411853945082016,0.33477700503646457,2.9870629850789125,0.4250082863863884
2010-11-03,50,503,equal_weight,0.03848392083454519,5.772588125181778e-05,0.020000000000000004,49.99999999999999,0.02
2010-11-03,50,503,sample_gmv,0.23761405691300902,0.00035642108536951354,0.18837037943218274,5.308690267622574,0.331897424187415
2010-11-03,50,503,ledoit_wolf_gmv,0.22023537268489404,0.0003303530590273411,0.17831927787569568,5.607918627267482,0.3172977179140085
2010-11-03,100,503,equal_weight,0.06883876941722158,0.00010325815412583238,0.01,100.0,0.01
2010-11-03,100,503,sample_gmv,0.29381148337393415,0.0004407172250609012,0.18203320169179305,5.493503331843473,0.30678804731203163
2010-11-03,100,503,ledoit_wolf_gmv,0.29040777347214985,0.0004356116602082248,0.16632571140781344,6.012299550898078,0.29242043133927614
2010-11-03,200,503,equal_weight,0.04174272013398955,6.261408020098433e-05,0.005000000000000001,199.99999999999997,0.005
2010-11-03,200,503,sample_gmv,0.21039318628034062,0.00031558977942051095,0.32238663387244154,3.101865570505225,0.47978649922570854
2010-11-03,200,503,ledoit_wolf_gmv,0.1836651369226054,0.0002754977053839081,0.2639649574320923,3.788381646292047,0.3953696482540311
2010-12-03,10,504,equal_weight,0.012363653052062003,1.8545479578093003e-05,0.10000000000000003,9.999999999999996,0.1
2010-12-03,10,504,sample_gmv,0.1416611549041619,0.00021249173235624285,0.3839280952670625,2.60465439317327,0.5266109752367423
2010-12-03,10,504,ledoit_wolf_gmv,0.13060158253508675,0.00019590237380263012,0.3506383992931573,2.8519409226595647,0.4910000424597156
2010-12-03,50,503,equal_weight,0.041184097551100994,6.177614632665149e-05,0.020000000000000004,49.99999999999999,0.02
2010-12-03,50,503,sample_gmv,0.2014715581289823,0.0003022073371934734,0.1853530748772603,5.395108770988526,0.299150399720158
2010-12-03,50,503,ledoit_wolf_gmv,0.18298086692231186,0.0002744713003834678,0.16954436327513234,5.898161287598958,0.28766254470094577
2010-12-03,100,503,equal_weight,0.060625142220642136,9.09377133309632e-05,0.01,100.0,0.01
2010-12-03,100,503,sample_gmv,0.2555712287813276,0.0003833568431719914,0.16602068489633642,6.023345829613952,0.28988646139500895
2010-12-03,100,503,ledoit_wolf_gmv,0.2317934423763374,0.0003476901635645061,0.15091659885261174,6.626176362327252,0.2760418456765665
2010-12-03,200,503,equal_weight,0.041391108699011324,6.208666304851699e-05,0.005000000000000001,199.99999999999997,0.005
2010-12-03,200,503,sample_gmv,0.3646854781661466,0.0005470282172492199,0.48874516717188915,2.046056037313828,0.691992957230229
2010-12-03,200,503,ledoit_wolf_gmv,0.37501092034342276,0.0005625163805151342,0.3438214520594631,2.9084863495575384,0.5709476325668538
2011-01-04,10,504,equal_weight,0.010764671444157811,1.6147007166236717e-05,0.10000000000000003,9.999999999999996,0.1
2011-01-04,10,504,sample_gmv,0.0315031121172562,4.72546681758843e-05,0.36291752356808293,2.7554469956929513,0.5090355678013222
2011-01-04,10,504,ledoit_wolf_gmv,0.029392065095662976,4.408809764349447e-05,0.3307750084548584,3.023203006391797,0.4725969210953704
2011-01-04,50,504,equal_weight,0.03639605760257511,5.459408640386267e-05,0.020000000000000004,49.99999999999999,0.02
2011-01-04,50,504,sample_gmv,0.04959311144275445,7.438966716413167e-05,0.17854747940448037,5.600751146615775,0.29484019791104343
2011-01-04,50,504,ledoit_wolf_gmv,0.04751313103340155,7.126969655010233e-05,0.15921132215847897,6.280960339017849,0.28184608311119547
2011-01-04,100,504,equal_weight,0.037240914038395224,5.586137105759284e-05,0.01,100.0,0.01
2011-01-04,100,504,sample_gmv,0.06630294306352072,9.945441459528108e-05,0.15835456834410577,6.314942539750365,0.2811720138908288
2011-01-04,100,504,ledoit_wolf_gmv,0.06251242636736518,9.376863955104777e-05,0.14129469186039229,7.077406708159006,0.26768244197989643
2011-01-04,200,504,equal_weight,0.03143107893658216,4.714661840487324e-05,0.005000000000000001,199.99999999999997,0.005
2011-01-04,200,504,sample_gmv,0.10846315249148841,0.00016269472873723262,0.5344756969072686,1.8709924619332126,0.7258819491801661
2011-01-04,200,504,ledoit_wolf_gmv,0.08525172258620027,0.00012787758387930041,0.3573749949959888,2.7981812214120465,0.585232862521813
2011-02-03,10,504,equal_weight,0.21062108790697398,0.00031593163186046096,0.10000000000000003,9.999999999999996,0.1
2011-02-03,10,504,sample_gmv,0.5896794490194668,0.0008845191735292002,0.3225157692773545,3.100623582656599,0.45878228460473763
2011-02-03,10,504,ledoit_wolf_gmv,0.5603344061309459,0.0008405016091964188,0.2939914097136981,3.401459930321925,0.42349804046301376
2011-02-03,50,487,equal_weight,0.05811215535018996,8.716823302528494e-05,0.020000000000000004,49.99999999999999,0.02
2011-02-03,50,487,sample_gmv,0.19789383904218744,0.0002968407585632812,0.17731768401337594,5.639595427631263,0.2908135130945949
2011-02-03,50,487,ledoit_wolf_gmv,0.18931141787766562,0.0002839671268164984,0.15829762666923158,6.317214105108063,0.27585693450113524
2011-02-03,100,487,equal_weight,0.04985209793665919,7.477814690498879e-05,0.01,100.0,0.01
2011-02-03,100,487,sample_gmv,0.123929139575378,0.000185893709363067,0.14187800293978947,7.048308964599554,0.2606738490302605
2011-02-03,100,487,ledoit_wolf_gmv,0.11213887555746695,0.00016820831333620042,0.1281827516309113,7.801361628430278,0.24740498900340904
2011-02-03,200,487,equal_weight,0.05042680918590517,7.564021377885775e-05,0.005000000000000001,199.99999999999997,0.005
2011-02-03,200,487,sample_gmv,0.091940265690772,0.000137910398536158,0.5372711187422821,1.8612576874426774,0.726220513142451
2011-02-03,200,487,ledoit_wolf_gmv,0.06577843507798017,9.866765261697027e-05,0.36117552841643835,2.7687368642733508,0.589011046736983
2011-03-07,10,504,equal_weight,0.016807196892814263,2.5210795339221397e-05,0.10000000000000003,9.999999999999996,0.1
2011-03-07,10,504,sample_gmv,0.060147024686763154,9.022053703014473e-05,0.32671338791266075,3.0607867231548123,0.4766928491889466
2011-03-07,10,504,ledoit_wolf_gmv,0.044940315438588535,6.741047315788281e-05,0.2930529871811598,3.4123521811494757,0.4311991628776839
2011-03-07,50,504,equal_weight,0.07477483441463781,0.00011216225162195671,0.020000000000000004,49.99999999999999,0.02
2011-03-07,50,504,sample_gmv,0.1712182445813695,0.0002568273668720543,0.16550553489686412,6.0420940038238395,0.2686557002397477
2011-03-07,50,504,ledoit_wolf_gmv,0.1534712095016284,0.0002302068142524426,0.14991228724581557,6.670567292194473,0.25570586488777575
2011-03-07,100,504,equal_weight,0.027923920238112077,4.1885880357168115e-05,0.01,100.0,0.01
2011-03-07,100,504,sample_gmv,0.08997085058657592,0.0001349562758798639,0.14286558667753138,6.999586277254767,0.2535639455113515
2011-03-07,100,504,ledoit_wolf_gmv,0.08389991157077824,0.00012584986735616737,0.1270596579141152,7.870318686643567,0.23956010644289172
2011-03-07,200,504,equal_weight,0.046693429427915926,7.004014414187389e-05,0.005000000000000001,199.99999999999997,0.005
2011-03-07,200,504,sample_gmv,0.028149824812501417,4.2224737218752124e-05,0.5163535082149563,1.9366577046353741,0.7111895115958613
2011-03-07,200,504,ledoit_wolf_gmv,0.043361313914920485,6.504197087238073e-05,0.34677470467478383,2.883716679790215,0.574954551846262
2011-04-05,10,504,equal_weight,0.10821464776309227,0.0001623219716446384,0.10000000000000003,9.999999999999996,0.1
2011-04-05,10,504,sample_gmv,0.21893787047987692,0.0003284068057198154,0.28350237997600836,3.5273072490066077,0.43698678648012096
2011-04-05,10,504,ledoit_wolf_gmv,0.20432825546857247,0.0003064923832028587,0.2714446412501669,3.683992416996684,0.4215668482772027
2011-04-05,50,504,equal_weight,0.054760833777020845,8.214125066553127e-05,0.020000000000000004,49.99999999999999,0.02
2011-04-05,50,504,sample_gmv,0.09321700243297718,0.00013982550364946577,0.15412251898386,6.488344510543082,0.24799168326247867
2011-04-05,50,504,ledoit_wolf_gmv,0.08717849372492355,0.0001307677405873853,0.14137475228894034,7.073398777429578,0.2386574815814528
2011-04-05,100,504,equal_weight,0.023894979912403067,3.58424698686046e-05,0.01,100.0,0.01
2011-04-05,100,504,sample_gmv,0.1356910508391173,0.00020353657625867596,0.1341972838099459,7.451715650342291,0.22903772507673462
2011-04-05,100,504,ledoit_wolf_gmv,0.12688554617271358,0.00019032831925907038,0.12276049434836177,8.14594308460721,0.22012229094889665
2011-04-05,200,504,equal_weight,0.03458465131408176,5.187697697112264e-05,0.005000000000000001,199.99999999999997,0.005
2011-04-05,200,504,sample_gmv,0.0952983897130779,0.00014294758456961685,0.5243830538010755,1.9070028917817576,0.7187089673519484
2011-04-05,200,504,ledoit_wolf_gmv,0.10912613171732441,0.00016368919757598662,0.38788331377174456,2.5780949179692327,0.61259887698071
2011-05-05,10,504,equal_weight,0.013949074362681509,2.0923611544022263e-05,0.10000000000000003,9.999999999999996,0.1
2011-05-05,10,504,sample_gmv,0.04478996071196282,6.718494106794423e-05,0.29712248049070894,3.365615413375866,0.44874884488688527
2011-05-05,10,504,ledoit_wolf_gmv,0.04174091941897901,6.261137912846852e-05,0.28732206240142644,3.4804149449646835,0.4365042648448234
2011-05-05,50,504,equal_weight,0.04017647660300343,6.026471490450514e-05,0.020000000000000004,49.99999999999999,0.02
2011-05-05,50,504,sample_gmv,0.08271046149568805,0.00012406569224353208,0.15042741153601732,6.6477245721971805,0.24590288506520414
2011-05-05,50,504,ledoit_wolf_gmv,0.07366513736631534,0.00011049770604947302,0.14233631572622163,7.025613912358538,0.2395840709156774
2011-05-05,100,488,equal_weight,0.05303772203096056,7.955658304644085e-05,0.01,100.0,0.01
2011-05-05,100,488,sample_gmv,0.06428493495216776,9.642740242825164e-05,0.1396913215036905,7.158640846371984,0.22774563687156135
2011-05-05,100,488,ledoit_wolf_gmv,0.060475261127342896,9.071289169101434e-05,0.1305952925676762,7.657243843469984,0.22176014026894456
2011-05-05,200,487,equal_weight,0.04681139026887596,7.021708540331393e-05,0.005000000000000001,199.99999999999997,0.005
2011-05-05,200,487,sample_gmv,0.07278764891667833,0.0001091814733750175,0.5325152154892107,1.877880614324458,0.7240508399459138
2011-05-05,200,487,ledoit_wolf_gmv,0.10030665082275339,0.00015045997623413008,0.42839279440172473,2.3343063026925037,0.6447084660306559
2011-06-06,10,504,equal_weight,0.10667770496499172,0.00016001655744748758,0.10000000000000003,9.999999999999996,0.1
2011-06-06,10,504,sample_gmv,0.37820998245093174,0.0005673149736763976,0.2997105621692248,3.3365524149775294,0.37820998245093174
2011-06-06,10,504,ledoit_wolf_gmv,0.3638010699061827,0.0005457016048592741,0.28923889449226187,3.4573496823635295,0.36380106990618294
2011-06-06,50,504,equal_weight,0.03601405216176796,5.402107824265194e-05,0.020000000000000004,49.99999999999999,0.02
2011-06-06,50,504,sample_gmv,0.06219918288088599,9.329877432132898e-05,0.14389474549882597,6.949524088133982,0.23226263128293356
2011-06-06,50,504,ledoit_wolf_gmv,0.057149175533973494,8.572376330096025e-05,0.13715277784882346,7.2911392367294905,0.22755070004522257
2011-06-06,100,504,equal_weight,0.04607521583927859,6.911282375891789e-05,0.01,100.0,0.01
2011-06-06,100,504,sample_gmv,0.07269715161624245,0.00010904572742436368,0.13264767049319937,7.538767897558128,0.21259877385681536
2011-06-06,100,504,ledoit_wolf_gmv,0.07307200203555331,0.00010960800305332997,0.12507784482253143,7.995021032052999,0.20718443848421936
2011-06-06,200,504,equal_weight,0.03621097256269241,5.431645884403861e-05,0.005000000000000001,199.99999999999997,0.005
2011-06-06,200,504,sample_gmv,0.06837204267363417,0.00010255806401045125,0.5268950840325396,1.8979110458700783,0.7213055154272471
2011-06-06,200,504,ledoit_wolf_gmv,0.09302241843317091,0.00013953362764975637,0.4413643466168577,2.265701812267329,0.656917995026648
2011-07-06,10,504,equal_weight,0.01145584517783279,1.7183767766749185e-05,0.10000000000000003,9.999999999999996,0.1
2011-07-06,10,504,sample_gmv,0.03700616215412007,5.550924323118011e-05,0.30059300189900856,3.326757421771163,0.3725856834507842
2011-07-06,10,504,ledoit_wolf_gmv,0.034656617008851504,5.198492551327726e-05,0.290699161374967,3.4399824040431963,0.35978545981178667
2011-07-06,50,485,equal_weight,0.05234482451198151,7.851723676797227e-05,0.020000000000000004,49.99999999999999,0.02
2011-07-06,50,485,sample_gmv,0.0857140023030347,0.00012857100345455206,0.1363106159615977,7.336185761802489,0.2228171865900243
2011-07-06,50,485,ledoit_wolf_gmv,0.09257948925370886,0.0001388692338805633,0.12344788453889835,8.100584337554206,0.21077878103491665
2011-07-06,100,485,equal_weight,0.04374738408942182,6.562107613413273e-05,0.01,100.0,0.01
2011-07-06,100,485,sample_gmv,0.12504871125564831,0.0001875730668834725,0.1303933417417846,7.669103242865579,0.19925777117152063
2011-07-06,100,485,ledoit_wolf_gmv,0.1201903916849473,0.00018028558752742095,0.1195104334751792,8.367470277879022,0.1928115632118119
2011-07-06,200,485,equal_weight,0.03475801214425428,5.213701821638142e-05,0.005000000000000001,199.99999999999997,0.005
2011-07-06,200,485,sample_gmv,0.04709308957528325,7.063963436292487e-05,0.523704591220928,1.9094734259798456,0.7183063752793885
2011-07-06,200,485,ledoit_wolf_gmv,0.06138486810989063,9.207730216483594e-05,0.42421967052247933,2.357269286377917,0.6425733802439779
2011-08-04,10,504,equal_weight,0.023490695277729172,3.523604291659376e-05,0.10000000000000003,9.999999999999996,0.1
2011-08-04,10,504,sample_gmv,0.03474417475242124,5.211626212863186e-05,0.2970226337385057,3.36674679438869,0.384792101031456
2011-08-04,10,504,ledoit_wolf_gmv,0.029901475707533622,4.4852213561300436e-05,0.28800670341345824,3.4721414055575455,0.3740354437759635
2011-08-04,50,504,equal_weight,0.04063300968852343,6.094951453278515e-05,0.020000000000000004,49.99999999999999,0.02
2011-08-04,50,504,sample_gmv,0.022020006562123846,3.303000984318577e-05,0.13624211665544467,7.339874222073288,0.23090572696311917
2011-08-04,50,504,ledoit_wolf_gmv,0.024171730594698133,3.62575958920472e-05,0.12526254725465058,7.983232194432908,0.21970598181864068
2011-08-04,100,504,equal_weight,0.039807596157581046,5.9711394236371573e-05,0.01,100.0,0.01
2011-08-04,100,504,sample_gmv,0.024167712995639044,3.6251569493458565e-05,0.1330117853661919,7.518130797559941,0.20796257517628655
2011-08-04,100,504,ledoit_wolf_gmv,0.030177771277523083,4.5266656916284624e-05,0.12219665493367048,8.183530069156227,0.20176156493752015
2011-08-04,200,504,equal_weight,0.059838427044198096,8.975764056629715e-05,0.005000000000000001,199.99999999999997,0.005
2011-08-04,200,504,sample_gmv,0.05827667309018031,8.741500963527046e-05,0.5082626855836454,1.96748655442153,0.7070087583524736
2011-08-04,200,504,ledoit_wolf_gmv,0.0624634482528518,9.36951723792777e-05,0.40552322886002734,2.4659499846929003,0.6275640890910877
2011-09-02,10,504,equal_weight,0.01704494247079269,2.5567413706189035e-05,0.10000000000000003,9.999999999999996,0.1
2011-09-02,10,504,sample_gmv,0.09333580682052077,0.00014000371023078115,0.2889646987523996,3.460630327225034,0.3401559033461657
2011-09-02,10,504,ledoit_wolf_gmv,0.09306117230817118,0.00013959175846225678,0.2843242989557425,3.51711057997072,0.3339833779348979
2011-09-02,50,504,equal_weight,0.06333616410985506,9.500424616478258e-05,0.020000000000000004,49.99999999999999,0.02
2011-09-02,50,504,sample_gmv,0.12623925417445675,0.00018935888126168514,0.15629480628917586,6.398165260525708,0.2927032907560839
2011-09-02,50,504,ledoit_wolf_gmv,0.11661429123206134,0.00017492143684809202,0.14841140758007124,6.738026519022656,0.285754891872802
2011-09-02,100,504,equal_weight,0.07380061023389588,0.00011070091535084382,0.01,100.0,0.01
2011-09-02,100,504,sample_gmv,0.13038613802492838,0.00019557920703739258,0.1617244220586368,6.183358006606001,0.26765081803983815
2011-09-02,100,504,ledoit_wolf_gmv,0.12797876433132127,0.0001919681464969819,0.15012586034598874,6.661077563154957,0.26120815582197104
2011-09-02,200,504,equal_weight,0.04989519525394512,7.484279288091767e-05,0.005000000000000001,199.99999999999997,0.005
2011-09-02,200,504,sample_gmv,0.08062377642199467,0.000120935664632992,0.5005751422801229,1.9977020741481364,0.6977998587442001
2011-09-02,200,504,ledoit_wolf_gmv,0.08657848933948811,0.00012986773400923217,0.40658272987003163,2.459524044023366,0.6252230310712572
2011-10-04,10,504,equal_weight,0.015507899532984593,2.326184929947689e-05,0.10000000000000003,9.999999999999996,0.1
2011-10-04,10,504,sample_gmv,0.02608619809090825,3.912929713636238e-05,0.2857245145725361,3.4998747009722635,0.31122708949152106
2011-10-04,10,504,ledoit_wolf_gmv,0.02390198451007326,3.585297676510989e-05,0.2814990412824339,3.5524099671681615,0.30732954100220256
2011-10-04,50,504,equal_weight,0.04831140156104048,7.246710234156072e-05,0.020000000000000004,49.99999999999999,0.02
2011-10-04,50,504,sample_gmv,0.05408906563628407,8.113359845442611e-05,0.15308873170598866,6.53215941406144,0.2840713790709447
2011-10-04,50,504,ledoit_wolf_gmv,0.0501512031459582,7.522680471893731e-05,0.14645531066201203,6.82802143179218,0.27824701858723716
2011-10-04,100,504,equal_weight,0.06131535888955879,9.197303833433818e-05,0.01,100.0,0.01
2011-10-04,100,504,sample_gmv,0.12056985174234353,0.0001808547776135153,0.16249743709454956,6.153943212151385,0.2529404985061687
2011-10-04,100,504,ledoit_wolf_gmv,0.11979025884415632,0.0001796853882662345,0.15048589644431165,6.645140997449266,0.2480325121632815
2011-10-04,200,504,equal_weight,0.076065634544902,0.00011409845181735301,0.005000000000000001,199.99999999999997,0.005
2011-10-04,200,504,sample_gmv,0.25548546443413095,0.0003832281966511964,0.3169726781078421,3.1548460453104883,0.4989849802371181
2011-10-04,200,504,ledoit_wolf_gmv,0.31060639981286675,0.00046590959971930013,0.27176364874016984,3.679667993257217,0.4213613904742466
2011-11-02,10,504,equal_weight,0.012734394645270257,1.9101591967905385e-05,0.10000000000000003,9.999999999999996,0.1
2011-11-02,10,504,sample_gmv,0.05555568965399047,8.333353448098571e-05,0.29575077974122105,3.38122523590636,0.3492485131247807
2011-11-02,10,504,ledoit_wolf_gmv,0.051561416059621806,7.73421240894327e-05,0.29002092824037046,3.448027030556899,0.34144817927788956
2011-11-02,50,504,equal_weight,0.06309870872869003,9.464806309303505e-05,0.020000000000000004,49.99999999999999,0.02
2011-11-02,50,504,sample_gmv,0.07205689267626766,0.0001080853390144015,0.15369831788634242,6.5062520771338885,0.2838350799376034
2011-11-02,50,504,ledoit_wolf_gmv,0.06439522604908854,9.659283907363281e-05,0.14809238827966745,6.75254151558103,0.2790280453805086
2011-11-02,100,504,equal_weight,0.04643470504985317,6.965205757477976e-05,0.01,100.0,0.01
2011-11-02,100,504,sample_gmv,0.12394467621164856,0.00018591701431747284,0.17029559733367858,5.872142413879273,0.2560982809050167
2011-11-02,100,504,ledoit_wolf_gmv,0.12001992835987835,0.00018002989253981753,0.1590608173071854,6.286903443157563,0.25193750915369756
2011-11-02,200,504,equal_weight,0.05695316742787025,8.542975114180538e-05,0.005000000000000001,199.99999999999997,0.005
2011-11-02,200,504,sample_gmv,0.0392332415931717,5.884986238975755e-05,0.3085491180757481,3.2409750714455203,0.48352442091303177
2011-11-02,200,504,ledoit_wolf_gmv,0.033849062790141424,5.077359418521214e-05,0.2709362392257997,3.6909052951258943,0.41559171098468667
2011-12-02,10,504,equal_weight,0.0115362832814669,1.730442492220035e-05,0.10000000000000003,9.999999999999996,0.1
2011-12-02,10,504,sample_gmv,0.01756722109297786,2.6350831639466788e-05,0.2934092626414389,3.40820869456344,0.3503783494391238
2011-12-02,10,504,ledoit_wolf_gmv,0.016451345759421684,2.4677018639132526e-05,0.28807188100898645,3.471355817504468,0.3425021659576471
2011-12-02,50,504,equal_weight,0.0730531720134106,0.00010957975802011592,0.020000000000000004,49.99999999999999,0.02
2011-12-02,50,504,sample_gmv,0.07205635061713,0.000108084525925695,0.15099848672862487,6.6225829255971576,0.28448375947713433
2011-12-02,50,504,ledoit_wolf_gmv,0.06439015028854314,9.658522543281472e-05,0.1464272266336682,6.829331013021241,0.2798856897467432
2011-12-02,100,504,equal_weight,0.035216137574666476,5.2824206361999714e-05,0.01,100.0,0.01
2011-12-02,100,504,sample_gmv,0.07890121202069554,0.00011835181803104331,0.17674879675736208,5.65774714366392,0.2704868445339023
2011-12-02,100,504,ledoit_wolf_gmv,0.07243615229850034,0.00010865422844775051,0.16549614487843123,6.042436823737324,0.25183053082215934
2011-12-02,200,504,equal_weight,0.059286180168193314,8.892927025228998e-05,0.005000000000000001,199.99999999999997,0.005
2011-12-02,200,504,sample_gmv,0.039866665097913714,5.979999764687057e-05,0.3166070273745989,3.1584895897362166,0.49927889488938476
2011-12-02,200,504,ledoit_wolf_gmv,0.04523419583201892,6.785129374802838e-05,0.2775572628694438,3.602860143747619,0.4301680277005551
2012-01-04,10,504,equal_weight,0.014538284671305128,2.1807427006957692e-05,0.10000000000000003,9.999999999999996,0.1
2012-01-04,10,504,sample_gmv,0.03028100419309158,4.5421506289637375e-05,0.29005675280639065,3.447601168821909,0.36125212784615773
2012-01-04,10,504,ledoit_wolf_gmv,0.02779636266096586,4.169454399144879e-05,0.2850048770425989,3.5087118872373986,0.35214898426537694
2012-01-04,50,504,equal_weight,0.04077601347444343,6.116402021166515e-05,0.020000000000000004,49.99999999999999,0.02
2012-01-04,50,504,sample_gmv,0.06459414696109853,9.68912204416478e-05,0.15430593646095106,6.480632067276698,0.28588164974762853
2012-01-04,50,504,ledoit_wolf_gmv,0.05918337638685027,8.87750645802754e-05,0.14937989430620294,6.694341327824032,0.2814928258902636
2012-01-04,100,504,equal_weight,0.050220454634514536,7.533068195177181e-05,0.01,100.0,0.01
2012-01-04,100,504,sample_gmv,0.06210046537503227,9.315069806254841e-05,0.1817478476754304,5.502128431175833,0.2732927811994527
2012-01-04,100,504,ledoit_wolf_gmv,0.055722963263819376,8.358444489572907e-05,0.16875229592857788,5.925845301821768,0.2544025244831183
2012-01-04,200,504,equal_weight,0.047258507557678006,7.088776133651701e-05,0.005000000000000001,199.99999999999997,0.005
2012-01-04,200,504,sample_gmv,0.02558452391009649,3.8376785865144735e-05,0.32135164529110166,3.1118558583825937,0.5073408754363048
2012-01-04,200,504,ledoit_wolf_gmv,0.022530944989877715,3.3796417484816574e-05,0.2803699921748455,3.566715511324678,0.43708308074200536
2012-02-03,10,504,equal_weight,0.02191556768450672,3.287335152676008e-05,0.10000000000000003,9.999999999999996,0.1
2012-02-03,10,504,sample_gmv,0.017176472048644996,2.5764708072967493e-05,0.2888242289729309,3.4623134061710648,0.3563376805808789
2012-02-03,10,504,ledoit_wolf_gmv,0.016696068406359912,2.504410260953987e-05,0.28376737276177144,3.524013315087921,0.3474408913655268
2012-02-03,50,504,equal_weight,0.08106791256972362,0.00012160186885458544,0.020000000000000004,49.99999999999999,0.02
2012-02-03,50,504,sample_gmv,0.06232242164732906,9.34836324709936e-05,0.1580783735550192,6.325976017535061,0.2900282959772858
2012-02-03,50,504,ledoit_wolf_gmv,0.05536332846581206,8.30449926987181e-05,0.15387931440526137,6.498599268296509,0.2858472393413784
2012-02-03,100,504,equal_weight,0.06209327358685379,9.313991038028069e-05,0.01,100.0,0.01
2012-02-03,100,504,sample_gmv,0.059385974032803955,8.907896104920593e-05,0.1905060543092552,5.249177007134191,0.2880116166643816
2012-02-03,100,504,ledoit_wolf_gmv,0.05198979520670101,7.798469281005152e-05,0.17354967958982662,5.762038871886338,0.2619048547136719
2012-02-03,200,504,equal_weight,0.047299484284813606,7.094922642722041e-05,0.005000000000000001,199.99999999999997,0.005
2012-02-03,200,504,sample_gmv,0.04046043869851344,6.069065804777017e-05,0.3165152846602485,3.159405085518738,0.5014296732566442
2012-02-03,200,504,ledoit_wolf_gmv,0.034598704339731,5.1898056509596505e-05,0.2775669196668826,3.6027347970721206,0.4332145466796892
2012-03-06,10,504,equal_weight,0.016861682005513065,2.5292523008269598e-05,0.10000000000000003,9.999999999999996,0.1
2012-03-06,10,504,sample_gmv,0.03347646828268339,5.021470242402509e-05,0.278157754550157,3.595082228130661,0.3390977136909689
2012-03-06,10,504,ledoit_wolf_gmv,0.035843056086598664,5.3764584129898e-05,0.2752273508038189,3.6333598280818995,0.3274390917050155
2012-03-06,50,504,equal_weight,0.09264426211296069,0.00013896639316944104,0.020000000000000004,49.99999999999999,0.02
2012-03-06,50,504,sample_gmv,0.08180421780738939,0.0001227063267110841,0.15685479538048205,6.375323097864518,0.2898530697298202
2012-03-06,50,504,ledoit_wolf_gmv,0.07098760140449602,0.00010648140210674403,0.15053808881832156,6.642837090929594,0.28479621746296724
2012-03-06,100,504,equal_weight,0.03820223778240242,5.730335667360363e-05,0.01,100.0,0.01
2012-03-06,100,504,sample_gmv,0.051400726309536,7.7101089464304e-05,0.19419550424264279,5.14944979751191,0.2938560420034958
2012-03-06,100,504,ledoit_wolf_gmv,0.04716821909442283,7.075232864163424e-05,0.17616651257488575,5.676447727685561,0.26560555326783
2012-03-06,200,504,equal_weight,0.04266925635881712,6.400388453822568e-05,0.005000000000000001,199.99999999999997,0.005
2012-03-06,200,504,sample_gmv,0.035338533736308075,5.3007800604462116e-05,0.30866789511113446,3.239727927130078,0.48760478343930164
2012-03-06,200,504,ledoit_wolf_gmv,0.04115180850816698,6.172771276225047e-05,0.26997459302466353,3.704052254682517,0.41909744651522834
2012-04-04,10,504,equal_weight,0.11676843104468522,0.00017515264656702784,0.10000000000000003,9.999999999999996,0.1
2012-04-04,10,504,sample_gmv,0.25274571371366783,0.00037911857057050177,0.35640262468728406,2.8058154759029152,0.43830174033765107
2012-04-04,10,504,ledoit_wolf_gmv,0.2518445811202044,0.00037776687168030663,0.348408533901679,2.870193760185565,0.4268008320212131
2012-04-04,50,504,equal_weight,0.0589719078015322,8.84578617022983e-05,0.020000000000000004,49.99999999999999,0.02
2012-04-04,50,504,sample_gmv,0.04936639215542878,7.404958823314318e-05,0.16165958659765117,6.185837914387748,0.288185992781292
2012-04-04,50,504,ledoit_wolf_gmv,0.04794890027280909,7.192335040921363e-05,0.15499569813758537,6.451791965944292,0.2835645453430464
2012-04-04,100,504,equal_weight,0.03738147556829629,5.6072213352444437e-05,0.01,100.0,0.01
2012-04-04,100,504,sample_gmv,0.023207475757095898,3.4811213635643846e-05,0.19998621805079025,5.000344572474646,0.3034832790999445
2012-04-04,100,504,ledoit_wolf_gmv,0.028075657738962742,4.211348660844411e-05,0.1826819227242162,5.473995374515733,0.27539989193415243
2012-04-04,200,488,equal_weight,0.04671712216380498,7.007568324570747e-05,0.005000000000000001,199.99999999999997,0.005
2012-04-04,200,488,sample_gmv,0.031181105445702267,4.67716581685534e-05,0.3062972210880734,3.264802718247508,0.48869317611862195
2012-04-04,200,488,ledoit_wolf_gmv,0.02748592796860339,4.122889195290508e-05,0.27057425498533266,3.695843124669079,0.4232931111937418
2012-05-04,10,504,equal_weight,0.1097355100781254,0.00016460326511718811,0.10000000000000003,9.999999999999996,0.1
2012-05-04,10,504,sample_gmv,0.2743413891744603,0.0004115120837616905,0.27227169724890316,3.672801874393239,0.33700116551041365
2012-05-04,10,504,ledoit_wolf_gmv,0.2725464178857461,0.0004088196268286191,0.2691497694753141,3.7154035165975428,0.330591824987073
2012-05-04,50,504,equal_weight,0.056203678125425136,8.430551718813771e-05,0.020000000000000004,49.99999999999999,0.02
2012-05-04,50,504,sample_gmv,0.043034333059102675,6.455149958865401e-05,0.15561607579506465,6.426071309733637,0.2909364111016475
2012-05-04,50,504,ledoit_wolf_gmv,0.03961001890603498,5.941502835905247e-05,0.15124457680363196,6.611807319864088,0.28621280458731446
2012-05-04,100,504,equal_weight,0.056493214173966015,8.473982126094902e-05,0.01,100.0,0.01
2012-05-04,100,504,sample_gmv,0.04506468407293258,6.759702610939887e-05,0.19806736998987534,5.04878718817298,0.31186475329771335
2012-05-04,100,504,ledoit_wolf_gmv,0.03998667581079865,5.9980013716197976e-05,0.18209486735180652,5.491642980073701,0.2856938570729074
2012-05-04,200,504,equal_weight,0.033414713618360015,5.0122070427540026e-05,0.005000000000000001,199.99999999999997,0.005
2012-05-04,200,504,sample_gmv,0.027977807303775623,4.196671095566344e-05,0.30649666830919825,3.2626782063131126,0.4863947983688196
2012-05-04,200,504,ledoit_wolf_gmv,0.031920611343920983,4.788091701588148e-05,0.2690448606090377,3.716852266704879,0.4179725273886162
2012-06-05,10,504,equal_weight,0.02519484365203256,3.7792265478048846e-05,0.10000000000000003,9.999999999999996,0.1
2012-06-05,10,504,sample_gmv,0.03732190650412386,5.5982859756185794e-05,0.2623507229526013,3.811691421108335,0.33084342268510025
2012-06-05,10,504,ledoit_wolf_gmv,0.03639307756950193,5.4589616354252896e-05,0.2584620942161771,3.8690392996800615,0.3241984999065719
2012-06-05,50,504,equal_weight,0.08096913039847527,0.0001214536955977129,0.020000000000000004,49.99999999999999,0.02
2012-06-05,50,504,sample_gmv,0.09842304759246148,0.00014763457138869222,0.1427367044772964,7.005906460163926,0.26257217570854424
2012-06-05,50,504,ledoit_wolf_gmv,0.09467710032194257,0.00014201565048291385,0.13754355198646712,7.270424425991193,0.2583537048476538
2012-06-05,100,504,equal_weight,0.07396576062256327,0.0001109486409338449,0.01,100.0,0.01
2012-06-05,100,504,sample_gmv,0.18342218778752256,0.00027513328168128387,0.1710651057969504,5.845727539472444,0.2781791281713029
2012-06-05,100,504,ledoit_wolf_gmv,0.18520518397357988,0.00027780777596036983,0.15707970722613368,6.366194702415564,0.2542568909879358
2012-06-05,200,489,equal_weight,0.06401773701248267,9.602660551872401e-05,0.005000000000000001,199.99999999999997,0.005
2012-06-05,200,489,sample_gmv,0.8884324460775002,0.0013326486691162503,0.6892573411031712,1.4508369231142009,0.8288084201734707
2012-06-05,200,489,ledoit_wolf_gmv,0.5374745062082671,0.0008062117593124006,0.28269047346396375,3.5374379183933695,0.4872604126490377
2012-07-05,10,504,equal_weight,0.10678185129429175,0.00016017277694143763,0.10000000000000003,9.999999999999996,0.1
2012-07-05,10,504,sample_gmv,0.325353512052944,0.000488030268079416,0.25426468803124397,3.9329094721840425,0.29598379385618745
2012-07-05,10,504,ledoit_wolf_gmv,0.3183614905072209,0.00047754223576083134,0.251803897919946,3.9713444003870104,0.2906305187603166
2012-07-05,50,504,equal_weight,0.033672590871859476,5.050888630778922e-05,0.020000000000000004,49.99999999999999,0.02
2012-07-05,50,504,sample_gmv,0.048044674374678284,7.206701156201743e-05,0.14262441665332298,7.011422191690354,0.2549526294635808
2012-07-05,50,504,ledoit_wolf_gmv,0.050001212125128744,7.500181818769312e-05,0.1380313977467639,7.244728491662649,0.2508500364469714
2012-07-05,100,504,equal_weight,0.05571914307694048,8.357871461541073e-05,0.01,100.0,0.01
2012-07-05,100,504,sample_gmv,0.042669818802632646,6.400472820394897e-05,0.176374304336431,5.669760137466039,0.2968237526493053
2012-07-05,100,504,ledoit_wolf_gmv,0.04292611999679544,6.438917999519316e-05,0.16021432967246668,6.241638947304805,0.2699098409192787
2012-07-05,200,504,equal_weight,0.037942410311634416,5.691361546745162e-05,0.005000000000000001,199.99999999999997,0.005
2012-07-05,200,504,sample_gmv,0.040526921442594184,6.079038216389128e-05,0.6865918410486157,1.4564693901295467,0.8272921991190947
2012-07-05,200,504,ledoit_wolf_gmv,0.05011196065402392,7.516794098103588e-05,0.28284750882820187,3.535473952529622,0.48840278940535153
2012-08-03,10,504,equal_weight,0.009758869962912177,1.4638304944368266e-05,0.10000000000000003,9.999999999999996,0.1
2012-08-03,10,504,sample_gmv,0.03867997077529378,5.8019956162940675e-05,0.25624245142053237,3.9025539853224775,0.31333217624757925
2012-08-03,10,504,ledoit_wolf_gmv,0.03570568467574479,5.3558527013617186e-05,0.2528293453884348,3.9552370729103785,0.3061526345621031
2012-08-03,50,504,equal_weight,0.07178424265492356,0.00010767636398238533,0.020000000000000004,49.99999999999999,0.02
2012-08-03,50,504,sample_gmv,0.05691820795836415,8.537731193754622e-05,0.14852861683232876,6.732709300921328,0.24935941132217154
2012-08-03,50,504,ledoit_wolf_gmv,0.04997610278472171,7.496415417708257e-05,0.14287416415590254,6.999166055724478,0.2458197591929806
2012-08-03,100,504,equal_weight,0.06516907636285037,9.775361454427556e-05,0.01,100.0,0.01
2012-08-03,100,504,sample_gmv,0.04265630343107202,6.398445514660803e-05,0.18360546604134878,5.446460944549415,0.3162440382330704
2012-08-03,100,504,ledoit_wolf_gmv,0.05409040988879056,8.113561483318584e-05,0.16554187585741426,6.0407675992588565,0.28592502506923495
2012-08-03,200,483,equal_weight,0.04334122777946555,6.501184166919833e-05,0.005000000000000001,199.99999999999997,0.005
2012-08-03,200,483,sample_gmv,0.025655767458546516,3.8483651187819776e-05,0.6789649770109782,1.4728300190126462,0.822691941483692
2012-08-03,200,483,ledoit_wolf_gmv,0.0330455832741632,4.956837491124481e-05,0.2707816100648465,3.6930129773603197,0.4745352655464473
2012-09-04,10,504,equal_weight,0.10921354257827603,0.00016382031386741406,0.10000000000000003,9.999999999999996,0.1
2012-09-04,10,504,sample_gmv,0.3464226915920504,0.0005196340373880756,0.25762472171276285,3.8816150614417513,0.3363322365706703
2012-09-04,10,504,ledoit_wolf_gmv,0.3385485360545729,0.0005078228040818594,0.25377029549407537,3.9405715237595507,0.3291757819045117
2012-09-04,50,504,equal_weight,0.05714209832135007,8.57131474820251e-05,0.020000000000000004,49.99999999999999,0.02
2012-09-04,50,504,sample_gmv,0.06855500075267187,0.00010283250112900782,0.1447645306148424,6.907769436013162,0.2445064781664979
2012-09-04,50,504,ledoit_wolf_gmv,0.06856492233800666,0.00010284738350701,0.13917198302604428,7.185354252032628,0.24057434854544485
2012-09-04,100,504,equal_weight,0.05505936566102754,8.258904849154131e-05,0.01,100.0,0.01
2012-09-04,100,504,sample_gmv,0.04851363847321869,7.277045770982804e-05,0.1855799206435204,5.388513997270724,0.3244550415507508
2012-09-04,100,504,ledoit_wolf_gmv,0.05120107608829552,7.680161413244329e-05,0.16326089639343144,6.125165438208592,0.28757177887266794
2012-09-04,200,489,equal_weight,0.047295604740141856,7.094340711021278e-05,0.005000000000000001,199.99999999999997,0.005
2012-09-04,200,489,sample_gmv,0.030830571813313924,4.624585771997089e-05,0.6827251190966834,1.4647183354306699,0.8251032925646378
2012-09-04,200,489,ledoit_wolf_gmv,0.044713258035370476,6.706988705305572e-05,0.266830338349532,3.7476997787637587,0.4684782389804829
2012-10-03,10,504,equal_weight,0.11378029570699567,0.0001706704435604935,0.10000000000000003,9.999999999999996,0.1
2012-10-03,10,504,sample_gmv,0.33697217073848806,0.0005054582561077321,0.3299332567800139,3.0309160396848367,0.42538839908095016
2012-10-03,10,504,ledoit_wolf_gmv,0.32981524399147294,0.0004947228659872094,0.3193087471396343,3.1317651300128593,0.40823240330934385
2012-10-03,50,504,equal_weight,0.05374969587404022,8.062454381106033e-05,0.020000000000000004,49.99999999999999,0.02
2012-10-03,50,504,sample_gmv,0.05878861387813822,8.818292081720733e-05,0.15065118993417637,6.637849992668013,0.24518297538741451
2012-10-03,50,504,ledoit_wolf_gmv,0.06067005920111325,9.100508880166988e-05,0.14597318865477232,6.850573103290957,0.2411336632986111
2012-10-03,100,504,equal_weight,0.03486723270416801,5.2300849056252013e-05,0.01,100.0,0.01
2012-10-03,100,504,sample_gmv,0.020685175661469376,3.102776349220406e-05,0.18328548299682812,5.45596947259214,0.3221431679376156
2012-10-03,100,504,ledoit_wolf_gmv,0.03889876377922105,5.834814566883158e-05,0.155456895730944,6.432651284448284,0.2752110172391754
2012-10-03,200,504,equal_weight,0.0359121138452975,5.386817076794625e-05,0.005000000000000001,199.99999999999997,0.005
2012-10-03,200,504,sample_gmv,0.031317802267846764,4.6976703401770145e-05,0.6921791179405262,1.4447127543739662,0.8309487878760066
2012-10-03,200,504,ledoit_wolf_gmv,0.04199993890264786,6.299990835397179e-05,0.27442215132786946,3.64402070008276,0.4760672121373216
2012-11-05,10,504,equal_weight,0.11687224789827652,0.00017530837184741478,0.10000000000000003,9.999999999999996,0.1
2012-11-05,10,504,sample_gmv,0.33040795253779653,0.0004956119288066948,0.25373232807830437,3.941161173957265,0.3304079525377968
2012-11-05,10,504,ledoit_wolf_gmv,0.3240236741130088,0.00048603551116951324,0.2504387455577976,3.992992369342525,0.32402367411300903
2012-11-05,50,504,equal_weight,0.035862529983444455,5.379379497516668e-05,0.020000000000000004,49.99999999999999,0.02
2012-11-05,50,504,sample_gmv,0.04116026263539452,6.174039395309178e-05,0.1530613650809886,6.533327332281892,0.25479298136886297
2012-11-05,50,504,ledoit_wolf_gmv,0.037662046305880534,5.6493069458820805e-05,0.1486320449519828,6.728024231403538,0.25036279131247957
2012-11-05,100,492,equal_weight,0.08377109439445349,0.00012565664159168023,0.01,100.0,0.01
2012-11-05,100,492,sample_gmv,0.06337809294570555,9.506713941855833e-05,0.18352963883425485,5.448711207365789,0.3079208086376872
2012-11-05,100,492,ledoit_wolf_gmv,0.06594575032330742,9.891862548496114e-05,0.15739475060941432,6.353452044163578,0.26236699651480666
2012-11-05,200,492,equal_weight,0.049363806808371324,7.404571021255699e-05,0.005000000000000001,199.99999999999997,0.005
2012-11-05,200,492,sample_gmv,0.04289642149166005,6.434463223749008e-05,0.6984972269656915,1.431644910523199,0.8346526660360388
2012-11-05,200,492,ledoit_wolf_gmv,0.07111439871560288,0.00010667159807340431,0.26014497312913304,3.8440104683614673,0.45395671622554556
2012-12-05,10,504,equal_weight,0.009561467357961248,1.4342201036941872e-05,0.10000000000000003,9.999999999999996,0.1
2012-12-05,10,504,sample_gmv,0.03933324347190394,5.899986520785592e-05,0.26300083771330973,3.8022692577507056,0.3403034562758494
2012-12-05,10,504,ledoit_wolf_gmv,0.04008096731990438,6.012145097985658e-05,0.2558604932430679,3.90837986484298,0.3308675996462358
2012-12-05,50,504,equal_weight,0.05306615696726586,7.959923545089879e-05,0.020000000000000004,49.99999999999999,0.02
2012-12-05,50,504,sample_gmv,0.05409995083227816,8.114992624841723e-05,0.15701287056969604,6.368904640566472,0.2631091122554768
2012-12-05,50,504,ledoit_wolf_gmv,0.04556285332505019,6.834427998757529e-05,0.15240207848221746,6.561590300861164,0.25944889755361134
2012-12-05,100,504,equal_weight,0.0543119119926319,8.146786798894785e-05,0.01,100.0,0.01
2012-12-05,100,504,sample_gmv,0.04528480588656926,6.79272088298539e-05,0.17919551556679247,5.580496793332224,0.28752853585425087
2012-12-05,100,504,ledoit_wolf_gmv,0.037624929036893864,5.64373935553408e-05,0.15757883393339983,6.34602995236433,0.25316977277720604
2012-12-05,200,504,equal_weight,0.03950370419468843,5.925555629203265e-05,0.005000000000000001,199.99999999999997,0.005
2012-12-05,200,504,sample_gmv,0.02957936803402469,4.436905205103704e-05,0.7021865375724589,1.4241230022112317,0.8367771311275252
2012-12-05,200,504,ledoit_wolf_gmv,0.03473314664707698,5.209971997061547e-05,0.256991714871575,3.8911760268214257,0.44771096058938176
2013-01-07,10,504,equal_weight,0.11377433516037797,0.00017066150274056696,0.10000000000000003,9.999999999999996,0.1
2013-01-07,10,504,sample_gmv,0.3435376199677192,0.0005153064299515788,0.3349403499371764,2.9856062435820783,0.4621246770381532
2013-01-07,10,504,ledoit_wolf_gmv,0.33348661058125234,0.0005002299158718785,0.3194808312580909,3.1300782462036207,0.44106141029794993
2013-01-07,50,504,equal_weight,0.057427508217526735,8.61412623262901e-05,0.020000000000000004,49.99999999999999,0.02
2013-01-07,50,504,sample_gmv,0.061382175029329765,9.207326254399465e-05,0.16797988644316064,5.953093677905122,0.2679878320490144
2013-01-07,50,504,ledoit_wolf_gmv,0.06408526655075145,9.612789982612717e-05,0.1637358287888207,6.107398773971188,0.26440077313508636
2013-01-07,100,504,equal_weight,0.047878137719979855,7.181720657996979e-05,0.01,100.0,0.01
2013-01-07,100,504,sample_gmv,0.15731911325318904,0.00023597866987978356,0.19036096567127983,5.253177806036272,0.31688444373846864
2013-01-07,100,504,ledoit_wolf_gmv,0.14716087325477326,0.00022074130988215988,0.16452922099549802,6.077947697979819,0.2741976808344413
2013-01-07,200,504,equal_weight,0.04703761738479753,7.05564260771963e-05,0.005000000000000001,199.99999999999997,0.005
2013-01-07,200,504,sample_gmv,0.0352837320654073,5.2925598098110954e-05,0.7238913794680415,1.3814227221974373,0.8498724160688047
2013-01-07,200,504,ledoit_wolf_gmv,0.04415137618466891,6.622706427700337e-05,0.2664268071118568,3.7533760616669456,0.45668605911874477
2013-02-06,10,504,equal_weight,0.11565272263789328,0.00017347908395683992,0.10000000000000003,9.999999999999996,0.1
2013-02-06,10,504,sample_gmv,0.3392062317029581,0.0005088093475544372,0.31436686802870206,3.18099679610225,0.3749569962939956
2013-02-06,10,504,ledoit_wolf_gmv,0.3441560996707742,0.0005162341495061613,0.30434931841483404,3.2856981747433407,0.355593394018419
2013-02-06,50,504,equal_weight,0.03275363681227475,4.9130455218412125e-05,0.020000000000000004,49.99999999999999,0.02
2013-02-06,50,504,sample_gmv,0.026767345900497053,4.015101885074558e-05,0.17296239076703257,5.781603709137701,0.27335626439630345
2013-02-06,50,504,ledoit_wolf_gmv,0.025948266624468898,3.892239993670335e-05,0.16828639916754917,5.942250858932342,0.26978039683534555
2013-02-06,100,497,equal_weight,0.034719334047483404,5.2079001071225107e-05,0.01,100.0,0.01
2013-02-06,100,497,sample_gmv,0.14115610650399274,0.0002117341597559891,0.18585361862330657,5.3805785833356765,0.29082200000516617
2013-02-06,100,497,ledoit_wolf_gmv,0.13174267727576006,0.0001976140159136401,0.1673628820434518,5.97504050952214,0.2633418978352423
2013-02-06,200,497,equal_weight,0.04595243084125373,6.89286462618806e-05,0.005000000000000001,199.99999999999997,0.005
2013-02-06,200,497,sample_gmv,0.908266602007293,0.0013623999030109395,0.2987534733594436,3.34724141866915,0.4694963284980521
2013-02-06,200,497,ledoit_wolf_gmv,0.49677073985498854,0.0007451561097824829,0.2635334570442112,3.7945846087855055,0.405891649437717
2013-03-08,10,504,equal_weight,0.01266155075840119,1.8992326137601785e-05,0.10000000000000003,9.999999999999996,0.1
2013-03-08,10,504,sample_gmv,0.00902027729045211,1.3530415935678167e-05,0.31575770966761046,3.1669852212086056,0.3782541786792857
2013-03-08,10,504,ledoit_wolf_gmv,0.009055361661390024,1.3583042492085036e-05,0.3054097384352443,3.2742898282270354,0.3585660829426218
2013-03-08,50,504,equal_weight,0.030615239015039784,4.5922858522559676e-05,0.020000000000000004,49.99999999999999,0.02
2013-03-08,50,504,sample_gmv,0.03948558345221451,5.922837517832176e-05,0.172209206304876,5.806890476166637,0.2693713632366785
2013-03-08,50,504,ledoit_wolf_gmv,0.03375762529762894,5.0636437946443414e-05,0.16612776837419999,6.019463270869425,0.26500415894433316
2013-03-08,100,504,equal_weight,0.02372587596854874,3.5588813952823116e-05,0.01,100.0,0.01
2013-03-08,100,504,sample_gmv,0.02903629182506753,4.35544377376013e-05,0.18574232245826952,5.383802607640317,0.2958491102934188
2013-03-08,100,504,ledoit_wolf_gmv,0.030731500861004263,4.60972512915064e-05,0.16652211315431728,6.005208443837682,0.2640421530290206
2013-03-08,200,504,equal_weight,0.036102390589345765,5.415358588401865e-05,0.005000000000000001,199.99999999999997,0.005
2013-03-08,200,504,sample_gmv,0.034302120400203084,5.1453180600304626e-05,0.3026574292431103,3.3040655981940152,0.4754793475486099
2013-03-08,200,504,ledoit_wolf_gmv,0.026903810727081624,4.0355716090622437e-05,0.2637299075938539,3.7917580494511367,0.40476825702988267
2013-04-09,10,504,equal_weight,0.013087058972475314,1.963058845871297e-05,0.10000000000000003,9.999999999999996,0.1
2013-04-09,10,504,sample_gmv,0.018284973945521733,2.74274609182826e-05,0.3055239250427956,3.273066094119887,0.37323839213895466
2013-04-09,10,504,ledoit_wolf_gmv,0.0181880508656293,2.7282076298443953e-05,0.29623319123555303,3.3757189592061585,0.3605170850968149
2013-04-09,50,504,equal_weight,0.07467969574637591,0.00011201954361956387,0.020000000000000004,49.99999999999999,0.02
2013-04-09,50,504,sample_gmv,0.2737397091920926,0.00041060956378813893,0.16900533441164026,5.9169729966294184,0.25241969759216554
2013-04-09,50,504,ledoit_wolf_gmv,0.26915778758328845,0.0004037366813749327,0.16028453162818526,6.238905213384639,0.2395237243845429
2013-04-09,100,504,equal_weight,0.017405078251767393,2.610761737765109e-05,0.01,100.0,0.01
2013-04-09,100,504,sample_gmv,0.04392734193725418,6.589101290588128e-05,0.18952272888711058,5.27641199486765,0.3091048449414684
2013-04-09,100,504,ledoit_wolf_gmv,0.041440228988441616,6.216034348266243e-05,0.16991516887840166,5.885289739585531,0.27576789102130905
2013-04-09,200,504,equal_weight,0.03677863101645607,5.516794652468411e-05,0.005000000000000001,199.99999999999997,0.005
2013-04-09,200,504,sample_gmv,0.03358796734540138,5.038195101810207e-05,0.30268775944752413,3.303734521096042,0.4728010108095098
2013-04-09,200,504,ledoit_wolf_gmv,0.031859395770071824,4.7789093655107737e-05,0.2619318060047466,3.8177875961420225,0.40230855395679527
2013-05-08,10,504,equal_weight,0.021414944625970926,3.212241693895639e-05,0.10000000000000003,9.999999999999996,0.1
2013-05-08,10,504,sample_gmv,0.05489411510247294,8.234117265370941e-05,0.30731205481025736,3.2540213907893283,0.41461260450687587
2013-05-08,10,504,ledoit_wolf_gmv,0.04759193514807932,7.138790272211898e-05,0.2967377334563305,3.3699792350377487,0.39569096014558497
2013-05-08,50,486,equal_weight,0.05557939802013781,8.336909703020671e-05,0.020000000000000004,49.99999999999999,0.02
2013-05-08,50,486,sample_gmv,0.07079717099399635,0.00010619575649099453,0.17886410799405691,5.590836592175479,0.2557343436631695
2013-05-08,50,486,ledoit_wolf_gmv,0.05997095506129307,8.995643259193961e-05,0.169037916367385,5.9158325036769375,0.24296272639388267
2013-05-08,100,486,equal_weight,0.02698561781852804,4.047842672779206e-05,0.01,100.0,0.01
2013-05-08,100,486,sample_gmv,0.0719390488031645,0.00010790857320474675,0.19772492266353767,5.057531375049107,0.33487253220642244
2013-05-08,100,486,ledoit_wolf_gmv,0.06985710435612624,0.00010478565653418937,0.17706143725196066,5.647757160001968,0.3015399716562106
2013-05-08,200,486,equal_weight,0.044758805906933506,6.713820886040025e-05,0.005000000000000001,199.99999999999997,0.005
2013-05-08,200,486,sample_gmv,0.030171993804404038,4.525799070660606e-05,0.3054591158152659,3.2737605401986927,0.47147047270499237
2013-05-08,200,486,ledoit_wolf_gmv,0.03649420041489744,5.474130062234616e-05,0.26750957450839485,3.7381839578553793,0.4060390804835452
2013-06-07,10,504,equal_weight,0.10900760205559172,0.00016351140308338758,0.10000000000000003,9.999999999999996,0.1
2013-06-07,10,504,sample_gmv,0.2643629418579076,0.0003965444127868614,0.4328406825646115,2.3103188777795323,0.5751102295566557
2013-06-07,10,504,ledoit_wolf_gmv,0.26834922164906955,0.00040252383247360433,0.4107915400152201,2.434324718476309,0.5483823658865108
2013-06-07,50,504,equal_weight,0.019789494158882422,2.9684241238323635e-05,0.020000000000000004,49.99999999999999,0.02
2013-06-07,50,504,sample_gmv,0.04572975120593645,6.859462680890467e-05,0.17931796532659494,5.576686073694192,0.27140439251317505
2013-06-07,50,504,ledoit_wolf_gmv,0.048636790849049816,7.295518627357473e-05,0.16981820714856663,5.888650085235814,0.25711486593404087
2013-06-07,100,504,equal_weight,0.02919210236347472,4.378815354521208e-05,0.01,100.0,0.01
2013-06-07,100,504,sample_gmv,0.05618238894038481,8.427358341057722e-05,0.20826491766143357,4.801576814899055,0.3409197137931242
2013-06-07,100,504,ledoit_wolf_gmv,0.07060892373017653,0.0001059133855952648,0.18447305671245778,5.420845828769033,0.3044562501055498
2013-06-07,200,489,equal_weight,0.04900425864280826,7.350638796421239e-05,0.005000000000000001,199.99999999999997,0.005
2013-06-07,200,489,sample_gmv,0.5462237180290961,0.0008193355770436441,0.5458566314255162,1.8319828732106427,0.7322242681943609
2013-06-07,200,489,ledoit_wolf_gmv,0.47797218940191094,0.0007169582841028664,0.4327227620600476,2.3109484586374336,0.6454730066609274
2013-07-09,10,504,equal_weight,0.10919648074887942,0.00016379472112331914,0.10000000000000003,9.999999999999996,0.1
2013-07-09,10,504,sample_gmv,0.2482505007571199,0.00037237575113567984,0.3298118701064769,3.0320315629548404,0.4498723872554444
2013-07-09,10,504,ledoit_wolf_gmv,0.26038473585221045,0.00039057710377831566,0.31933794661494735,3.13147876912287,0.43041139279409757
2013-07-09,50,504,equal_weight,0.03240788900436049,4.8611833506540744e-05,0.020000000000000004,49.99999999999999,0.02
2013-07-09,50,504,sample_gmv,0.02936400889884355,4.404601334826532e-05,0.18166542318684295,5.504624834256433,0.27435010100381046
2013-07-09,50,504,ledoit_wolf_gmv,0.026075364925746636,3.9113047388619955e-05,0.1714886379320043,5.831290119620069,0.2592484586030071
2013-07-09,100,504,equal_weight,0.04358243056226659,6.537364584339989e-05,0.01,100.0,0.01
2013-07-09,100,504,sample_gmv,0.5468331718954605,0.0008202497578431909,0.16049933801433647,6.230555293073395,0.22529503698456851
2013-07-09,100,504,ledoit_wolf_gmv,0.5066254014795603,0.0007599381022193403,0.1520600152430942,6.576350780981622,0.2141902895909483
2013-07-09,200,484,equal_weight,0.04712010395544456,7.068015593316684e-05,0.005000000000000001,199.99999999999997,0.005
2013-07-09,200,484,sample_gmv,0.7873103583578178,0.0011809655375367267,0.15802639901597895,6.3280566172926855,0.27826950241204607
2013-07-09,200,484,ledoit_wolf_gmv,0.687394377346792,0.001031091566020188,0.1441749289703235,6.936018676352785,0.25046093946882764
2013-08-07,10,504,equal_weight,0.017744858931236347,2.661728839685452e-05,0.10000000000000003,9.999999999999996,0.1
2013-08-07,10,504,sample_gmv,0.02491139642030744,3.7367094630461165e-05,0.3212971153998221,3.1123839962135986,0.4406946931228357
2013-08-07,10,504,ledoit_wolf_gmv,0.03331705778110335,4.997558667165503e-05,0.30470198955042177,3.2818952100557945,0.4154749569619869
2013-08-07,50,504,equal_weight,0.03579982299537886,5.369973449306829e-05,0.020000000000000004,49.99999999999999,0.02
2013-08-07,50,504,sample_gmv,0.030529629363094793,4.579444404464219e-05,0.18920682693366017,5.285221554667373,0.2855623345238338
2013-08-07,50,504,ledoit_wolf_gmv,0.026682230503732307,4.002334575559846e-05,0.174686130225222,5.72455293795051,0.26615872576227556
2013-08-07,100,504,equal_weight,0.04515373382295404,6.773060073443106e-05,0.01,100.0,0.01
2013-08-07,100,504,sample_gmv,0.040805359969791705,6.120803995468756e-05,0.15263639791823025,6.551517289707767,0.22349473279070728
2013-08-07,100,504,ledoit_wolf_gmv,0.03892021104014425,5.838031656021638e-05,0.14633918393029594,6.8334397742461,0.21277727397455465
2013-08-07,200,504,equal_weight,0.04473297137055271,6.709945705582907e-05,0.005000000000000001,199.99999999999997,0.005
2013-08-07,200,504,sample_gmv,0.08895999395204994,0.0001334399909280749,0.14127375171914697,7.078455748722564,0.24156376325562798
2013-08-07,200,504,ledoit_wolf_gmv,0.0904119080149737,0.00013561786202246056,0.12994933900605618,7.695306552912869,0.2188800336240838
2013-09-06,10,504,equal_weight,0.015447222388712267,2.3170833583068403e-05,0.10000000000000003,9.999999999999996,0.1
2013-09-06,10,504,sample_gmv,0.04728830800310875,7.093246200466313e-05,0.30534922403477627,3.2749387301082837,0.4420914120736162
2013-09-06,10,504,ledoit_wolf_gmv,0.04705681531531365,7.058522297297048e-05,0.29039425092040283,3.4435943440013226,0.41908823389686456
2013-09-06,50,504,equal_weight,0.03383943249611005,5.0759148744165076e-05,0.020000000000000004,49.99999999999999,0.02
2013-09-06,50,504,sample_gmv,0.08879184694619723,0.00013318777041929585,0.183012330780377,5.464112695226229,0.27950734726054327
2013-09-06,50,504,ledoit_wolf_gmv,0.095121434724295,0.00014268215208644252,0.1735583462288262,5.761751144376315,0.2668843813779638
2013-09-06,100,504,equal_weight,0.03537596126273231,5.306394189409847e-05,0.01,100.0,0.01
2013-09-06,100,504,sample_gmv,0.2119392192433006,0.0003179088288649509,0.12938049376168043,7.72914038991075,0.18740059824307156
2013-09-06,100,504,ledoit_wolf_gmv,0.21802704575339904,0.0003270405686300986,0.12390732572060134,8.0705478403666,0.17951493485224687
2013-09-06,200,504,equal_weight,0.03448484806457086,5.172727209685629e-05,0.005000000000000001,199.99999999999997,0.005
2013-09-06,200,504,sample_gmv,0.169687996301848,0.000254531994452772,0.1084129432483869,9.223990881871748,0.19094077010310873
2013-09-06,200,504,ledoit_wolf_gmv,0.1774082267546508,0.0002661123401319762,0.09970325391631224,10.029762928694067,0.1706539754255637
2013-10-07,10,504,equal_weight,0.012316848569772408,1.847527285465861e-05,0.10000000000000003,9.999999999999996,0.1
2013-10-07,10,504,sample_gmv,0.029115014198691006,4.367252129803651e-05,0.2977537757075983,3.3584796620077966,0.4449016443415268
2013-10-07,10,504,ledoit_wolf_gmv,0.04370727005083071,6.556090507624606e-05,0.27142027743681746,3.6843231074833196,0.4096287297297842
2013-10-07,50,504,equal_weight,0.03404437864158617,5.106656796237926e-05,0.020000000000000004,49.99999999999999,0.02
2013-10-07,50,504,sample_gmv,0.08614702198648545,0.00012922053297972818,0.19042341454075767,5.2514550398735915,0.29132631921455343
2013-10-07,50,504,ledoit_wolf_gmv,0.08349065976375977,0.00012523598964563965,0.17905792324872635,5.584784978271622,0.276056137372891
2013-10-07,100,504,equal_weight,0.04493585722224126,6.74037858333619e-05,0.01,100.0,0.01
2013-10-07,100,504,sample_gmv,0.2649907133599174,0.00039748607003987614,0.15731177685178055,6.356803158750167,0.23230779457773004
2013-10-07,100,504,ledoit_wolf_gmv,0.2632578119835921,0.0003948867179753882,0.14745602712119737,6.781682780440557,0.2172566593046592
2013-10-07,200,504,equal_weight,0.04485177649900267,6.7277664748504e-05,0.005000000000000001,199.99999999999997,0.005
2013-10-07,200,504,sample_gmv,0.14009270286579031,0.00021013905429868548,0.0960811529586871,10.407868444605148,0.12639650706716984
2013-10-07,200,504,ledoit_wolf_gmv,0.13425758240672725,0.00020138637361009088,0.0911301636750917,10.973315087695015,0.12027274877952653
2013-11-05,10,504,equal_weight,0.014033149563849608,2.1049724345774413e-05,0.10000000000000003,9.999999999999996,0.1
2013-11-05,10,504,sample_gmv,0.06671071075063248,0.00010006606612594872,0.2812772431268464,3.5552111819761913,0.4464565416131252
2013-11-05,10,504,ledoit_wolf_gmv,0.06689174116894331,0.00010033761175341496,0.2509926664294596,3.9841801524549547,0.40108592956460326
2013-11-05,50,504,equal_weight,0.07359858247658443,0.00011039787371487666,0.020000000000000004,49.99999999999999,0.02
2013-11-05,50,504,sample_gmv,0.11284730557601746,0.0001692709583640262,0.17408960480552585,5.7441683615577865,0.24791950954357905
2013-11-05,50,504,ledoit_wolf_gmv,0.1141390785327972,0.0001712086177991958,0.15806857550221834,6.326368140047963,0.23102386643705888
2013-11-05,100,504,equal_weight,0.03713557774192708,5.570336661289062e-05,0.01,100.0,0.01
2013-11-05,100,504,sample_gmv,0.06678326836815451,0.00010017490255223177,0.14260999504684463,7.012131230153393,0.1935729098518194
2013-11-05,100,504,ledoit_wolf_gmv,0.07181511645300552,0.00010772267467950829,0.13535992744698938,7.387710815607722,0.18564399465769463
2013-11-05,200,500,equal_weight,0.03822798531132876,5.734197796699314e-05,0.005000000000000001,199.99999999999997,0.005
2013-11-05,200,500,sample_gmv,0.11847055924708855,0.00017770583887063282,0.087409157208103,11.440448940826741,0.12764807498309294
2013-11-05,200,500,ledoit_wolf_gmv,0.11861459812156909,0.00017792189718235363,0.08261676934392387,12.104080175746379,0.12063364206792096
2013-12-05,10,504,equal_weight,0.009104561185027664,1.3656841777541497e-05,0.10000000000000003,9.999999999999996,0.1
2013-12-05,10,504,sample_gmv,0.046009889016089815,6.901483352413472e-05,0.2605004478207862,3.83876499393951,0.42520219592337977
2013-12-05,10,504,ledoit_wolf_gmv,0.03334837166422445,5.0022557496336676e-05,0.23762853677372187,4.208248780121197,0.3869424963590155
2013-12-05,50,504,equal_weight,0.05539326344832723,8.308989517249084e-05,0.020000000000000004,49.99999999999999,0.02
2013-12-05,50,504,sample_gmv,0.1411786902682591,0.00021176803540238866,0.13839431789707504,7.225730183111333,0.19854603381850586
2013-12-05,50,504,ledoit_wolf_gmv,0.14073118955493558,0.00021109678433240336,0.1294397564406671,7.725601681415264,0.1874863977915535
2013-12-05,100,504,equal_weight,0.02687275220262445,4.030912830393668e-05,0.01,100.0,0.01
2013-12-05,100,504,sample_gmv,0.14160930153885593,0.00021241395230828388,0.11738695333829874,8.518834261914005,0.175464143820745
2013-12-05,100,504,ledoit_wolf_gmv,0.14618923548729626,0.0002192838532309444,0.10955409815969458,9.12791047343863,0.16953439148033267
2013-12-05,200,458,equal_weight,0.040662331709281074,6.0993497563921614e-05,0.005000000000000001,199.99999999999997,0.005
2013-12-05,200,458,sample_gmv,0.19403292282683024,0.00029104938424024535,0.06561600517524736,15.24018411863383,0.11407245840714185
2013-12-05,200,458,ledoit_wolf_gmv,0.1815815945877428,0.00027237239188161424,0.06337885133333979,15.77813385636354,0.1081080283387807
2014-01-07,10,504,equal_weight,0.11544903858221253,0.0001731735578733188,0.10000000000000003,9.999999999999996,0.1
2014-01-07,10,504,sample_gmv,0.12083203980946913,0.0001812480597142037,0.3135183170669248,3.1896063022899432,0.4744469920384095
2014-01-07,10,504,ledoit_wolf_gmv,0.13432418960563094,0.00020148628440844643,0.2823074375567746,3.542237528895748,0.43326909423220006
2014-01-07,50,504,equal_weight,0.014599750071522049,2.1899625107283073e-05,0.020000000000000004,49.99999999999999,0.02
2014-01-07,50,504,sample_gmv,0.04289570784727652,6.434356177091478e-05,0.14070779979688347,7.10692656301594,0.20719717804404914
2014-01-07,50,504,ledoit_wolf_gmv,0.04540729364285529,6.811094046428294e-05,0.1318400096654866,7.584950900240889,0.1959742966034179
2014-01-07,100,504,equal_weight,0.03308320222547589,4.962480333821383e-05,0.01,100.0,0.01
2014-01-07,100,504,sample_gmv,0.04888648299469661,7.332972449204492e-05,0.11656512573310543,8.578895220253617,0.18125082025061867
2014-01-07,100,504,ledoit_wolf_gmv,0.048366214430717,7.254932164607551e-05,0.10955640079206644,9.127718625020906,0.17341348233426102
2014-01-07,200,504,equal_weight,0.04437035112723405,6.655552669085108e-05,0.005000000000000001,199.99999999999997,0.005
2014-01-07,200,504,sample_gmv,0.1612592731221032,0.0002418889096831548,0.07066585583053842,14.151105767374682,0.12189279218417254
2014-01-07,200,504,ledoit_wolf_gmv,0.15649101587944286,0.0002347365238191643,0.06830438042111323,14.640349474437148,0.12011977023603422
2014-02-06,10,504,equal_weight,0.01777632199711126,2.666448299566689e-05,0.10000000000000003,9.999999999999996,0.1
2014-02-06,10,504,sample_gmv,0.035436866801100836,5.315530020165125e-05,0.30166546550689965,3.3149303262793537,0.4548704117182261
2014-02-06,10,504,ledoit_wolf_gmv,0.03415700097844541,5.123550146766811e-05,0.2726245309532365,3.668048493301326,0.41742813455664246
2014-02-06,50,504,equal_weight,0.07857770601153682,0.00011786655901730524,0.020000000000000004,49.99999999999999,0.02
2014-02-06,50,504,sample_gmv,0.09585810753021004,0.00014378716129531506,0.13695856455307442,7.301478394310115,0.19039196825469115
2014-02-06,50,504,ledoit_wolf_gmv,0.09608467423484204,0.00014412701135226307,0.1306710775310885,7.652802891765286,0.1842743744131875
2014-02-06,100,504,equal_weight,0.048790156968978884,7.318523545346833e-05,0.01,100.0,0.01
2014-02-06,100,504,sample_gmv,0.07161922670620424,0.00010742884005930637,0.11639993239305392,8.591070281924615,0.20595734358753393
2014-02-06,100,504,ledoit_wolf_gmv,0.07145565668152291,0.00010718348502228437,0.10930437042325236,9.148765013949246,0.19574602178381212
2014-02-06,200,483,equal_weight,0.04175579940487931,6.263369910731896e-05,0.005000000000000001,199.99999999999997,0.005
2014-02-06,200,483,sample_gmv,0.13186881802407424,0.00019780322703611138,0.07181482427192458,13.92470162168094,0.12869361024810788
2014-02-06,200,483,ledoit_wolf_gmv,0.12484972580109802,0.00018727458870164702,0.0690972722443391,14.47235133195763,0.12668312013118896
2014-03-10,10,504,equal_weight,0.005828026658343907,8.74203998751586e-06,0.10000000000000003,9.999999999999996,0.1
2014-03-10,10,504,sample_gmv,0.04780652519618301,7.170978779427452e-05,0.28470066759686447,3.512461029476748,0.428508063325816
2014-03-10,10,504,ledoit_wolf_gmv,0.04210459088991118,6.315688633486676e-05,0.2601866089187174,3.843395339044528,0.3950356611189443
2014-03-10,50,504,equal_weight,0.03251517304943496,4.8772759574152436e-05,0.020000000000000004,49.99999999999999,0.02
2014-03-10,50,504,sample_gmv,0.04966657463829781,7.449986195744671e-05,0.13779057193766844,7.257390588757875,0.20184585927276402
2014-03-10,50,504,ledoit_wolf_gmv,0.04873979817541482,7.310969726312223e-05,0.13081852209137848,7.644177475888977,0.1950148325468982
2014-03-10,100,504,equal_weight,0.013883875562262765,2.082581334339415e-05,0.01,100.0,0.01
2014-03-10,100,504,sample_gmv,0.053207448423567255,7.981117263535088e-05,0.12053838185026153,8.29611269580711,0.22075306533459532
2014-03-10,100,504,ledoit_wolf_gmv,0.05037911443950971,7.556867165926456e-05,0.11358476213061357,8.803997835995627,0.20974395869030865
2014-03-10,200,483,equal_weight,0.03856372226923824,5.7845583403857355e-05,0.005000000000000001,199.99999999999997,0.005
2014-03-10,200,483,sample_gmv,0.08914330903519194,0.0001337149635527879,0.07767518302018689,12.874124799166697,0.13664844773842905
2014-03-10,200,483,ledoit_wolf_gmv,0.08110138277205085,0.00012165207415807628,0.07313788477048332,13.672804499858545,0.1343388373568905
2014-04-08,10,504,equal_weight,0.10402919753002904,0.00015604379629504357,0.10000000000000003,9.999999999999996,0.1
2014-04-08,10,504,sample_gmv,0.14335195713252333,0.000215027935698785,0.23815004210530963,4.199033479732921,0.3610671143087127
2014-04-08,10,504,ledoit_wolf_gmv,0.14443223128969052,0.0002166483469345358,0.22254349585427569,4.4935036009985785,0.3371329460447407
2014-04-08,50,504,equal_weight,0.058444551538839914,8.766682730825987e-05,0.020000000000000004,49.99999999999999,0.02
2014-04-08,50,504,sample_gmv,0.061757771131196765,9.263665669679515e-05,0.13039007537184302,7.669295359698397,0.19178279866586173
2014-04-08,50,504,ledoit_wolf_gmv,0.0678657743753658,0.0001017986615630487,0.12251934329258769,8.161976493882326,0.18495933978750118
2014-04-08,100,498,equal_weight,0.040833078385766226,6.124961757864934e-05,0.01,100.0,0.01
2014-04-08,100,498,sample_gmv,0.04883509346217794,7.325264019326691e-05,0.1153357570611177,8.670338024226856,0.21306675669874026
2014-04-08,100,498,ledoit_wolf_gmv,0.04568025595386467,6.852038393079701e-05,0.11028471026070871,9.067440061600918,0.20460081428426008
2014-04-08,200,477,equal_weight,0.044066342407475034,6.609951361121255e-05,0.005000000000000001,199.99999999999997,0.005
2014-04-08,200,477,sample_gmv,0.12989887154928817,0.00019484830732393227,0.0735723177316143,13.592068740418332,0.14280193708447644
2014-04-08,200,477,ledoit_wolf_gmv,0.1276530149751554,0.0001914795224627331,0.07023000803571242,14.238927603304466,0.14066367446217506
2014-05-08,10,504,equal_weight,0.017764720292737332,2.6647080439106e-05,0.10000000000000003,9.999999999999996,0.1
2014-05-08,10,504,sample_gmv,0.04443306866493989,6.664960299740984e-05,0.22882994964037362,4.3700573354649945,0.32232276868742316
2014-05-08,10,504,ledoit_wolf_gmv,0.044743999900549135,6.71159998508237e-05,0.21562280268735431,4.637728419892426,0.30204855569270067
2014-05-08,50,493,equal_weight,0.034971939536664616,5.245790930499692e-05,0.020000000000000004,49.99999999999999,0.02
2014-05-08,50,493,sample_gmv,0.06920253547233886,0.00010380380320850829,0.13694457473301602,7.302224290006208,0.20910685927783304
2014-05-08,50,493,ledoit_wolf_gmv,0.06487101269351718,9.730651904027577e-05,0.1268288657875592,7.884640407295129,0.19862872730967904
2014-05-08,100,493,equal_weight,0.035462509210387676,5.3193763815581514e-05,0.01,100.0,0.01
2014-05-08,100,493,sample_gmv,0.07026951086415928,0.00010540426629623892,0.11621199581407042,8.604963652804976,0.18900845885242895
2014-05-08,100,493,ledoit_wolf_gmv,0.06534026174545833,9.801039261818749e-05,0.10947854037362034,9.134210198521767,0.18072684459736282
2014-05-08,200,472,equal_weight,0.031531086198728006,4.729662929809201e-05,0.005000000000000001,199.99999999999997,0.005
2014-05-08,200,472,sample_gmv,0.12724703637647378,0.00019087055456471066,0.07969812324277706,12.547346904942692,0.145917139363615
2014-05-08,200,472,ledoit_wolf_gmv,0.11092167735521076,0.00016638251603281614,0.07482475076036076,13.364561723735953,0.14315348000408484
2014-06-09,10,504,equal_weight,0.015454127554718762,2.3181191332078145e-05,0.10000000000000003,9.999999999999996,0.1
2014-06-09,10,504,sample_gmv,0.032332905566720097,4.8499358350080144e-05,0.21998293741938613,4.545807105455418,0.31767657658155657
2014-06-09,10,504,ledoit_wolf_gmv,0.03135219659790259,4.702829489685388e-05,0.20621005813893994,4.849423975848071,0.29652478931531856
2014-06-09,50,504,equal_weight,0.030701983786720018,4.605297568008003e-05,0.020000000000000004,49.99999999999999,0.02
2014-06-09,50,504,sample_gmv,0.0695676895031367,0.00010435153425470506,0.13062106066174384,7.655733270989117,0.21985810627457447
2014-06-09,50,504,ledoit_wolf_gmv,0.0686972939973154,0.0001030459409959731,0.11956017794631252,8.363988889754259,0.2072369676446965
2014-06-09,100,504,equal_weight,0.023000625116563953,3.450093767484593e-05,0.01,100.0,0.01
2014-06-09,100,504,sample_gmv,0.05224315028662902,7.836472542994353e-05,0.11034164386598157,9.06276148300434,0.17363482578706743
2014-06-09,100,504,ledoit_wolf_gmv,0.053973317927628855,8.095997689144329e-05,0.10521663262520142,9.504200762270742,0.16735020110835885
2014-06-09,200,483,equal_weight,0.02816449195608289,4.224673793412434e-05,0.005000000000000001,199.99999999999997,0.005
2014-06-09,200,483,sample_gmv,0.06603504595232318,9.905256892848477e-05,0.07935736851656715,12.601224293258081,0.14262664058414387
2014-06-09,200,483,ledoit_wolf_gmv,0.05911971244094494,8.86795686614174e-05,0.07272157347271727,13.751077599760228,0.13897613411805287
2014-07-09,10,504,equal_weight,0.007903636434329828,1.1855454651494742e-05,0.10000000000000003,9.999999999999996,0.1
2014-07-09,10,504,sample_gmv,0.08454836827659248,0.00012682255241488872,0.2053045199804959,4.870813365896673,0.29576154227353607
2014-07-09,10,504,ledoit_wolf_gmv,0.07370380940426768,0.00011055571410640152,0.19434501983667837,5.145488167591686,0.2849473427508877
2014-07-09,50,504,equal_weight,0.011018330161919986,1.652749524287998e-05,0.020000000000000004,49.99999999999999,0.02
2014-07-09,50,504,sample_gmv,0.08816812568038522,0.00013225218852057783,0.12174736083252227,8.213730409939783,0.21677069156020046
2014-07-09,50,504,ledoit_wolf_gmv,0.08188365827984194,0.0001228254874197629,0.11339442699769212,8.818775547235251,0.20432111667933942
2014-07-09,100,504,equal_weight,0.0304853477312737,4.572802159691055e-05,0.01,100.0,0.01
2014-07-09,100,504,sample_gmv,0.09663070828223895,0.00014494606242335844,0.10184880957387656,9.818475092481517,0.17147265748343904
2014-07-09,100,504,ledoit_wolf_gmv,0.09568919535537972,0.00014353379303306957,0.09713131128308,10.295341294071433,0.16398161781437545
2014-07-09,200,479,equal_weight,0.028699442556478688,4.304916383471803e-05,0.005000000000000001,199.99999999999997,0.005
2014-07-09,200,479,sample_gmv,0.16056011814755364,0.00024084017722133047,0.08458568478566622,11.82233143272322,0.1425182684265902
2014-07-09,200,479,ledoit_wolf_gmv,0.15016711167707866,0.000225250667515618,0.07665747132207917,13.045042873883268,0.1384474139088531
2014-08-07,10,504,equal_weight,0.011230823166506816,1.6846234749760223e-05,0.10000000000000003,9.999999999999996,0.1
2014-08-07,10,504,sample_gmv,0.048377118252956396,7.25656773794346e-05,0.19620083228798926,5.096818338324738,0.3014607245134692
2014-08-07,10,504,ledoit_wolf_gmv,0.04480470076254518,6.720705114381777e-05,0.18338413448532034,5.453034434012331,0.28562253186793196
2014-08-07,50,504,equal_weight,0.035198549872649434,5.2797824808974155e-05,0.020000000000000004,49.99999999999999,0.02
2014-08-07,50,504,sample_gmv,0.09176958164089306,0.0001376543724613396,0.1234283623207513,8.101865577713136,0.22751801864993917
2014-08-07,50,504,ledoit_wolf_gmv,0.09960707462943841,0.0001494106119441576,0.11123569867445966,8.989919710277377,0.2109921067908173
2014-08-07,100,504,equal_weight,0.03742238542018106,5.613357813027159e-05,0.01,100.0,0.01
2014-08-07,100,504,sample_gmv,0.09897804910690533,0.000148467073660358,0.10704105662350032,9.342209723483382,0.1764406655305052
2014-08-07,100,504,ledoit_wolf_gmv,0.0997384647610116,0.0001496076971415174,0.09986475483164414,10.013542832862692,0.16725401075281143
2014-08-07,200,458,equal_weight,0.03331116498748341,4.996674748122512e-05,0.005000000000000001,199.99999999999997,0.005
2014-08-07,200,458,sample_gmv,0.09438269245004725,0.00014157403867507087,0.08253402472287705,12.116215141060687,0.13868546289614986
2014-08-07,200,458,ledoit_wolf_gmv,0.08626749248653542,0.00012940123872980314,0.07504361647629082,13.325583799868422,0.13574590421772792
2014-09-08,10,504,equal_weight,0.007673365380348747,1.151004807052312e-05,0.10000000000000003,9.999999999999996,0.1
2014-09-08,10,504,sample_gmv,0.026251630022948644,3.937744503442297e-05,0.19271789497023592,5.188931729222363,0.3090961197560224
2014-09-08,10,504,ledoit_wolf_gmv,0.022726236988253094,3.408935548237964e-05,0.1804851480821235,5.540622098971738,0.29127064469924707
2014-09-08,50,504,equal_weight,0.031169109056421906,4.675366358463286e-05,0.020000000000000004,49.99999999999999,0.02
2014-09-08,50,504,sample_gmv,0.051040191765268916,7.656028764790338e-05,0.12557995861751295,7.96305406538447,0.2308150863921805
2014-09-08,50,504,ledoit_wolf_gmv,0.04980546335282525,7.470819502923788e-05,0.11259694881893348,8.881235330880008,0.2143915118623444
2014-09-08,100,504,equal_weight,0.023359718297748192,3.503957744662229e-05,0.01,100.0,0.01
2014-09-08,100,504,sample_gmv,0.06145923502275552,9.218885253413329e-05,0.10889767062797895,9.182932878484099,0.17959986137056583
2014-09-08,100,504,ledoit_wolf_gmv,0.05811208419871472,8.716812629807209e-05,0.1002822772797487,9.971851728201061,0.16877122082385465
2014-09-08,200,473,equal_weight,0.03257870208175391,4.886805312263087e-05,0.005000000000000001,199.99999999999997,0.005
2014-09-08,200,473,sample_gmv,0.1609776346195773,0.00024146645192936594,0.09040008259485095,11.061936795807291,0.1570430982239628
2014-09-08,200,473,ledoit_wolf_gmv,0.15760093497890132,0.00023640140246835198,0.08199793703047269,12.195428765828249,0.1486819090893335
2014-10-07,10,504,equal_weight,0.011251017608634888,1.687652641295233e-05,0.10000000000000003,9.999999999999996,0.1
2014-10-07,10,504,sample_gmv,0.045631732990109156,6.844759948516373e-05,0.18105369957971568,5.523223233335326,0.3081790921327543
2014-10-07,10,504,ledoit_wolf_gmv,0.03969347169072793,5.954020753609189e-05,0.1706608949511421,5.859573162828465,0.290608984873802
2014-10-07,50,504,equal_weight,0.01208608038421535,1.8129120576323024e-05,0.020000000000000004,49.99999999999999,0.02
2014-10-07,50,504,sample_gmv,0.05263198413208449,7.894797619812673e-05,0.12339372752554416,8.104139651612247,0.22281021238173881
2014-10-07,50,504,ledoit_wolf_gmv,0.052693408713848915,7.904011307077337e-05,0.11043713649960873,9.054925106678612,0.20917489258062094
2014-10-07,100,504,equal_weight,0.024733485037714165,3.710022755657125e-05,0.01,100.0,0.01
2014-10-07,100,504,sample_gmv,0.05710387648369961,8.565581472554943e-05,0.1111208459071444,8.999211550599851,0.1732476058800146
2014-10-07,100,504,ledoit_wolf_gmv,0.054702235733371504,8.205335360005726e-05,0.10324234884437908,9.685947783959625,0.16462480959007128
2014-10-07,200,483,equal_weight,0.04556180451197988,6.834270676796982e-05,0.005000000000000001,199.99999999999997,0.005
2014-10-07,200,483,sample_gmv,0.029821581675816868,4.47323725137253e-05,0.09150910057176945,10.92787486437715,0.1614024178532822
2014-10-07,200,483,ledoit_wolf_gmv,0.03749339124803876,5.6240086872058135e-05,0.08198989021436248,12.196625674037385,0.15594896527031557
2014-11-05,10,504,equal_weight,0.012511112317775873,1.876666847666381e-05,0.10000000000000003,9.999999999999996,0.1
2014-11-05,10,504,sample_gmv,0.05638560440517408,8.457840660776112e-05,0.18153386911373798,5.508613929081528,0.3154342482975927
2014-11-05,10,504,ledoit_wolf_gmv,0.0533774950761697,8.006624261425455e-05,0.17202390659008443,5.813145508797791,0.2995007768025881
2014-11-05,50,479,equal_weight,0.038839383208171166,5.825907481225675e-05,0.020000000000000004,49.99999999999999,0.02
2014-11-05,50,479,sample_gmv,0.1823947472934006,0.0002735921209401009,0.14030440091873336,7.127360178667643,0.25427150280535216
2014-11-05,50,479,ledoit_wolf_gmv,0.16939017103646078,0.0002540852565546912,0.12336999820259555,8.105698424002743,0.23246952795910433
2014-11-05,100,479,equal_weight,0.04650571253419905,6.975856880129857e-05,0.01,100.0,0.01
2014-11-05,100,479,sample_gmv,0.15055577039034035,0.00022583365558551054,0.10855691643291056,9.21175760015265,0.18968057162888713
2014-11-05,100,479,ledoit_wolf_gmv,0.14149603750475,0.000212244056257125,0.10112004583924686,9.889236023386756,0.17830199103397087
2014-11-05,200,479,equal_weight,0.06861607365239966,0.0001029241104785995,0.005000000000000001,199.99999999999997,0.005
2014-11-05,200,479,sample_gmv,0.12275798832529852,0.0001841369824879478,0.09364946174590527,10.678117966265022,0.16554255001780888
2014-11-05,200,479,ledoit_wolf_gmv,0.11843222664949515,0.00017764833997424275,0.08532325333802133,11.720134440236878,0.16044817176820025
2014-12-05,10,504,equal_weight,0.012118757110305203,1.8178135665457805e-05,0.10000000000000003,9.999999999999996,0.1
2014-12-05,10,504,sample_gmv,0.07083139059145098,0.00010624708588717647,0.16596644352205608,6.025314387526206,0.29930158178389893
2014-12-05,10,504,ledoit_wolf_gmv,0.06599935002744782,9.899902504117174e-05,0.1580337398496597,6.327762672397158,0.28381794766992297
2014-12-05,50,500,equal_weight,0.03462516075666933,5.1937741135004e-05,0.020000000000000004,49.99999999999999,0.02
2014-12-05,50,500,sample_gmv,0.08706748976101364,0.00013060123464152045,0.12952555638500177,7.720484110700131,0.2580617173195714
2014-12-05,50,500,ledoit_wolf_gmv,0.08231349611752686,0.0001234702441762903,0.11474296520883892,8.715131234232455,0.235766829376525
2014-12-05,100,500,equal_weight,0.03377270049738551,5.065905074607827e-05,0.01,100.0,0.01
2014-12-05,100,500,sample_gmv,0.05752307192018441,8.628460788027662e-05,0.10182299360024565,9.820964446655077,0.19555119922966158
2014-12-05,100,500,ledoit_wolf_gmv,0.0537772046304858,8.06658069457287e-05,0.09575282602265597,10.44355599241939,0.18443208438875458
2014-12-05,200,495,equal_weight,0.04469503850596341,6.704255775894512e-05,0.005000000000000001,199.99999999999997,0.005
2014-12-05,200,495,sample_gmv,0.056296713926878954,8.444507089031843e-05,0.08946463496700127,11.177601075205265,0.16301913559807055
2014-12-05,200,495,ledoit_wolf_gmv,0.05244399577494561,7.866599366241841e-05,0.08244287707059231,12.129610653249555,0.1584922201819725
2015-01-07,10,504,equal_weight,0.01061682082566423,1.5925231238496346e-05,0.10000000000000003,9.999999999999996,0.1
2015-01-07,10,504,sample_gmv,0.06374701831637991,9.562052747456986e-05,0.17143330407992824,5.833172296170439,0.3108355692726118
2015-01-07,10,504,ledoit_wolf_gmv,0.057309005716413945,8.596350857462092e-05,0.1632303409227876,6.126312022303668,0.2948958470425924
2015-01-07,50,504,equal_weight,0.0125712945608291,1.885694184124365e-05,0.020000000000000004,49.99999999999999,0.02
2015-01-07,50,504,sample_gmv,0.12780415320754623,0.00019170622981131934,0.10755394158246914,9.29766018136332,0.21344783018721858
2015-01-07,50,504,ledoit_wolf_gmv,0.1171020351862694,0.0001756530527794041,0.09722129556362946,10.285812323345551,0.19732052390580604
2015-01-07,100,504,equal_weight,0.023706512252049606,3.555976837807441e-05,0.01,100.0,0.01
2015-01-07,100,504,sample_gmv,0.14057512755320167,0.00021086269132980252,0.09700907817175569,10.308313601635184,0.16129864563857668
2015-01-07,100,504,ledoit_wolf_gmv,0.1338656697016224,0.0002007985045524336,0.09185867309605883,10.886288319822299,0.15621502093011233
2015-01-07,200,504,equal_weight,0.03889639779526381,5.834459669289572e-05,0.005000000000000001,199.99999999999997,0.005
2015-01-07,200,504,sample_gmv,0.9361321331439446,0.001404198199715917,0.7914996019462514,1.263424514100902,0.8887417441119362
2015-01-07,200,504,ledoit_wolf_gmv,0.7688526785999874,0.001153279017899981,0.5592865074482347,1.7879923557650923,0.744132522630714
2015-02-06,10,504,equal_weight,0.11787001923424795,0.00017680502885137193,0.10000000000000003,9.999999999999996,0.1
2015-02-06,10,504,sample_gmv,0.16154616616157322,0.00024231924924235983,0.1685870013591501,5.931655417902863,0.2917895650043913
2015-02-06,10,504,ledoit_wolf_gmv,0.1582745051560765,0.00023741175773411475,0.16058312042716624,6.227304571862259,0.2754691630443426
2015-02-06,50,504,equal_weight,0.05983324875176618,8.974987312764928e-05,0.020000000000000004,49.99999999999999,0.02
2015-02-06,50,504,sample_gmv,0.26653750262393106,0.0003998062539358966,0.08602033975271085,11.625157525240835,0.19594610647074615
2015-02-06,50,504,ledoit_wolf_gmv,0.2477803565245735,0.00037167053478686025,0.07955618182603702,12.569733451847505,0.18100333378693131
2015-02-06,100,504,equal_weight,0.02925710691949679,4.388566037924518e-05,0.01,100.0,0.01
2015-02-06,100,504,sample_gmv,0.13873792291173462,0.00020810688436760194,0.09414225904843307,10.62222226349522,0.18536450212505415
2015-02-06,100,504,ledoit_wolf_gmv,0.14045376428259285,0.00021068064642388928,0.08777267897554947,11.39306685943318,0.1770761083228054
2015-02-06,200,496,equal_weight,0.05768493596876212,8.652740395314319e-05,0.005000000000000001,199.99999999999997,0.005
2015-02-06,200,496,sample_gmv,0.9370992324385135,0.0014056488486577702,0.08219621369365693,12.166010513902418,0.1653028473063975
2015-02-06,200,496,ledoit_wolf_gmv,0.7753657332232593,0.001163048599834889,0.07665046209893286,13.04623576449283,0.1606092782686437
2015-03-10,10,504,equal_weight,0.020883082860316135,3.13246242904742e-05,0.10000000000000003,9.999999999999996,0.1
2015-03-10,10,504,sample_gmv,0.02619837535717437,3.9297563035761555e-05,0.16041028379887365,6.234014280866335,0.27661039458408965
2015-03-10,10,504,ledoit_wolf_gmv,0.02392708295600693,3.5890624434010396e-05,0.15366454101183544,6.507682210972659,0.2612919590742246
2015-03-10,50,504,equal_weight,0.035533432717327895,5.330014907599184e-05,0.020000000000000004,49.99999999999999,0.02
2015-03-10,50,504,sample_gmv,0.20802416374196206,0.0003120362456129431,0.0919998934429229,10.869577806852613,0.1856744225258238
2015-03-10,50,504,ledoit_wolf_gmv,0.1927476684984011,0.00028912150274760167,0.08602128243819189,11.625030128079306,0.17480428497628214
2015-03-10,100,504,equal_weight,0.03766968175058003,5.650452262587005e-05,0.01,100.0,0.01
2015-03-10,100,504,sample_gmv,0.07676161971061754,0.00011514242956592632,0.08174965919410887,12.232466897819961,0.15917947949913996
2015-03-10,100,504,ledoit_wolf_gmv,0.0710090658454213,0.00010651359876813195,0.07733690749907421,12.930436868218074,0.15339528818446785
2015-03-10,200,504,equal_weight,0.05346937851704663,8.020406777556995e-05,0.005000000000000001,199.99999999999997,0.005
2015-03-10,200,504,sample_gmv,0.10456707418181807,0.00015685061127272712,0.08207862498888308,12.183439965465338,0.18190679326613757
2015-03-10,200,504,ledoit_wolf_gmv,0.10768528641335667,0.00016152792962003502,0.07564867955317417,13.219001387817887,0.1760093398186781
2015-04-09,10,504,equal_weight,0.005021185184751503,7.531777777127255e-06,0.10000000000000003,9.999999999999996,0.1
2015-04-09,10,504,sample_gmv,0.03052060620880654,4.578090931320981e-05,0.15840126967051746,6.3130807100224,0.2625018427236041
2015-04-09,10,504,ledoit_wolf_gmv,0.025799006504252514,3.869850975637877e-05,0.15249202460581834,6.557720002635763,0.25165443186880837
2015-04-09,50,504,equal_weight,0.0498658707700976,7.47988061551464e-05,0.020000000000000004,49.99999999999999,0.02
2015-04-09,50,504,sample_gmv,0.21291762684330187,0.0003193764402649528,0.07565973391986544,13.217070007927123,0.16188179728361943
2015-04-09,50,504,ledoit_wolf_gmv,0.20199195570662046,0.0003029879335599307,0.07103494745561124,14.077577809498433,0.1486607715935262
2015-04-09,100,488,equal_weight,0.03230678133091779,4.846017199637669e-05,0.01,100.0,0.01
2015-04-09,100,488,sample_gmv,0.05866118610250747,8.799177915376121e-05,0.08231752432460332,12.148081568351015,0.1617884637901944
2015-04-09,100,488,ledoit_wolf_gmv,0.054406714297816114,8.161007144672417e-05,0.07802912810130352,12.815726951372847,0.15590299662812726
2015-04-09,200,488,equal_weight,0.03947319181784928,5.920978772677392e-05,0.005000000000000001,199.99999999999997,0.005
2015-04-09,200,488,sample_gmv,0.0626916866859898,9.403753002898471e-05,0.08164670515018786,12.247891671323606,0.1809755429460538
2015-04-09,200,488,ledoit_wolf_gmv,0.06116461102516191,9.174691653774286e-05,0.07547842542499636,13.248819041591027,0.17477483170662514
2015-05-08,10,504,equal_weight,0.020258526734328014,3.0387790101492023e-05,0.10000000000000003,9.999999999999996,0.1
2015-05-08,10,504,sample_gmv,0.0931139492960492,0.0001396709239440738,0.16832292482469474,5.940961405236285,0.24105636375982945
2015-05-08,10,504,ledoit_wolf_gmv,0.08644391200907384,0.00012966586801361075,0.16115175642195756,6.2053310631105605,0.23248431267176103
2015-05-08,50,504,equal_weight,0.053626970477232555,8.044045571584883e-05,0.020000000000000004,49.99999999999999,0.02
2015-05-08,50,504,sample_gmv,0.22314340792044687,0.00033471511188067033,0.07929050320371468,12.611850847140934,0.155615631531502
2015-05-08,50,504,ledoit_wolf_gmv,0.21407597449472693,0.0003211139617420904,0.07594171621241182,13.167993164691756,0.14704712714038576
2015-05-08,100,504,equal_weight,0.024650901108988012,3.697635166348202e-05,0.01,100.0,0.01
2015-05-08,100,504,sample_gmv,0.1490513056189373,0.00022357695842840596,0.06562196505747919,15.238799982964334,0.13971537858636718
2015-05-08,100,504,ledoit_wolf_gmv,0.1429652442704881,0.00021444786640573214,0.06287126399191448,15.905517664295797,0.13404093896365024
2015-05-08,200,504,equal_weight,0.06213993494645802,9.320990241968703e-05,0.005000000000000001,199.99999999999997,0.005
2015-05-08,200,504,sample_gmv,0.9561620565144597,0.0014342430847716896,0.7976599085506016,1.2536671196338087,0.8921125517123474
2015-05-08,200,504,ledoit_wolf_gmv,0.8261002727342855,0.0012391504091014284,0.5947526154698225,1.6813713365683207,0.7686412431297672
2015-06-09,10,504,equal_weight,0.012486548062339564,1.8729822093509346e-05,0.10000000000000003,9.999999999999996,0.1
2015-06-09,10,504,sample_gmv,0.08398148225244888,0.00012597222337867333,0.17914736491186395,5.581996701385896,0.270853562404408
2015-06-09,10,504,ledoit_wolf_gmv,0.06400553487969435,9.600830231954152e-05,0.16981748107150132,5.88867526293687,0.2554923648899017
2015-06-09,50,504,equal_weight,0.030965288632838782,4.6447932949258176e-05,0.020000000000000004,49.99999999999999,0.02
2015-06-09,50,504,sample_gmv,0.11504350620896267,0.00017256525931344402,0.08321055186152422,12.017706620479592,0.16577987241575026
2015-06-09,50,504,ledoit_wolf_gmv,0.10608278994335206,0.0001591241849150281,0.07958784319904456,12.564733001986976,0.1566987111044076
2015-06-09,100,504,equal_weight,0.032398522336929254,4.859778350539388e-05,0.01,100.0,0.01
2015-06-09,100,504,sample_gmv,0.13022079767924882,0.00019533119651887323,0.06663524813853303,15.007072501944089,0.13188420050064165
2015-06-09,100,504,ledoit_wolf_gmv,0.12163477329125216,0.00018245215993687824,0.0643719630736861,15.534713441243163,0.12773460338533335
2015-06-09,200,504,equal_weight,0.03441632513164142,5.1624487697462126e-05,0.005000000000000001,199.99999999999997,0.005
2015-06-09,200,504,sample_gmv,0.01399405931312776,2.099108896969164e-05,0.7981919212732472,1.252831522530115,0.8922774608040229
2015-06-09,200,504,ledoit_wolf_gmv,0.05039712938989151,7.559569408483726e-05,0.6246271661003783,1.600955024487838,0.7882692293768673
2015-07-09,10,504,equal_weight,0.009259501167583783,1.3889251751375675e-05,0.10000000000000003,9.999999999999996,0.1
2015-07-09,10,504,sample_gmv,0.03081704617980207,4.6225569269703105e-05,0.1809134300151706,5.5275056136857526,0.28372143878151534
2015-07-09,10,504,ledoit_wolf_gmv,0.031034344470246156,4.6551516705369235e-05,0.1723420603282541,5.802414094941964,0.26926570263026534
2015-07-09,50,504,equal_weight,0.05496544615733524,8.244816923600286e-05,0.020000000000000004,49.99999999999999,0.02
2015-07-09,50,504,sample_gmv,0.22146315069772224,0.0003321947260465834,0.07997772436420557,12.50348153751115,0.14547416736574628
2015-07-09,50,504,ledoit_wolf_gmv,0.20581285520423037,0.00030871928280634556,0.07570262317454227,13.20958188852148,0.1344191891416094
2015-07-09,100,504,equal_weight,0.04542653962622932,6.813980943934398e-05,0.01,100.0,0.01
2015-07-09,100,504,sample_gmv,0.13450913512039475,0.00020176370268059214,0.06541586948794822,15.286810491515872,0.1244590439676926
2015-07-09,100,504,ledoit_wolf_gmv,0.13164166182111975,0.00019746249273167962,0.062482332302347815,16.004524209516813,0.11913691739217538
2015-07-09,200,504,equal_weight,0.05181275292816012,7.771912939224019e-05,0.005000000000000001,199.99999999999997,0.005
2015-07-09,200,504,sample_gmv,0.02286483965757201,3.429725948635801e-05,0.7900738706159843,1.2657044324480011,0.887724652449014
2015-07-09,200,504,ledoit_wolf_gmv,0.0739565116696741,0.00011093476750451115,0.556903316170208,1.7956438235579961,0.743342338009165
2015-08-07,10,504,equal_weight,0.11207627547941557,0.00016811441321912336,0.10000000000000003,9.999999999999996,0.1
2015-08-07,10,504,sample_gmv,0.27153614126981357,0.0004073042119047204,0.18782926339976755,5.323984036883774,0.3171744790173258
2015-08-07,10,504,ledoit_wolf_gmv,0.2574282403250664,0.0003861423604875996,0.17558285954943068,5.695316744277517,0.2952410490080909
2015-08-07,50,504,equal_weight,0.05999729674631614,8.999594511947421e-05,0.020000000000000004,49.99999999999999,0.02
2015-08-07,50,504,sample_gmv,0.21907074174512245,0.0003286061126176837,0.09104548178123989,10.98352142726595,0.16637863426452126
2015-08-07,50,504,ledoit_wolf_gmv,0.2086121098028393,0.000312918164704259,0.08643336860635197,11.569605768280912,0.15815205114746136
2015-08-07,100,504,equal_weight,0.044159558858815125,6.623933828822268e-05,0.01,100.0,0.01
2015-08-07,100,504,sample_gmv,0.08025325593231819,0.00012037988389847729,0.06761369679616439,14.789902747289634,0.1275120258269117
2015-08-07,100,504,ledoit_wolf_gmv,0.07791446067723404,0.00011687169101585105,0.06342577012412923,15.76646208698643,0.12068373739248733
2015-08-07,200,504,equal_weight,0.0472762183270279,7.091432749054185e-05,0.005000000000000001,199.99999999999997,0.005
2015-08-07,200,504,sample_gmv,0.46076346892467607,0.0006911452033870142,0.393909405147122,2.5386547945624907,0.44964126182741854
2015-08-07,200,504,ledoit_wolf_gmv,0.4404356333215985,0.0006606534499823978,0.3495203268402063,2.8610639302165106,0.4226816501378816
2015-09-08,10,504,equal_weight,0.1085210926137849,0.00016278163892067735,0.10000000000000003,9.999999999999996,0.1
2015-09-08,10,504,sample_gmv,0.3823522606587365,0.0005735283909881048,0.23722052411031624,4.21548685026496,0.3015482861046818
2015-09-08,10,504,ledoit_wolf_gmv,0.35386780508249527,0.0005308017076237429,0.21875852504248025,4.571250422381538,0.2850054309320093
2015-09-08,50,504,equal_weight,0.031058068988607745,4.658710348291162e-05,0.020000000000000004,49.99999999999999,0.02
2015-09-08,50,504,sample_gmv,0.21801169908590778,0.00032701754862886166,0.09736026309846968,10.271130830743596,0.1399143403771419
2015-09-08,50,504,ledoit_wolf_gmv,0.2120644152182707,0.0003180966228274061,0.09262429988708437,10.796302927191583,0.13507168127067273
2015-09-08,100,487,equal_weight,0.04319828452222979,6.479742678334469e-05,0.01,100.0,0.01
2015-09-08,100,487,sample_gmv,0.14065146564576564,0.00021097719846864847,0.06693264888626618,14.940391821325163,0.12965238220641231
2015-09-08,100,487,ledoit_wolf_gmv,0.13432220822178534,0.000201483312332678,0.06311754564783092,15.843455092179518,0.12274226856846313
2015-09-08,200,487,equal_weight,0.0410181234828759,6.152718522431386e-05,0.005000000000000001,199.99999999999997,0.005
2015-09-08,200,487,sample_gmv,0.028194074243480628,4.2291111365220945e-05,0.39662950336074115,2.5212446162646738,0.45237827727783025
2015-09-08,200,487,ledoit_wolf_gmv,0.05946573381448951,8.919860072173427e-05,0.33449817058530257,2.9895529719944567,0.413383885273197
2015-10-07,10,504,equal_weight,0.11517006605631139,0.00017275509908446708,0.10000000000000003,9.999999999999996,0.1
2015-10-07,10,504,sample_gmv,0.29814630452693147,0.00044721945679039723,0.2590017967094482,3.8609770770116083,0.3757809760854349
2015-10-07,10,504,ledoit_wolf_gmv,0.28156013510690453,0.0004223402026603568,0.23983032815603617,4.1696144423794035,0.356550241636643
2015-10-07,50,504,equal_weight,0.0173224324512085,2.598364867681275e-05,0.020000000000000004,49.99999999999999,0.02
2015-10-07,50,504,sample_gmv,0.07904348306006397,0.00011856522459009595,0.10898821929244623,9.17530359237008,0.15648469785087915
2015-10-07,50,504,ledoit_wolf_gmv,0.08172328515846551,0.00012258492773769826,0.10281782356736302,9.725940165858805,0.150936674873111
2015-10-07,100,483,equal_weight,0.03693434922600743,5.540152383901115e-05,0.01,100.0,0.01
2015-10-07,100,483,sample_gmv,0.24008583233020211,0.0003601287484953032,0.09560521762348845,10.459680181244819,0.1919707353021756
2015-10-07,100,483,ledoit_wolf_gmv,0.2319541376204594,0.0003479312064306891,0.0899100719929434,11.12222443864226,0.18549896421025516
2015-10-07,200,483,equal_weight,0.051418873685918215,7.712831052887732e-05,0.005000000000000001,199.99999999999997,0.005
2015-10-07,200,483,sample_gmv,0.027689433405135886,4.153415010770383e-05,0.4103474939350767,2.436958954983201,0.4570159107471334
2015-10-07,200,483,ledoit_wolf_gmv,0.06414189400132624,9.621284100198936e-05,0.3546209650730634,2.819912240084191,0.42411471302556597
2015-11-05,10,504,equal_weight,0.10523815376219148,0.00015785723064328723,0.10000000000000003,9.999999999999996,0.1
2015-11-05,10,504,sample_gmv,0.3557446411405032,0.0005336169617107548,0.2796898176101632,3.5753893672089925,0.4657182226580751
2015-11-05,10,504,ledoit_wolf_gmv,0.33117274054219814,0.0004967591108132972,0.24913266971470333,4.013925596932589,0.42322985178806444
2015-11-05,50,504,equal_weight,0.036600989334241676,5.4901484001362516e-05,0.020000000000000004,49.99999999999999,0.02
2015-11-05,50,504,sample_gmv,0.14405008060073218,0.00021607512090109828,0.11607782946694792,8.61490953606038,0.1907284749823094
2015-11-05,50,504,ledoit_wolf_gmv,0.13807566860640844,0.00020711350290961267,0.10908316278966623,9.167317617368653,0.17833769746985845
2015-11-05,100,504,equal_weight,0.03895363519443787,5.8430452791656804e-05,0.01,100.0,0.01
2015-11-05,100,504,sample_gmv,0.3126981251353269,0.00046904718770299035,0.09104134873516101,10.984020051251623,0.13887331162964356
2015-11-05,100,504,ledoit_wolf_gmv,0.3001703291328349,0.00045025549369925237,0.08480613210490903,11.791600149420264,0.13151078127715235
2015-11-05,200,480,equal_weight,0.04372958467939997,6.559437701909995e-05,0.005000000000000001,199.99999999999997,0.005
2015-11-05,200,480,sample_gmv,0.02020870577396511,3.0313058660947667e-05,0.4107894780087892,2.434336937857508,0.455561605517607
2015-11-05,200,480,ledoit_wolf_gmv,0.06315172237213894,9.47275835582084e-05,0.3696088747194975,2.7055627405021516,0.43195816545914684
2015-12-07,10,504,equal_weight,0.01216484829306691,1.8247272439600366e-05,0.10000000000000003,9.999999999999996,0.1
2015-12-07,10,504,sample_gmv,0.022831186464921514,3.424677969738227e-05,0.27799698211898816,3.5971613518163315,0.4638626460167802
2015-12-07,10,504,ledoit_wolf_gmv,0.01975919563101463,2.9638793446521945e-05,0.2492246113359871,4.0124448169040186,0.4229349844700371
2015-12-07,50,504,equal_weight,0.03277513240964833,4.916269861447249e-05,0.020000000000000004,49.99999999999999,0.02
2015-12-07,50,504,sample_gmv,0.07533769582408428,0.00011300654373612643,0.11466535571351767,8.72102993774703,0.18191850057532588
2015-12-07,50,504,ledoit_wolf_gmv,0.0763444977720505,0.00011451674665807575,0.10728513419704813,9.320955857344812,0.17002966176993475
2015-12-07,100,504,equal_weight,0.03617080440243897,5.425620660365846e-05,0.01,100.0,0.01
2015-12-07,100,504,sample_gmv,0.11416901322335243,0.00017125351983502866,0.08897616307723118,11.238965194891597,0.13571644026695784
2015-12-07,100,504,ledoit_wolf_gmv,0.10888377818178976,0.00016332566727268464,0.08339588126920204,11.990999852522673,0.13073171218948743
2015-12-07,200,501,equal_weight,0.036856164439435915,5.528424665915387e-05,0.005000000000000001,199.99999999999997,0.005
2015-12-07,200,501,sample_gmv,0.014438737672317153,2.165810650847573e-05,0.4148915882352176,2.4102681962138566,0.457310965279759
2015-12-07,200,501,ledoit_wolf_gmv,0.029288586301095664,4.39328794516435e-05,0.37713988611273275,2.6515360396038434,0.4359822063507706
2016-01-07,10,504,equal_weight,0.016516922326430705,2.4775383489646057e-05,0.10000000000000003,9.999999999999996,0.1
2016-01-07,10,504,sample_gmv,0.035487780553470356,5.323167083020554e-05,0.29000401430198164,3.4482281302447713,0.4824498018368798
2016-01-07,10,504,ledoit_wolf_gmv,0.029715936973099915,4.457390545964987e-05,0.2570635242605991,3.8900890465745204,0.43722414663279013
2016-01-07,50,504,equal_weight,0.03375911127328811,5.0638666909932164e-05,0.020000000000000004,49.99999999999999,0.02
2016-01-07,50,504,sample_gmv,0.10456410790361496,0.00015684616185542244,0.1283093049259071,7.793667034339057,0.1955964454476502
2016-01-07,50,504,ledoit_wolf_gmv,0.10789525988833028,0.0001618428898324954,0.12096012662964944,8.267187112508218,0.18438896128060928
2016-01-07,100,504,equal_weight,0.03714687418893499,5.5720311283402485e-05,0.01,100.0,0.01
2016-01-07,100,504,sample_gmv,0.06657669791674928,9.986504687512392e-05,0.09494648977239639,10.532248242111717,0.14437721825045502
2016-01-07,100,504,ledoit_wolf_gmv,0.06262565706337017,9.393848559505526e-05,0.08944299312103143,11.180305634973905,0.1394177005238797
2016-01-07,200,504,equal_weight,0.0595065544280963,8.925983164214445e-05,0.005000000000000001,199.99999999999997,0.005
2016-01-07,200,504,sample_gmv,0.013481246180198605,2.022186927029791e-05,0.41550743680715085,2.4066957927016097,0.4586285430551388
2016-01-07,200,504,ledoit_wolf_gmv,0.02241357953422971,3.3620369301344564e-05,0.3788021681462848,2.6399004126444776,0.43722381562764223
2016-02-08,10,504,equal_weight,0.2191093737262101,0.00032866406058931514,0.10000000000000003,9.999999999999996,0.1
2016-02-08,10,504,sample_gmv,0.801499917590211,0.0012022498763853166,0.3386786214469295,2.952651678242108,0.4077230927110063
2016-02-08,10,504,ledoit_wolf_gmv,0.7622547716190476,0.0011433821574285716,0.31271763638119954,3.197772954452145,0.38210249374484384
2016-02-08,50,504,equal_weight,0.04619182113261876,6.928773169892813e-05,0.020000000000000004,49.99999999999999,0.02
2016-02-08,50,504,sample_gmv,0.15055497832680892,0.00022583246749021337,0.1390348568107144,7.192440967241945,0.2112174253078276
2016-02-08,50,504,ledoit_wolf_gmv,0.1425907642446707,0.00021388614636700607,0.12876379874636415,7.766157955387571,0.19892454966482107
2016-02-08,100,504,equal_weight,0.07211203658002609,0.00010816805487003913,0.01,100.0,0.01
2016-02-08,100,504,sample_gmv,0.3456607843741462,0.0005184911765612194,0.12290741996175171,8.136205286151121,0.2185494516969932
2016-02-08,100,504,ledoit_wolf_gmv,0.3389562864052946,0.000508434429607942,0.11460776468246048,8.725412303177391,0.21081407796239524
2016-02-08,200,489,equal_weight,0.08092673373830798,0.00012139010060746198,0.005000000000000001,199.99999999999997,0.005
2016-02-08,200,489,sample_gmv,0.025301983571550172,3.795297535732526e-05,0.4101999358703871,2.4378355834652665,0.46376105962114506
2016-02-08,200,489,ledoit_wolf_gmv,0.12377438346151581,0.00018566157519227372,0.31654829974824267,3.1590755685477396,0.4029273060159577
2016-03-09,10,485,equal_weight,0.10882174207758652,0.0001632326131163798,0.10000000000000003,9.999999999999996,0.1
2016-03-09,10,485,sample_gmv,0.4157325896968559,0.0006235988845452839,0.38620914477723023,2.5892706413692284,0.5172812298307768
2016-03-09,10,485,ledoit_wolf_gmv,0.3909034978119294,0.0005863552467178942,0.3438164814893758,2.9085283976733987,0.4824065533963303
2016-03-09,50,485,equal_weight,0.05133564648353057,7.700346972529586e-05,0.020000000000000004,49.99999999999999,0.02
2016-03-09,50,485,sample_gmv,0.07296315596059998,0.00010944473394089996,0.14339923365461824,6.97353796470442,0.2246184544436689
2016-03-09,50,485,ledoit_wolf_gmv,0.06320641965256751,9.480962947885127e-05,0.1297625598491996,7.706383113604769,0.20681160175309862
2016-03-09,100,485,equal_weight,0.04512409294537346,6.768613941806019e-05,0.01,100.0,0.01
2016-03-09,100,485,sample_gmv,0.3070066844164231,0.00046051002662463465,0.10946129687116635,9.135649116024808,0.19080061143861585
2016-03-09,100,485,ledoit_wolf_gmv,0.30139984116156393,0.0004520997617423459,0.1001073569474609,9.989275818407908,0.17817064889187248
2016-03-09,200,485,equal_weight,0.031138885931224422,4.670832889683663e-05,0.005000000000000001,199.99999999999997,0.005
2016-03-09,200,485,sample_gmv,0.027294091433235454,4.094113714985318e-05,0.4100036596421085,2.4390026198129506,0.4669794838131645
2016-03-09,200,485,ledoit_wolf_gmv,0.04739606461990735,7.109409692986102e-05,0.32038402232070784,3.1212542771530263,0.4082072323904317
2016-04-08,10,504,equal_weight,0.014340230998581283,2.1510346497871925e-05,0.10000000000000003,9.999999999999996,0.1
2016-04-08,10,504,sample_gmv,0.0084338700015935,1.2650805002390249e-05,0.38268952844205967,2.613084303798511,0.5109927801024363
2016-04-08,10,504,ledoit_wolf_gmv,0.011236220885230686,1.6854331327846027e-05,0.33997914158338227,2.9413569177882724,0.475748701735709
2016-04-08,50,504,equal_weight,0.01582817298133224,2.374225947199836e-05,0.020000000000000004,49.99999999999999,0.02
2016-04-08,50,504,sample_gmv,0.0528034415890446,7.920516238356689e-05,0.14333485569912685,6.976670085740294,0.22858842658050874
2016-04-08,50,504,ledoit_wolf_gmv,0.05297835023633592,7.946752535450388e-05,0.1297043989570762,7.7098387413285465,0.21151765604874537
2016-04-08,100,504,equal_weight,0.03394486371873394,5.091729557810091e-05,0.01,100.0,0.01
2016-04-08,100,504,sample_gmv,0.24397452456061405,0.0003659617868409211,0.12461754349554349,8.02455233789584,0.21389762985189362
2016-04-08,100,504,ledoit_wolf_gmv,0.2411045457357328,0.0003616568186035992,0.11554425938073082,8.654692196389368,0.20654753569901207
2016-04-08,200,485,equal_weight,0.02908525904073162,4.3627888561097437e-05,0.005000000000000001,199.99999999999997,0.005
2016-04-08,200,485,sample_gmv,0.0052091159231943025,7.813673884791454e-06,0.41111205062445083,2.4324268736006864,0.46733776117491393
2016-04-08,200,485,ledoit_wolf_gmv,0.012614803491441333,1.8922205237162e-05,0.3187140589591355,3.1376086868142106,0.406842298435183
2016-05-09,10,504,equal_weight,0.030420097465527693,4.563014619829154e-05,0.10000000000000003,9.999999999999996,0.1
2016-05-09,10,504,sample_gmv,0.018206056769075222,2.7309085153612835e-05,0.3887150897044872,2.5725782880212593,0.5158649053322412
2016-05-09,10,504,ledoit_wolf_gmv,0.0250503343154533,3.757550147317995e-05,0.34720087466603555,2.880177076056841,0.482271658752986
2016-05-09,50,504,equal_weight,0.05648188503795083,8.472282755692625e-05,0.020000000000000004,49.99999999999999,0.02
2016-05-09,50,504,sample_gmv,0.1054627637152865,0.00015819414557292975,0.14015059479826852,7.135181990767793,0.247518947287425
2016-05-09,50,504,ledoit_wolf_gmv,0.10429367412925356,0.00015644051119388034,0.13098345834387007,7.634551817792947,0.2319707146965609
2016-05-09,100,504,equal_weight,0.048562757872305615,7.284413680845842e-05,0.01,100.0,0.01
2016-05-09,100,504,sample_gmv,0.2646171408220701,0.0003969257112331052,0.10875734111081321,9.194781610016529,0.18984346969291493
2016-05-09,100,504,ledoit_wolf_gmv,0.26445786765382523,0.00039668680148073783,0.10158269384072842,9.844196508195587,0.1799522613688598
2016-05-09,200,504,equal_weight,0.04393546115931078,6.590319173896617e-05,0.005000000000000001,199.99999999999997,0.005
2016-05-09,200,504,sample_gmv,0.01780762598397221,2.6711438975958315e-05,0.41121569537707764,2.4318137932041175,0.46483667240912974
2016-05-09,200,504,ledoit_wolf_gmv,0.02884064380438285,4.326096570657428e-05,0.3222128258453527,3.103538778682739,0.40736628768989613
2016-06-08,10,504,equal_weight,0.010231730918582732,1.5347596377874097e-05,0.10000000000000003,9.999999999999996,0.1
2016-06-08,10,504,sample_gmv,0.017690609868848954,2.6535914803273432e-05,0.3961473136299193,2.524313470251624,0.5267772535420245
2016-06-08,10,504,ledoit_wolf_gmv,0.00985586299186259,1.4783794487793887e-05,0.3497623921187548,2.8590838310039635,0.4860270205575484
2016-06-08,50,504,equal_weight,0.03283500490699119,4.925250736048679e-05,0.020000000000000004,49.99999999999999,0.02
2016-06-08,50,504,sample_gmv,0.035596375820460546,5.339456373069082e-05,0.14476446234282778,6.90777269376944,0.2570543827593255
2016-06-08,50,504,ledoit_wolf_gmv,0.040983890694448015,6.147583604167203e-05,0.13463824746866793,7.427309986582475,0.24296710993115242
2016-06-08,100,490,equal_weight,0.033713689155791454,5.057053373368718e-05,0.01,100.0,0.01
2016-06-08,100,490,sample_gmv,0.2455812369883909,0.00036837185548258634,0.1235430727702362,8.094342949197864,0.2224752660783829
2016-06-08,100,490,ledoit_wolf_gmv,0.2402410203591606,0.0003603615305387409,0.11732629879669144,8.5232382701584,0.21560035485274254
2016-06-08,200,490,equal_weight,0.043400556247056535,6.51008343705848e-05,0.005000000000000001,199.99999999999997,0.005
2016-06-08,200,490,sample_gmv,0.012585162084810678,1.887774312721602e-05,0.4101576632865262,2.4380868371132305,0.46484765808122935
2016-06-08,200,490,ledoit_wolf_gmv,0.01590738855769811,2.386108283654717e-05,0.3218576867360449,3.1069632362706274,0.4072679913661734
2016-07-08,10,504,equal_weight,0.01982578190913356,2.973867286370034e-05,0.10000000000000003,9.999999999999996,0.1
2016-07-08,10,504,sample_gmv,0.025575416705248016,3.836312505787202e-05,0.40135992665380243,2.4915292573853827,0.5230226443575979
2016-07-08,10,504,ledoit_wolf_gmv,0.020019118005632205,3.002867700844831e-05,0.3575332159604576,2.7969429282637557,0.4879691582855683
2016-07-08,50,504,equal_weight,0.03627785681017193,5.441678521525789e-05,0.020000000000000004,49.99999999999999,0.02
2016-07-08,50,504,sample_gmv,0.09008544155410673,0.0001351281623311601,0.14577297937192024,6.859981899996939,0.2651493413473421
2016-07-08,50,504,ledoit_wolf_gmv,0.10197892371107806,0.0001529683855666171,0.12878506319700414,7.764875639889134,0.23798948356929123
2016-07-08,100,504,equal_weight,0.03867079110700487,5.800618666050731e-05,0.01,100.0,0.01
2016-07-08,100,504,sample_gmv,0.0677857952078596,0.00010167869281178941,0.1268236053580554,7.884967448896795,0.22787937277279458
2016-07-08,100,504,ledoit_wolf_gmv,0.06605137047602233,9.90770557140335e-05,0.12046245327892051,8.301341810502443,0.22096999132116982
2016-07-08,200,504,equal_weight,0.06457224136111363,9.685836204167045e-05,0.005000000000000001,199.99999999999997,0.005
2016-07-08,200,504,sample_gmv,0.021419190884252304,3.2128786326378456e-05,0.4150270158999609,2.409481700441984,0.46511046359027963
2016-07-08,200,504,ledoit_wolf_gmv,0.03466174799604968,5.199262199407452e-05,0.33099680184363844,3.021177227181778,0.411873597091128
2016-08-08,10,504,equal_weight,0.024422975415550295,3.6634463123325444e-05,0.10000000000000003,9.999999999999996,0.1
2016-08-08,10,504,sample_gmv,0.015960787285450206,2.3941180928175308e-05,0.3982681785103931,2.510870950675022,0.5196528887372409
2016-08-08,10,504,ledoit_wolf_gmv,0.020755233310288196,3.113284996543229e-05,0.35474735491491965,2.8189075581404506,0.48179801655723636
2016-08-08,50,504,equal_weight,0.06136677072053427,9.205015608080142e-05,0.020000000000000004,49.99999999999999,0.02
2016-08-08,50,504,sample_gmv,0.04915664545759134,7.373496818638702e-05,0.14236896419787623,7.024002777811299,0.26133595716038155
2016-08-08,50,504,ledoit_wolf_gmv,0.04953208008803916,7.429812013205875e-05,0.1261704311002429,7.925787296434741,0.23573740024577433
2016-08-08,100,504,equal_weight,0.06164153347810497,9.246230021715746e-05,0.01,100.0,0.01
2016-08-08,100,504,sample_gmv,0.0980985626924934,0.0001471478440387401,0.12326828550956087,8.112386700814772,0.22292742593491555
2016-08-08,100,504,ledoit_wolf_gmv,0.09652587821453515,0.00014478881732180274,0.11616980154258444,8.608089079272718,0.21672566220288025
2016-08-08,200,504,equal_weight,0.04262577898724806,6.393866848087208e-05,0.005000000000000001,199.99999999999997,0.005
2016-08-08,200,504,sample_gmv,0.01764373050220917,2.6465595753313755e-05,0.4137294971066191,2.4170382024811192,0.4638517903038185
2016-08-08,200,504,ledoit_wolf_gmv,0.026073734714214557,3.911060207132184e-05,0.3306477871092901,3.024366225894222,0.41151973261701885
2016-09-07,10,504,equal_weight,0.010081747007786884,1.5122620511680326e-05,0.10000000000000003,9.999999999999996,0.1
2016-09-07,10,504,sample_gmv,0.017087419331055603,2.5631128996583403e-05,0.3834731686686711,2.60774437875736,0.5004596940391892
2016-09-07,10,504,ledoit_wolf_gmv,0.014719044805695716,2.2078567208543573e-05,0.34090768107417835,2.933345464229682,0.4661488699031643
2016-09-07,50,504,equal_weight,0.030923882117826512,4.638582317673977e-05,0.020000000000000004,49.99999999999999,0.02
2016-09-07,50,504,sample_gmv,0.02998730761816315,4.498096142724473e-05,0.1359374237972844,7.356325962828617,0.24870634014762494
2016-09-07,50,504,ledoit_wolf_gmv,0.028593417875070613,4.289012681260592e-05,0.12279191988709912,8.143858333019377,0.22766990826532982
2016-09-07,100,504,equal_weight,0.032428086255291415,4.864212938293712e-05,0.01,100.0,0.01
2016-09-07,100,504,sample_gmv,0.04044481375595549,6.0667220633933236e-05,0.11675039507406267,8.565281508175046,0.22284071954811632
2016-09-07,100,504,ledoit_wolf_gmv,0.035005480962921845,5.250822144438277e-05,0.1112653084892379,8.987527321660414,0.21590363906584076
2016-09-07,200,503,equal_weight,0.03696860598900639,5.545290898350959e-05,0.005000000000000001,199.99999999999997,0.005
2016-09-07,200,503,sample_gmv,0.010534630811996635,1.580194621799495e-05,0.4149424939736238,2.4099725010655715,0.4635594822989256
2016-09-07,200,503,ledoit_wolf_gmv,0.024628479518436823,3.694271927765524e-05,0.3352220251580715,2.9830975441678014,0.4139610069225151
2016-10-06,10,504,equal_weight,0.1070315966484802,0.0001605473949727203,0.10000000000000003,9.999999999999996,0.1
2016-10-06,10,504,sample_gmv,0.033620789436280205,5.043118415442031e-05,0.3688249819633894,2.711313085888696,0.46518101202871176
2016-10-06,10,504,ledoit_wolf_gmv,0.0323547072487186,4.8532060873077895e-05,0.332596932053977,3.0066422856772186,0.43819473189242797
2016-10-06,50,504,equal_weight,0.05252261168947323,7.878391753420985e-05,0.020000000000000004,49.99999999999999,0.02
2016-10-06,50,504,sample_gmv,0.09674040434060209,0.00014511060651090313,0.12589532860087274,7.9431064767328285,0.2204409659869977
2016-10-06,50,504,ledoit_wolf_gmv,0.10304786913924963,0.00015457180370887443,0.11205210501337665,8.924419580342745,0.19866493331461427
2016-10-06,100,483,equal_weight,0.03266576105833289,4.8998641587499336e-05,0.01,100.0,0.01
2016-10-06,100,483,sample_gmv,0.24934732445168517,0.00037402098667752774,0.10079515485501972,9.921111797867324,0.19185216301271613
2016-10-06,100,483,ledoit_wolf_gmv,0.2415216867061156,0.0003622825300591734,0.0949790474137285,10.528637917834681,0.178663183036932
2016-10-06,200,482,equal_weight,0.03548255711180036,5.322383566770054e-05,0.005000000000000001,199.99999999999997,0.005
2016-10-06,200,482,sample_gmv,0.01061007740174662,1.591511610261993e-05,0.41440680873896446,2.413087765239643,0.4627327219128065
2016-10-06,200,482,ledoit_wolf_gmv,0.022792930788666673,3.418939618300001e-05,0.32679392383003636,3.060032415168448,0.4076642880118267
2016-11-04,10,504,equal_weight,0.11050835360456074,0.0001657625304068411,0.10000000000000003,9.999999999999996,0.1
2016-11-04,10,504,sample_gmv,0.4763250609577125,0.0007144875914365688,0.3529308728928443,2.833416050580581,0.42717406911995753
2016-11-04,10,504,ledoit_wolf_gmv,0.4479101924015179,0.0006718652886022768,0.3176651463602551,3.1479688957312555,0.4011136477738386
2016-11-04,50,504,equal_weight,0.07475311540627103,0.00011212967310940655,0.020000000000000004,49.99999999999999,0.02
2016-11-04,50,504,sample_gmv,0.07534715864404584,0.00011302073796606876,0.12163449280702991,8.221352158605825,0.1970457238702238
2016-11-04,50,504,ledoit_wolf_gmv,0.06785756581246888,0.00010178634871870332,0.10877106144038946,9.193621784669599,0.1804531417815025
2016-11-04,100,504,equal_weight,0.058639634382701276,8.795945157405192e-05,0.01,100.0,0.01
2016-11-04,100,504,sample_gmv,0.34710521809483286,0.0005206578271422493,0.09904466886483783,10.096454574093823,0.2052019476256338
2016-11-04,100,504,ledoit_wolf_gmv,0.33779152664233575,0.0005066872899635036,0.09327733607177002,10.7207178304339,0.1969549749688545
2016-11-04,200,504,equal_weight,0.05249373766473,7.8740606497095e-05,0.005000000000000001,199.99999999999997,0.005
2016-11-04,200,504,sample_gmv,0.01779095550386809,2.6686433255802137e-05,0.41899474393369635,2.386664783934007,0.462455635771822
2016-11-04,200,504,ledoit_wolf_gmv,0.02733471558532905,4.100207337799358e-05,0.3317582301690016,3.014243232159118,0.40898981493151754
2016-12-06,10,504,equal_weight,0.12059028938616696,0.00018088543407925045,0.10000000000000003,9.999999999999996,0.1
2016-12-06,10,504,sample_gmv,0.41898389090099314,0.0006284758363514898,0.39820890745379817,2.5112446790659098,0.6025742623502076
2016-12-06,10,504,ledoit_wolf_gmv,0.39415182124072895,0.0005912277318610935,0.3452549201496852,2.89641056980868,0.5501851761419567
2016-12-06,50,504,equal_weight,0.06771448125974143,0.00010157172188961214,0.020000000000000004,49.99999999999999,0.02
2016-12-06,50,504,sample_gmv,0.09740796788562407,0.00014611195182843612,0.12444148347330017,8.035905488177159,0.1915329916910271
2016-12-06,50,504,ledoit_wolf_gmv,0.09391706169473908,0.00014087559254210864,0.11161532028946408,8.959343550747262,0.17635646459553372
2016-12-06,100,504,equal_weight,0.07498993773124409,0.00011248490659686613,0.01,100.0,0.01
2016-12-06,100,504,sample_gmv,0.28199574583854053,0.0004229936187578108,0.0926551059071086,10.792713366520246,0.1649731169722396
2016-12-06,100,504,ledoit_wolf_gmv,0.26718643220168203,0.0004007796483025231,0.08588137645103816,11.643968009410168,0.15258754025732063
2016-12-06,200,504,equal_weight,0.06408031350513316,9.612047025769973e-05,0.005000000000000001,199.99999999999997,0.005
2016-12-06,200,504,sample_gmv,0.01868015735710229,2.8020236035653438e-05,0.4149253618418875,2.4100720080375866,0.46041802998265097
2016-12-06,200,504,ledoit_wolf_gmv,0.029718732446738567,4.457809867010785e-05,0.3148547019672357,3.1760681792329137,0.3971132773725002
2017-01-06,10,504,equal_weight,0.006039198143283006,9.05879721492451e-06,0.10000000000000003,9.999999999999996,0.1
2017-01-06,10,504,sample_gmv,0.022704150091912886,3.405622513786933e-05,0.3818749303685961,2.618658415295219,0.5882414847644905
2017-01-06,10,504,ledoit_wolf_gmv,0.022485232130800434,3.372784819620065e-05,0.33017248033260777,3.0287200162552135,0.5348450822493557
2017-01-06,50,504,equal_weight,0.028766735145609464,4.31501027184142e-05,0.020000000000000004,49.99999999999999,0.02
2017-01-06,50,504,sample_gmv,0.08480698664957245,0.00012721047997435868,0.13166671211151434,7.594934087463625,0.2171913300978854
2017-01-06,50,504,ledoit_wolf_gmv,0.07860468650696888,0.00011790702976045332,0.11633677652826219,8.595734125030237,0.19511126748768468
2017-01-06,100,504,equal_weight,0.030504557595327386,4.575683639299108e-05,0.01,100.0,0.01
2017-01-06,100,504,sample_gmv,0.10152252627784586,0.0001522837894167688,0.09770784307843391,10.234592930244718,0.1670983702180245
2017-01-06,100,504,ledoit_wolf_gmv,0.10339603776320189,0.00015509405664480282,0.09146529292742953,10.93310881093904,0.1554868608108851
2017-01-06,200,504,equal_weight,0.027664037561825602,4.14960563427384e-05,0.005000000000000001,199.99999999999997,0.005
2017-01-06,200,504,sample_gmv,0.007318250977649279,1.097737646647392e-05,0.4157361949116146,2.40537151260693,0.4592164724491084
2017-01-06,200,504,ledoit_wolf_gmv,0.01597438390988499,2.3961575864827483e-05,0.31295808046273743,3.195316121959234,0.3944171840352207
2017-02-07,10,504,equal_weight,0.021180041319935644,3.1770061979903464e-05,0.10000000000000003,9.999999999999996,0.1
2017-02-07,10,504,sample_gmv,0.04668809480105836,7.003214220158754e-05,0.39850104466561304,2.509403710193814,0.6054563674973223
2017-02-07,10,504,ledoit_wolf_gmv,0.040259937134186456,6.038990570127969e-05,0.3447064529312787,2.9010190888400973,0.5516194165144617
2017-02-07,50,504,equal_weight,0.053989686639699754,8.098452995954963e-05,0.020000000000000004,49.99999999999999,0.02
2017-02-07,50,504,sample_gmv,0.08116618827419671,0.00012174928241129506,0.11528654850953834,8.674038844325919,0.19475417834675626
2017-02-07,50,504,ledoit_wolf_gmv,0.07124362469758772,0.00010686543704638158,0.10509479543483845,9.515219054020866,0.1778865694119187
2017-02-07,100,504,equal_weight,0.038539055365152994,5.7808583047729494e-05,0.01,100.0,0.01
2017-02-07,100,504,sample_gmv,0.05866629063760915,8.799943595641372e-05,0.09167008269230513,10.908684388957587,0.14973085353005455
2017-02-07,100,504,ledoit_wolf_gmv,0.06748501975806992,0.00010122752963710488,0.0840576237817621,11.896600867475023,0.14057635072447844
2017-02-07,200,504,equal_weight,0.0383328559402239,5.7499283910335847e-05,0.005000000000000001,199.99999999999997,0.005
2017-02-07,200,504,sample_gmv,0.014942047487134794,2.241307123070219e-05,0.4141995162454808,2.414295431980507,0.45789766999015546
2017-02-07,200,504,ledoit_wolf_gmv,0.023938453629898132,3.5907680444847196e-05,0.30541282189173824,3.2742567709042576,0.3886903803314572
2017-03-09,10,504,equal_weight,0.010981279090274298,1.647191863541145e-05,0.10000000000000003,9.999999999999996,0.1
2017-03-09,10,504,sample_gmv,0.017573261243145198,2.63598918647178e-05,0.41995502858970846,2.381207348220586,0.6253053843463581
2017-03-09,10,504,ledoit_wolf_gmv,0.018750512641667317,2.8125768962500977e-05,0.3601596960890818,2.776546101240213,0.5678469467225514
2017-03-09,50,504,equal_weight,0.03159399044861624,4.7390985672924356e-05,0.020000000000000004,49.99999999999999,0.02
2017-03-09,50,504,sample_gmv,0.07815946784766184,0.00011723920177149276,0.12789834228709762,7.818709626081525,0.22876899496671413
2017-03-09,50,504,ledoit_wolf_gmv,0.0651999665890229,9.779994988353435e-05,0.11370982836004294,8.794314567371162,0.20125725519504667
2017-03-09,100,504,equal_weight,0.03460895581513211,5.191343372269817e-05,0.01,100.0,0.01
2017-03-09,100,504,sample_gmv,0.09192262123687325,0.00013788393185530987,0.08944016604950854,11.180659027918866,0.14356926183775925
2017-03-09,100,504,ledoit_wolf_gmv,0.09516147951934482,0.00014274221927901724,0.08157825730656215,12.258168205801573,0.1294848338463233
2017-03-09,200,496,equal_weight,0.03013899413541416,4.520849120312124e-05,0.005000000000000001,199.99999999999997,0.005
2017-03-09,200,496,sample_gmv,0.020954170500640815,3.1431255750961226e-05,0.4143348965354129,2.4135065821435844,0.4556413877545056
2017-03-09,200,496,ledoit_wolf_gmv,0.04423338376990875,6.635007565486313e-05,0.29160171025403003,3.429335167920812,0.3765176288293072
2017-04-07,10,504,equal_weight,0.012247045648410448,1.8370568472615673e-05,0.10000000000000003,9.999999999999996,0.1
2017-04-07,10,504,sample_gmv,0.012711000944013864,1.9066501416020795e-05,0.4283605152315638,2.334482204690174,0.6328340568312806
2017-04-07,10,504,ledoit_wolf_gmv,0.00873071790239919,1.3096076853598787e-05,0.36503747882467935,2.7394447365232906,0.5729040104632032
2017-04-07,50,504,equal_weight,0.05134287885055066,7.701431827582599e-05,0.020000000000000004,49.99999999999999,0.02
2017-04-07,50,504,sample_gmv,0.1039392492614766,0.0001559088738922149,0.12333424510879801,8.10804816714012,0.21748178247717237
2017-04-07,50,504,ledoit_wolf_gmv,0.103528250707066,0.00015529237606059902,0.10874091590645367,9.196170472393923,0.1890146616513928
2017-04-07,100,504,equal_weight,0.0323751706271887,4.856275594078305e-05,0.01,100.0,0.01
2017-04-07,100,504,sample_gmv,0.059315781773925845,8.897367266088877e-05,0.09035291885942773,11.0677110670416,0.14315416882766174
2017-04-07,100,504,ledoit_wolf_gmv,0.05908880833473835,8.863321250210752e-05,0.08318364228641166,12.021594300438002,0.13059158503740803
2017-04-07,200,504,equal_weight,0.03717259175804526,5.5758887637067896e-05,0.005000000000000001,199.99999999999997,0.005
2017-04-07,200,504,sample_gmv,0.02004295344051408,3.0064430160771117e-05,0.4102248041464305,2.437687799207403,0.45672133441188534
2017-04-07,200,504,ledoit_wolf_gmv,0.030396367043496714,4.559455056524507e-05,0.2840214186419147,3.5208612251203792,0.37301955439364815
2017-05-09,10,504,equal_weight,0.11362349511020323,0.00017043524266530485,0.10000000000000003,9.999999999999996,0.1
2017-05-09,10,504,sample_gmv,0.1542841443058973,0.00023142621645884595,0.4592012548296482,2.1776943975707868,0.656064024626367
2017-05-09,10,504,ledoit_wolf_gmv,0.15844211749034773,0.0002376631762355216,0.39206172460736854,2.5506187858594287,0.5968598973851774
2017-05-09,50,504,equal_weight,0.07429797208957624,0.00011144695813436436,0.020000000000000004,49.99999999999999,0.02
2017-05-09,50,504,sample_gmv,0.05235427503760624,7.853141255640936e-05,0.12123145562180966,8.248684261612537,0.21415495693327743
2017-05-09,50,504,ledoit_wolf_gmv,0.062785425136288,9.4178137704432e-05,0.11272104856855224,8.871457573355004,0.19915406436023936
2017-05-09,100,504,equal_weight,0.03477937267430862,5.216905901146293e-05,0.01,100.0,0.01
2017-05-09,100,504,sample_gmv,0.062407069741855385,9.361060461278308e-05,0.08796686974691022,11.367916158402629,0.13118955514289066
2017-05-09,100,504,ledoit_wolf_gmv,0.0592663995137147,8.889959927057205e-05,0.08005673030239113,12.491142171592436,0.12455533309219696
2017-05-09,200,504,equal_weight,0.030785062102742202,4.6177593154113305e-05,0.005000000000000001,199.99999999999997,0.005
2017-05-09,200,504,sample_gmv,0.006352619203014424,9.528928804521637e-06,0.40861400645976204,2.4472974107373733,0.45562088664317624
2017-05-09,200,504,ledoit_wolf_gmv,0.015282908970675354,2.292436345601303e-05,0.2823009700256688,3.542318681756825,0.3712304623277873
2017-06-08,10,504,equal_weight,0.017364519615671002,2.6046779423506504e-05,0.10000000000000003,9.999999999999996,0.1
2017-06-08,10,504,sample_gmv,0.02196109157822128,3.2941637367331915e-05,0.4509597033447875,2.2174930322664244,0.649012202926872
2017-06-08,10,504,ledoit_wolf_gmv,0.038354178785219815,5.7531268177829724e-05,0.3871012878826037,2.5833032110791385,0.5904398355446715
2017-06-08,50,485,equal_weight,0.05428949516938193,8.14342427540729e-05,0.020000000000000004,49.99999999999999,0.02
2017-06-08,50,485,sample_gmv,0.05745458158174791,8.618187237262187e-05,0.1159001261626471,8.628118304173903,0.20202019110350686
2017-06-08,50,485,ledoit_wolf_gmv,0.07011552860399614,0.00010517329290599421,0.10051838558823936,9.948428778953646,0.17676739131440602
2017-06-08,100,485,equal_weight,0.0560267974880486,8.40401962320729e-05,0.01,100.0,0.01
2017-06-08,100,485,sample_gmv,0.07055609041708269,0.00010583413562562404,0.08486819578066399,11.782977012783814,0.14748986232175879
2017-06-08,100,485,ledoit_wolf_gmv,0.061261066327600325,9.189159949140048e-05,0.07865122963954516,12.714359388695541,0.13340532396940133
2017-06-08,200,485,equal_weight,0.04269201397004001,6.403802095506e-05,0.005000000000000001,199.99999999999997,0.005
2017-06-08,200,485,sample_gmv,0.013194686425127725,1.979202963769159e-05,0.4122504268628158,2.4257100413695123,0.46305448398580745
2017-06-08,200,485,ledoit_wolf_gmv,0.049287088960561186,7.393063344084178e-05,0.2742613045518305,3.6461578188512473,0.36393181046829237
2017-07-10,10,504,equal_weight,0.023383776168401427,3.507566425260214e-05,0.10000000000000003,9.999999999999996,0.1
2017-07-10,10,504,sample_gmv,0.01442073456127032,2.163110184190548e-05,0.4496864698217052,2.2237715989019793,0.648808749243303
2017-07-10,10,504,ledoit_wolf_gmv,0.015625566260246804,2.3438349390370207e-05,0.3881851005681008,2.5760906292810333,0.5919604470063783
2017-07-10,50,504,equal_weight,0.0579146800249534,8.68720200374301e-05,0.020000000000000004,49.99999999999999,0.02
2017-07-10,50,504,sample_gmv,0.10770393618381141,0.00016155590427571713,0.11605522967043062,8.616587144239542,0.20833345172837098
2017-07-10,50,504,ledoit_wolf_gmv,0.10595467837669419,0.00015893201756504127,0.10261316167100032,9.74533854834542,0.1842812437851144
2017-07-10,100,504,equal_weight,0.048464838863305534,7.26972582949583e-05,0.01,100.0,0.01
2017-07-10,100,504,sample_gmv,0.03167871333965413,4.751807000948119e-05,0.08434739271259929,11.85573101716784,0.1499352038767096
2017-07-10,100,504,ledoit_wolf_gmv,0.04037833366929377,6.056750050394065e-05,0.07609395491039243,13.141648389515188,0.13371903244204802
2017-07-10,200,504,equal_weight,0.0232913019215213,3.493695288228195e-05,0.005000000000000001,199.99999999999997,0.005
2017-07-10,200,504,sample_gmv,0.009155332511770576,1.3732998767655863e-05,0.41301189689126105,2.4212377598006163,0.46445337109087015
2017-07-10,200,504,ledoit_wolf_gmv,0.013679007790449274,2.051851168567391e-05,0.2748668097055472,3.638125683749363,0.36542902858312065
2017-08-08,10,504,equal_weight,0.01953484167550261,2.9302262513253914e-05,0.10000000000000003,9.999999999999996,0.1
2017-08-08,10,504,sample_gmv,0.03318984800768815,4.9784772011532226e-05,0.41487558001423286,2.4103611978456136,0.6165985196949674
2017-08-08,10,504,ledoit_wolf_gmv,0.029703125356980702,4.455468803547105e-05,0.3738922976007763,2.674566998081759,0.5760302183541293
2017-08-08,50,504,equal_weight,0.036080935902209524,5.412140385331429e-05,0.020000000000000004,49.99999999999999,0.02
2017-08-08,50,504,sample_gmv,0.11848696427464335,0.00017773044641196503,0.11845439155309526,8.442067760330914,0.2331183437174729
2017-08-08,50,504,ledoit_wolf_gmv,0.11175940393641318,0.00016763910590461976,0.09944606914342222,10.055701634197215,0.19548247745660385
2017-08-08,100,494,equal_weight,0.05462902652968911,8.194353979453367e-05,0.01,100.0,0.01
2017-08-08,100,494,sample_gmv,0.05371113517527935,8.056670276291903e-05,0.08054901553428127,12.41480101733093,0.1374541239042877
2017-08-08,100,494,ledoit_wolf_gmv,0.06158270971203056,9.237406456804584e-05,0.07336533714260438,13.630415110834196,0.12342594872383916
2017-08-08,200,494,equal_weight,0.030853988289480723,4.628098243422108e-05,0.005000000000000001,199.99999999999997,0.005
2017-08-08,200,494,sample_gmv,0.008917342362724722,1.3376013544087083e-05,0.4168005538045963,2.399229057811709,0.46618025334731866
2017-08-08,200,494,ledoit_wolf_gmv,0.017898716406497393,2.684807460974609e-05,0.2788455626035086,3.5862145004685018,0.3675591652474122
2017-09-07,10,504,equal_weight,0.00892197002858184,1.338295504287276e-05,0.10000000000000003,9.999999999999996,0.1
2017-09-07,10,504,sample_gmv,0.09175046885008302,0.00013762570327512452,0.3468223041907134,2.8833209050191653,0.5486792473585401
2017-09-07,10,504,ledoit_wolf_gmv,0.09061987462349555,0.00013592981193524332,0.3171286628084597,3.153294284862491,0.5151374389023108
2017-09-07,50,504,equal_weight,0.04969386831441217,7.454080247161826e-05,0.020000000000000004,49.99999999999999,0.02
2017-09-07,50,504,sample_gmv,0.18858653274683893,0.0002828797991202584,0.09054896815865673,11.04374815456577,0.15090358998860692
2017-09-07,50,504,ledoit_wolf_gmv,0.16440664163901833,0.0002466099624585275,0.08288794410897304,12.064480676288662,0.13571293749897212
2017-09-07,100,502,equal_weight,0.037919868947377804,5.6879803421066704e-05,0.01,100.0,0.01
2017-09-07,100,502,sample_gmv,0.2343313291826733,0.00035149699377400994,0.06709360236080797,14.904550729327653,0.12553560155517232
2017-09-07,100,502,ledoit_wolf_gmv,0.22250838782721583,0.00033376258174082373,0.06181696903760829,16.176787952699826,0.1123561821065069
2017-09-07,200,502,equal_weight,0.03599867317498699,5.399800976248049e-05,0.005000000000000001,199.99999999999997,0.005
2017-09-07,200,502,sample_gmv,0.020623358195824025,3.093503729373604e-05,0.40602020743094047,2.462931602166843,0.4573121631367222
2017-09-07,200,502,ledoit_wolf_gmv,0.07682719515113437,0.00011524079272670156,0.2432761381477161,4.110555221790001,0.336395549326737
2017-10-06,10,504,equal_weight,0.11469486318156341,0.00017204229477234511,0.10000000000000003,9.999999999999996,0.1
2017-10-06,10,504,sample_gmv,0.09368296040902835,0.00014052444061354253,0.36040865595602856,2.7746281435649105,0.5505031664400558
2017-10-06,10,504,ledoit_wolf_gmv,0.09981931566833374,0.0001497289735025006,0.3272248320775306,3.0560027906533276,0.5147351264788887
2017-10-06,50,504,equal_weight,0.03794017625424516,5.691026438136774e-05,0.020000000000000004,49.99999999999999,0.02
2017-10-06,50,504,sample_gmv,0.12296127107486662,0.00018444190661229994,0.07474755005425407,13.378364899908682,0.11016865017702641
2017-10-06,50,504,ledoit_wolf_gmv,0.10740364370639092,0.0001611054655595864,0.07204599858233021,13.880021370753227,0.10567046102896108
2017-10-06,100,481,equal_weight,0.03770145737334192,5.655218606001288e-05,0.01,100.0,0.01
2017-10-06,100,481,sample_gmv,0.1664444131366758,0.0002496666197050137,0.06685109464250656,14.958618184901951,0.12068009655322585
2017-10-06,100,481,ledoit_wolf_gmv,0.1577366006131018,0.0002366049009196527,0.06190724807508301,16.153197421845814,0.11260292089997558
2017-10-06,200,481,equal_weight,0.038081206392579225,5.712180958886884e-05,0.005000000000000001,199.99999999999997,0.005
2017-10-06,200,481,sample_gmv,0.012282505989481414,1.8423758984222123e-05,0.40692072094006604,2.4574811469167885,0.4564588158893056
2017-10-06,200,481,ledoit_wolf_gmv,0.03543096090426666,5.314644135639999e-05,0.23391192552531248,4.275113369077825,0.3291563893645964
2017-11-06,10,504,equal_weight,0.013141810636829648,1.9712715955244472e-05,0.10000000000000003,9.999999999999996,0.1
2017-11-06,10,504,sample_gmv,0.0441151897845587,6.617278467683805e-05,0.3333010927112452,3.0002901936668662,0.5175532471020456
2017-11-06,10,504,ledoit_wolf_gmv,0.04389582405578099,6.584373608367149e-05,0.3059321411306854,3.268698726142765,0.4868639637448034
2017-11-06,50,504,equal_weight,0.061319641876525506,9.197946281478826e-05,0.020000000000000004,49.99999999999999,0.02
2017-11-06,50,504,sample_gmv,0.14155095404765353,0.00021232643107148028,0.0777213133860454,12.866483547864833,0.1425604693009854
2017-11-06,50,504,ledoit_wolf_gmv,0.13070223104844997,0.00019605334657267495,0.073432218392385,13.618000679980833,0.13493668728103272
2017-11-06,100,504,equal_weight,0.07385961581857584,0.00011078942372786375,0.01,100.0,0.01
2017-11-06,100,504,sample_gmv,0.20276490012223425,0.0003041473501833514,0.06183264397828786,16.17268704134896,0.11339982605354212
2017-11-06,100,504,ledoit_wolf_gmv,0.1951142489015842,0.0002926713733523763,0.05841007072597228,17.120335373183273,0.1067060162230558
2017-11-06,200,504,equal_weight,0.04158202269235319,6.237303403852979e-05,0.005000000000000001,199.99999999999997,0.005
2017-11-06,200,504,sample_gmv,0.018097821875780188,2.7146732813670284e-05,0.40858975067456677,2.4474426936775493,0.45803584449379026
2017-11-06,200,504,ledoit_wolf_gmv,0.04045454334297029,6.068181501445543e-05,0.23865529282996453,4.190143818484148,0.3333009692831831
2017-12-06,10,504,equal_weight,0.012535251109709225,1.880287666456384e-05,0.10000000000000003,9.999999999999996,0.1
2017-12-06,10,504,sample_gmv,0.0264230364371782,3.96345546557673e-05,0.32209280104396193,3.104695282722297,0.5007079595708278
2017-12-06,10,504,ledoit_wolf_gmv,0.03387062023508363,5.080593035262544e-05,0.29708157881439684,3.3660787854663816,0.4701645303393642
2017-12-06,50,504,equal_weight,0.05811156045765578,8.716734068648368e-05,0.020000000000000004,49.99999999999999,0.02
2017-12-06,50,504,sample_gmv,0.08882686371332522,0.00013324029556998783,0.07794157393618875,12.8301232512793,0.1415814841456339
2017-12-06,50,504,ledoit_wolf_gmv,0.08881038255244789,0.00013321557382867184,0.0735253788113614,13.60074597596601,0.13479793099672735
2017-12-06,100,504,equal_weight,0.036635419178767614,5.495312876815142e-05,0.01,100.0,0.01
2017-12-06,100,504,sample_gmv,0.11107808975494751,0.00016661713463242127,0.0668293077379252,14.96349481759642,0.11172441482477964
2017-12-06,100,504,ledoit_wolf_gmv,0.1021410614517528,0.0001532115921776292,0.06171372192916892,16.203851732484004,0.10639343341463262
2017-12-06,200,504,equal_weight,0.03679105087945458,5.518657631918187e-05,0.005000000000000001,199.99999999999997,0.005
2017-12-06,200,504,sample_gmv,0.019419769555098394,2.9129654332647593e-05,0.3985378940361001,2.5091716872208356,0.4499256709041859
2017-12-06,200,504,ledoit_wolf_gmv,0.06350387632123161,9.525581448184741e-05,0.21731188860177014,4.601681051295481,0.31266400366185343
2018-01-08,10,504,equal_weight,0.01194109225663429,1.7911638384951437e-05,0.10000000000000003,9.999999999999996,0.1
2018-01-08,10,504,sample_gmv,0.02584766985528205,3.8771504782923074e-05,0.3158332480932918,3.166227767459799,0.4907402663500466
2018-01-08,10,504,ledoit_wolf_gmv,0.027179686993820312,4.076953049073047e-05,0.2906060493033729,3.4410845968181074,0.4599166598383086
2018-01-08,50,504,equal_weight,0.05085922208411224,7.628883312616837e-05,0.020000000000000004,49.99999999999999,0.02
2018-01-08,50,504,sample_gmv,0.09400921800231728,0.00014101382700347593,0.07228417354831118,13.834286966449845,0.12295528485282617
2018-01-08,50,504,ledoit_wolf_gmv,0.08977891391793938,0.00013466837087690908,0.06850740255552067,14.596962703257752,0.11783493156918777
2018-01-08,100,504,equal_weight,0.03449627812406637,5.1744417186099554e-05,0.01,100.0,0.01
2018-01-08,100,504,sample_gmv,0.17642856115894878,0.0002646428417384232,0.06405033158203138,15.61272167216288,0.10871677497314408
2018-01-08,100,504,ledoit_wolf_gmv,0.1585046957117833,0.00023775704356767495,0.06002981531640379,16.658388747811777,0.10274321551770567
2018-01-08,200,504,equal_weight,0.02612700839557182,3.919051259335773e-05,0.005000000000000001,199.99999999999997,0.005
2018-01-08,200,504,sample_gmv,0.009954863326980494,1.4932294990470741e-05,0.3994968058232536,2.503148924906355,0.45048416721772827
2018-01-08,200,504,ledoit_wolf_gmv,0.05220460157353397,7.830690236030095e-05,0.1990001038073264,5.0251230068111346,0.29631541137615663
2018-02-07,10,504,equal_weight,0.027857796919665466,4.17866953794982e-05,0.10000000000000003,9.999999999999996,0.1
2018-02-07,10,504,sample_gmv,0.20508470158215242,0.0003076270523732286,0.276180314988294,3.6208228672720044,0.43137362539145235
2018-02-07,10,504,ledoit_wolf_gmv,0.19262760697274744,0.0002889414104591212,0.2584209315768708,3.8696555805214894,0.4110338191409514
2018-02-07,50,504,equal_weight,0.05727319415682578,8.590979123523867e-05,0.020000000000000004,49.99999999999999,0.02
2018-02-07,50,504,sample_gmv,0.23700773905876993,0.0003555116085881549,0.07881487569467223,12.687960124101275,0.14291543458293168
2018-02-07,50,504,ledoit_wolf_gmv,0.2084313542849944,0.0003126470314274916,0.06889739279408817,14.5143373275194,0.125531498255822
2018-02-07,100,504,equal_weight,0.02939830388208465,4.409745582312697e-05,0.01,100.0,0.01
2018-02-07,100,504,sample_gmv,0.2838674282814012,0.00042580114242210185,0.0693686559138763,14.41573267963468,0.1398816634309845
2018-02-07,100,504,ledoit_wolf_gmv,0.269420868153442,0.00040413130223016305,0.06271777518357677,15.944443135506173,0.12955895197303333
2018-02-07,200,504,equal_weight,0.028301343916371877,4.245201587455782e-05,0.005000000000000001,199.99999999999997,0.005
2018-02-07,200,504,sample_gmv,0.025243576161465768,3.7865364242198656e-05,0.3924116962719451,2.54834402108899,0.4446069817861908
2018-02-07,200,504,ledoit_wolf_gmv,0.07583174386128175,0.00011374761579192263,0.19696441424131356,5.077059243680622,0.2948597306357547
2018-03-09,10,504,equal_weight,0.014247102621285174,2.137065393192776e-05,0.10000000000000003,9.999999999999996,0.1
2018-03-09,10,504,sample_gmv,0.08325520723839264,0.00012488281085758896,0.2653471515041366,3.7686479554479426,0.40286117909902613
2018-03-09,10,504,ledoit_wolf_gmv,0.08322978218713983,0.00012484467328070976,0.2503739059969369,3.994026438251254,0.38453713379291005
2018-03-09,50,504,equal_weight,0.05829535693804171,8.744303540706257e-05,0.020000000000000004,49.99999999999999,0.02
2018-03-09,50,504,sample_gmv,0.25837106005269134,0.000387556590079037,0.08253679343840116,12.115808699865712,0.16152108566128245
2018-03-09,50,504,ledoit_wolf_gmv,0.23616935110316017,0.0003542540266547403,0.06982692257690398,14.321123759945866,0.12641023105169005
2018-03-09,100,504,equal_weight,0.04755502492550858,7.133253738826288e-05,0.01,100.0,0.01
2018-03-09,100,504,sample_gmv,0.16898103930260328,0.00025347155895390493,0.06994287002826366,14.29738298694211,0.13452063946782347
2018-03-09,100,504,ledoit_wolf_gmv,0.170174377109721,0.0002552615656645815,0.0634294270414654,15.76555309803248,0.12543173590759543
2018-03-09,200,504,equal_weight,0.04371117805566603,6.556676708349904e-05,0.005000000000000001,199.99999999999997,0.005
2018-03-09,200,504,sample_gmv,0.03872069869340691,5.808104804011037e-05,0.4054820665973564,2.466200314089352,0.45010733207459996
2018-03-09,200,504,ledoit_wolf_gmv,0.2020210919416934,0.0003030316379125401,0.25777076862018966,3.879415828850021,0.35578466743604786
2018-04-10,10,504,equal_weight,0.019978890042595662,2.9968335063893492e-05,0.10000000000000003,9.999999999999996,0.1
2018-04-10,10,504,sample_gmv,0.0453661207431966,6.80491811147949e-05,0.27742799416030917,3.6045389111747657,0.39408522814588826
2018-04-10,10,504,ledoit_wolf_gmv,0.04499206089665341,6.748809134498012e-05,0.26554864606756423,3.765788358587855,0.3808027033391151
2018-04-10,50,504,equal_weight,0.0571934053843646,8.57901080765469e-05,0.020000000000000004,49.99999999999999,0.02
2018-04-10,50,504,sample_gmv,0.18224165673615045,0.0002733624851042257,0.08984251764714861,11.13058745668107,0.17352688613412845
2018-04-10,50,504,ledoit_wolf_gmv,0.18084775191109068,0.00027127162786663603,0.07883879688497185,12.68411035570507,0.14201163658583124
2018-04-10,100,504,equal_weight,0.05551044387044099,8.326566580566148e-05,0.01,100.0,0.01
2018-04-10,100,504,sample_gmv,0.18712250826853977,0.00028068376240280966,0.07159098975598331,13.968238229538148,0.14794976893558548
2018-04-10,100,504,ledoit_wolf_gmv,0.1881234948342113,0.000282185242251317,0.06557221374058202,15.25036205055114,0.13696897566317548
2018-04-10,200,504,equal_weight,0.04236309588793662,6.354464383190493e-05,0.005000000000000001,199.99999999999997,0.005
2018-04-10,200,504,sample_gmv,0.013112126155961835,1.9668189233942754e-05,0.4092932633967788,2.443235912804594,0.4526361582619471
2018-04-10,200,504,ledoit_wolf_gmv,0.05585945292147874,8.378917938221811e-05,0.2816447883849556,3.5505716464143746,0.3730422823499357
2018-05-09,10,504,equal_weight,0.02096187086401545,3.1442806296023175e-05,0.10000000000000003,9.999999999999996,0.1
2018-05-09,10,504,sample_gmv,0.07806092736419003,0.00011709139104628504,0.27877162294040936,3.587165685848023,0.4026250264106035
2018-05-09,10,504,ledoit_wolf_gmv,0.07380536832650604,0.00011070805248975906,0.2683774522224556,3.726095436553698,0.3896636198525706
2018-05-09,50,504,equal_weight,0.04688291896103927,7.03243784415589e-05,0.020000000000000004,49.99999999999999,0.02
2018-05-09,50,504,sample_gmv,0.1236858955147896,0.0001855288432721844,0.0802285775149283,12.46438651880532,0.126027000078612
2018-05-09,50,504,ledoit_wolf_gmv,0.1136128491996899,0.00017041927379953485,0.07486401013589068,13.35755322463802,0.11907218237119904
2018-05-09,100,504,equal_weight,0.0622929502976132,9.34394254464198e-05,0.01,100.0,0.01
2018-05-09,100,504,sample_gmv,0.2185133445603496,0.0003277700168405244,0.07777226214060713,12.858054690399333,0.16558555606739211
2018-05-09,100,504,ledoit_wolf_gmv,0.21682212984074362,0.0003252331947611154,0.06879313139353249,14.536334947154533,0.15090804407521644
2018-05-09,200,504,equal_weight,0.05271014580995055,7.906521871492583e-05,0.005000000000000001,199.99999999999997,0.005
2018-05-09,200,504,sample_gmv,0.016214545177238006,2.432181776585701e-05,0.40830727250182136,2.4491359016769394,0.45139671030220574
2018-05-09,200,504,ledoit_wolf_gmv,0.041794954010570776,6.269243101585616e-05,0.2878892461227309,3.4735580208983805,0.3766780864141446
2018-06-08,10,504,equal_weight,0.010825620982058692,1.623843147308804e-05,0.10000000000000003,9.999999999999996,0.1
2018-06-08,10,504,sample_gmv,0.03280895359961032,4.921343039941548e-05,0.2746189621149509,3.6414091448696713,0.4042125359037388
2018-06-08,10,504,ledoit_wolf_gmv,0.030882799958695542,4.6324199938043314e-05,0.26384078286284085,3.7901646180297144,0.3911254848723094
2018-06-08,50,504,equal_weight,0.05255599757044803,7.883399635567205e-05,0.020000000000000004,49.99999999999999,0.02
2018-06-08,50,504,sample_gmv,0.1051014712103007,0.00015765220681545104,0.08403411274239354,11.899929294969754,0.14285234852144066
2018-06-08,50,504,ledoit_wolf_gmv,0.09443995220809753,0.0001416599283121463,0.07903955424619034,12.65189321393724,0.13492017618660354
2018-06-08,100,504,equal_weight,0.053419792488529655,8.012968873279449e-05,0.01,100.0,0.01
2018-06-08,100,504,sample_gmv,0.2182656936519105,0.00032739854047786576,0.08451644576908766,11.832016726450597,0.1782510586376408
2018-06-08,100,504,ledoit_wolf_gmv,0.22294328845338515,0.00033441493268007776,0.07661424500786115,13.052402981944063,0.16607145458548733
2018-06-08,200,503,equal_weight,0.02126099181687306,3.189148772530959e-05,0.005000000000000001,199.99999999999997,0.005
2018-06-08,200,503,sample_gmv,0.021289073353402223,3.193361003010334e-05,0.39869619639813225,2.50817542036798,0.44661660234573175
2018-06-08,200,503,ledoit_wolf_gmv,0.03208016554426043,4.812024831639064e-05,0.2837832039934029,3.523816723216808,0.37405681778726874
2018-07-10,10,504,equal_weight,0.012905834451518744,1.9358751677278116e-05,0.10000000000000003,9.999999999999996,0.1
2018-07-10,10,504,sample_gmv,0.04676573387918606,7.01486008187791e-05,0.25435424834094816,3.9315246610685812,0.3771297235259048
2018-07-10,10,504,ledoit_wolf_gmv,0.04245937451817984,6.368906177726976e-05,0.24711605095100508,4.046681695307064,0.36755350441558104
2018-07-10,50,504,equal_weight,0.03426151201713243,5.1392268025698646e-05,0.020000000000000004,49.99999999999999,0.02
2018-07-10,50,504,sample_gmv,0.08904732838758811,0.00013357099258138217,0.08430961771565768,11.861042987676644,0.1534323905992889
2018-07-10,50,504,ledoit_wolf_gmv,0.09246408330265199,0.000138696124953978,0.07646514734997507,13.077853566711605,0.1392509721335491
2018-07-10,100,488,equal_weight,0.05750802969130768,8.626204453696152e-05,0.01,100.0,0.01
2018-07-10,100,488,sample_gmv,0.24520578269283366,0.0003678086740392505,0.07530245043980566,13.279780327990357,0.1386457188944317
2018-07-10,100,488,ledoit_wolf_gmv,0.23076214502955483,0.00034614321754433225,0.06784296079021328,14.739922732621297,0.1298198809700447
2018-07-10,200,482,equal_weight,0.04955956597697238,7.433934896545857e-05,0.005000000000000001,199.99999999999997,0.005
2018-07-10,200,482,sample_gmv,0.02325158951755882,3.4877384276338226e-05,0.3916071035956037,2.5535798273788677,0.4424037990465624
2018-07-10,200,482,ledoit_wolf_gmv,0.1885215274429428,0.00028278229116441417,0.2241323756439817,4.461649046135257,0.31584291006170556
2018-08-08,10,504,equal_weight,0.021288116572831375,3.193217485924706e-05,0.10000000000000003,9.999999999999996,0.1
2018-08-08,10,504,sample_gmv,0.02916181460366783,4.374272190550174e-05,0.24654651573522868,4.0560297395316685,0.3557557708501642
2018-08-08,10,504,ledoit_wolf_gmv,0.02745067892090235,4.117601838135353e-05,0.23987429058128154,4.168850265598386,0.3454011725603553
2018-08-08,50,504,equal_weight,0.01651878145705498,2.4778172185582472e-05,0.020000000000000004,49.99999999999999,0.02
2018-08-08,50,504,sample_gmv,0.09723885592740246,0.0001458582838911037,0.08285223576165734,12.069680326753277,0.15637898107802414
2018-08-08,50,504,ledoit_wolf_gmv,0.08154136530126233,0.00012231204795189348,0.07361059352926841,13.585001180603015,0.13383148599035535
2018-08-08,100,504,equal_weight,0.054907730726292944,8.236159608943941e-05,0.01,100.0,0.01
2018-08-08,100,504,sample_gmv,0.2744884980169463,0.00041173274702541944,0.07508165127327912,13.318833337325533,0.17096595622202512
2018-08-08,100,504,ledoit_wolf_gmv,0.25142382984745,0.000377135744771175,0.06680739129592783,14.968403654177017,0.15562661382335244
2018-08-08,200,504,equal_weight,0.047223218916553546,7.083482837483033e-05,0.005000000000000001,199.99999999999997,0.005
2018-08-08,200,504,sample_gmv,0.03295323338250723,4.942985007376085e-05,0.39838373593050747,2.5101426333690395,0.44544494274037666
2018-08-08,200,504,ledoit_wolf_gmv,0.09894450997712409,0.00014841676496568613,0.2427344171917675,4.119728926656371,0.3284886836184133
2018-09-07,10,504,equal_weight,0.02315866948787819,3.473800423181729e-05,0.10000000000000003,9.999999999999996,0.1
2018-09-07,10,504,sample_gmv,0.01941475502951627,2.9122132544274404e-05,0.2441278687153658,4.096214026125476,0.35552745340389624
2018-09-07,10,504,ledoit_wolf_gmv,0.019333776987331956,2.9000665480997935e-05,0.2380542108621274,4.200723845120995,0.3458072512163559
2018-09-07,50,504,equal_weight,0.055291988421096394,8.293798263164459e-05,0.020000000000000004,49.99999999999999,0.02
2018-09-07,50,504,sample_gmv,0.11870455450322313,0.00017805683175483472,0.083857738588796,11.924957873042468,0.16261576184418378
2018-09-07,50,504,ledoit_wolf_gmv,0.12460433833948109,0.00018690650750922163,0.07547953214153787,13.248624781150179,0.14494783805498282
2018-09-07,100,504,equal_weight,0.05568171896455937,8.352257844683906e-05,0.01,100.0,0.01
2018-09-07,100,504,sample_gmv,0.19945046707974992,0.00029917570061962486,0.07574727694799946,13.201794708560948,0.16934178711097328
2018-09-07,100,504,ledoit_wolf_gmv,0.18924711290165253,0.0002838706693524788,0.06943866096020897,14.40119936317664,0.1566533368650515
2018-09-07,200,487,equal_weight,0.03800863202197427,5.701294803296141e-05,0.005000000000000001,199.99999999999997,0.005
2018-09-07,200,487,sample_gmv,0.01946304599088635,2.9194568986329527e-05,0.3997385006196946,2.501635440293467,0.4487414828788628
2018-09-07,200,487,ledoit_wolf_gmv,0.17651252583808505,0.00026476878875712756,0.3106318678630706,3.2192447184485564,0.3943432775606858
2018-10-08,10,504,equal_weight,0.10974744939699749,0.00016462117409549623,0.10000000000000003,9.999999999999996,0.1
2018-10-08,10,504,sample_gmv,0.11441681206452453,0.0001716252180967868,0.2183148455452482,4.580540537692105,0.32952064163909595
2018-10-08,10,504,ledoit_wolf_gmv,0.11957692095457344,0.00017936538143186015,0.21028527765699165,4.75544465662098,0.31766650837363297
2018-10-08,50,504,equal_weight,0.014582495255512645,2.1873742883268968e-05,0.020000000000000004,49.99999999999999,0.02
2018-10-08,50,504,sample_gmv,0.08759801228616303,0.00013139701842924454,0.08753831857221515,11.423568744641186,0.19552740202198982
2018-10-08,50,504,ledoit_wolf_gmv,0.0757850446738872,0.00011367756701083081,0.07495127945959414,13.342000392923179,0.16177456572266297
2018-10-08,100,504,equal_weight,0.0346216177400084,5.1932426610012605e-05,0.01,100.0,0.01
2018-10-08,100,504,sample_gmv,0.11065367217054392,0.00016598050825581589,0.0765266429090055,13.06734441740841,0.1739401085335878
2018-10-08,100,504,ledoit_wolf_gmv,0.10248521243502076,0.00015372781865253114,0.06893193165434151,14.507064810173754,0.15958586736577862
2018-10-08,200,504,equal_weight,0.030425650768319497,4.563847615247925e-05,0.005000000000000001,199.99999999999997,0.005
2018-10-08,200,504,sample_gmv,0.02943847684369138,4.415771526553707e-05,0.3917898664956473,2.552388628487179,0.44417634718995974
2018-10-08,200,504,ledoit_wolf_gmv,0.19748085698969695,0.00029622128548454545,0.22488932365565226,4.4466317197484555,0.3137082954766567
2018-11-06,10,504,equal_weight,0.12026950581503718,0.00018040425872255578,0.10000000000000003,9.999999999999996,0.1
2018-11-06,10,504,sample_gmv,0.20128815935424704,0.0003019322390313706,0.20713659838794404,4.827732075270977,0.3028157785511368
2018-11-06,10,504,ledoit_wolf_gmv,0.20484225216503194,0.0003072633782475479,0.20166575084636207,4.958700204685943,0.29364780812158536
2018-11-06,50,504,equal_weight,0.028908357786053905,4.336253667908086e-05,0.020000000000000004,49.99999999999999,0.02
2018-11-06,50,504,sample_gmv,0.1667470242211827,0.0002501205363317741,0.08716304687550386,11.472751766334113,0.2019633180274652
2018-11-06,50,504,ledoit_wolf_gmv,0.1717407282171513,0.00025761109232572696,0.07671133845615687,13.0358825712777,0.17187577141086563
2018-11-06,100,504,equal_weight,0.05709457977553719,8.564186966330578e-05,0.01,100.0,0.01
2018-11-06,100,504,sample_gmv,0.35684632274589523,0.0005352694841188429,0.09324023114155543,10.724984137821584,0.1850074299051485
2018-11-06,100,504,ledoit_wolf_gmv,0.3217214915198321,0.00048258223727974816,0.08199526262346737,12.19582653929809,0.16124376891240672
2018-11-06,200,500,equal_weight,0.05105179587945797,7.657769381918695e-05,0.005000000000000001,199.99999999999997,0.005
2018-11-06,200,500,sample_gmv,0.024907701766944977,3.7361552650417464e-05,0.38892140719925333,2.571213570374842,0.4406039973906737
2018-11-06,200,500,ledoit_wolf_gmv,0.04837960220282571,7.256940330423856e-05,0.2328356162385002,4.294875569962937,0.31886081107908554
2018-12-07,10,504,equal_weight,0.1186112401334876,0.0001779168602002314,0.10000000000000003,9.999999999999996,0.1
2018-12-07,10,504,sample_gmv,0.1857255066845379,0.00027858826002680686,0.282141333382161,3.544322939189835,0.42764038652120184
2018-12-07,10,504,ledoit_wolf_gmv,0.1949045674674149,0.00029235685120112235,0.266428857661552,3.753347174089951,0.4103327384067773
2018-12-07,50,504,equal_weight,0.056834465120017136,8.52516976800257e-05,0.020000000000000004,49.99999999999999,0.02
2018-12-07,50,504,sample_gmv,0.19510217833242963,0.00029265326749864447,0.10053764992046464,9.946522529530979,0.22976239233678308
2018-12-07,50,504,ledoit_wolf_gmv,0.18681273706109977,0.00028021910559164964,0.0882376368098898,11.333032435518701,0.19736715563591062
2018-12-07,100,500,equal_weight,0.05200293852413369,7.800440778620054e-05,0.01,100.0,0.01
2018-12-07,100,500,sample_gmv,0.16910852630640896,0.00025366278945961344,0.10666299841749921,9.37532241579981,0.22527323829626775
2018-12-07,100,500,ledoit_wolf_gmv,0.1541084913417058,0.00023116273701255868,0.09010507652853479,11.098153828028952,0.19401470248370806
2018-12-07,200,479,equal_weight,0.04265310239428596,6.397965359142895e-05,0.005000000000000001,199.99999999999997,0.005
2018-12-07,200,479,sample_gmv,0.012343475963825125,1.8515213945737687e-05,0.3935124085300331,2.541215926927192,0.44386558115245706
2018-12-07,200,479,ledoit_wolf_gmv,0.18577173179435277,0.00027865759769152916,0.29735761441175035,3.362954071239294,0.38470322928246253
2019-01-09,10,504,equal_weight,0.12083643664416838,0.00018125465496625256,0.10000000000000003,9.999999999999996,0.1
2019-01-09,10,504,sample_gmv,0.24002901982225355,0.0003600435297333803,0.22371400906927114,4.469992756199539,0.3004351242868388
2019-01-09,10,504,ledoit_wolf_gmv,0.2580858365519253,0.00038712875482788795,0.21657989913872977,4.617233658232762,0.2920362837409501
2019-01-09,50,504,equal_weight,0.057421205601645584,8.613180840246837e-05,0.020000000000000004,49.99999999999999,0.02
2019-01-09,50,504,sample_gmv,0.22935467200603718,0.0003440320080090558,0.13685049858861467,7.307244111737532,0.30275717782726863
2019-01-09,50,504,ledoit_wolf_gmv,0.2014084865663275,0.0003021127298494913,0.1128839884978398,8.858652261557328,0.2603037299858761
2019-01-09,100,479,equal_weight,0.07840132985914355,0.00011760199478871534,0.01,100.0,0.01
2019-01-09,100,479,sample_gmv,0.9726581990825912,0.0014589872986238868,0.833276308389001,1.20008212153941,0.9120334491503703
2019-01-09,100,479,ledoit_wolf_gmv,0.7915551294954545,0.0011873326942431818,0.5233578742431209,1.9107384243452878,0.7196435258384488
2019-01-09,200,479,equal_weight,0.05393543991339079,8.090315987008618e-05,0.005000000000000001,199.99999999999997,0.005
2019-01-09,200,479,sample_gmv,0.02850587782876888,4.275881674315332e-05,0.40546357600942595,2.4663127816362787,0.45040956613771643
2019-01-09,200,479,ledoit_wolf_gmv,0.2579981102533933,0.00038699716538009,0.2193436535871928,4.559056000234277,0.30960847319898077
2019-02-08,10,504,equal_weight,0.020715691304722318,3.107353695708348e-05,0.10000000000000003,9.999999999999996,0.1
2019-02-08,10,504,sample_gmv,0.034111113314598075,5.116666997189711e-05,0.22548794003922087,4.434826979332297,0.29163739397418387
2019-02-08,10,504,ledoit_wolf_gmv,0.02648634760494,3.9729521407410004e-05,0.22026776557409142,4.539928924205799,0.28637725485265647
2019-02-08,50,504,equal_weight,0.041340315353272455,6.201047302990868e-05,0.020000000000000004,49.99999999999999,0.02
2019-02-08,50,504,sample_gmv,0.1386388849027242,0.00020795832735408628,0.13242097099441125,7.55167397195875,0.29378261372140446
2019-02-08,50,504,ledoit_wolf_gmv,0.10710668987398259,0.00016066003481097387,0.1127196792865054,8.8715653409397,0.25142789564123885
2019-02-08,100,504,equal_weight,0.0507071408408563,7.606071126128445e-05,0.01,100.0,0.01
2019-02-08,100,504,sample_gmv,0.968724672188632,0.001453087008282948,0.15225934070729832,6.567741560909481,0.26162525144654114
2019-02-08,100,504,ledoit_wolf_gmv,0.7956348960914423,0.0011934523441371634,0.12845973860934198,7.784540205558825,0.2245171907091198
2019-02-08,200,504,equal_weight,0.04983238851984775,7.474858277977164e-05,0.005000000000000001,199.99999999999997,0.005
2019-02-08,200,504,sample_gmv,0.024345709564824066,3.65185643472361e-05,0.4126705289827792,2.423240647847984,0.4538415335209928
2019-02-08,200,504,ledoit_wolf_gmv,0.1973756832828284,0.0002960635249242426,0.3037850728924258,3.2918009778384105,0.38582770968187996
2019-03-12,10,504,equal_weight,0.009164435598392189,1.3746653397588283e-05,0.10000000000000003,9.999999999999996,0.1
2019-03-12,10,504,sample_gmv,0.01987704266236447,2.9815563993546704e-05,0.22575741808011016,4.429533295092653,0.2942907973051399
2019-03-12,10,504,ledoit_wolf_gmv,0.019914697773932833,2.987204666089925e-05,0.22101238473414647,4.524633319544014,0.2887322285799072
2019-03-12,50,504,equal_weight,0.03278450884951591,4.917676327427387e-05,0.020000000000000004,49.99999999999999,0.02
2019-03-12,50,504,sample_gmv,0.10214021051965524,0.00015321031577948286,0.09614731703946419,10.400706236967013,0.1970790092791387
2019-03-12,50,504,ledoit_wolf_gmv,0.08577066572880773,0.0001286559985932116,0.08989696524642,11.123846030384472,0.1805649202444973
2019-03-12,100,504,equal_weight,0.053755009757361666,8.06325146360425e-05,0.01,100.0,0.01
2019-03-12,100,504,sample_gmv,0.1060588774986443,0.00015908831624796645,0.14573281501035953,6.861872529731304,0.2601933861750986
2019-03-12,100,504,ledoit_wolf_gmv,0.12583809336844728,0.00018875714005267094,0.12017816685167147,8.320978978105387,0.21806513353412457
2019-03-12,200,504,equal_weight,0.036172918280460986,5.425937742069148e-05,0.005000000000000001,199.99999999999997,0.005
2019-03-12,200,504,sample_gmv,0.014477273803328488,2.1715910704992733e-05,0.4124164346604417,2.4247336331864138,0.45468552560636827
2019-03-12,200,504,ledoit_wolf_gmv,0.09294132671614379,0.00013941199007421568,0.3505992489079683,2.8522593905000018,0.41859069606644
2019-04-10,10,504,equal_weight,0.01554419974321044,2.331629961481566e-05,0.10000000000000003,9.999999999999996,0.1
2019-04-10,10,504,sample_gmv,0.013292959337052204,1.9939439005578306e-05,0.22529077819569648,4.4387080909781425,0.2980419723060827
2019-04-10,10,504,ledoit_wolf_gmv,0.013382746770245955,2.0074120155368932e-05,0.22101146374342182,4.524652174427147,0.29194494048308345
2019-04-10,50,504,equal_weight,0.05258308608947697,7.887462913421546e-05,0.020000000000000004,49.99999999999999,0.02
2019-04-10,50,504,sample_gmv,0.09458358368451775,0.00014187537552677663,0.09893227685573462,10.107924650902593,0.20689827056140955
2019-04-10,50,504,ledoit_wolf_gmv,0.09383986873891831,0.00014075980310837747,0.09179063909106935,10.894357092424839,0.19114392628501597
2019-04-10,100,504,equal_weight,0.04231170317188621,6.346755475782932e-05,0.01,100.0,0.01
2019-04-10,100,504,sample_gmv,0.2701640214494344,0.00040524603217415164,0.23013505458044928,4.345274568548729,0.35947045372296327
2019-04-10,100,504,ledoit_wolf_gmv,0.14440572217926567,0.0002166085832688985,0.13827877732520918,7.231767732861585,0.2520549728500896
2019-04-10,200,504,equal_weight,0.029515501870428812,4.427325280564322e-05,0.005000000000000001,199.99999999999997,0.005
2019-04-10,200,504,sample_gmv,0.012184939610456174,1.827740941568426e-05,0.41227049062704846,2.4255919905376597,0.45523585137204803
2019-04-10,200,504,ledoit_wolf_gmv,0.016942529007156076,2.5413793510734113e-05,0.3511888709629759,2.847470642386686,0.41947100236541246
2019-05-10,10,504,equal_weight,0.017077498394130267,2.56162475911954e-05,0.10000000000000003,9.999999999999996,0.1
2019-05-10,10,504,sample_gmv,0.022054314586193835,3.308147187929075e-05,0.22562887420166786,4.432056861242842,0.30430876790771605
2019-05-10,10,504,ledoit_wolf_gmv,0.022018795757835212,3.302819363675282e-05,0.22081852582443823,4.528605542793316,0.2975052550037351
2019-05-10,50,504,equal_weight,0.07280873706945641,0.00010921310560418462,0.020000000000000004,49.99999999999999,0.02
2019-05-10,50,504,sample_gmv,0.1556716978129595,0.00023350754671943926,0.09633726380961727,10.38019931701829,0.18626231405453772
2019-05-10,50,504,ledoit_wolf_gmv,0.15236851848543762,0.00022855277772815643,0.0894575768291412,11.178482979814468,0.17282303404644714
2019-05-10,100,504,equal_weight,0.05909288852509942,8.863933278764913e-05,0.01,100.0,0.01
2019-05-10,100,504,sample_gmv,0.08860005555913142,0.00013290008333869714,0.22912471720118585,4.364435283173475,0.3615865836589782
2019-05-10,100,504,ledoit_wolf_gmv,0.10269986035839224,0.00015404979053758837,0.13849883415530354,7.220277384275057,0.24536716778758005
2019-05-10,200,496,equal_weight,0.039985818056098583,5.9978727084147874e-05,0.005000000000000001,199.99999999999997,0.005
2019-05-10,200,496,sample_gmv,0.012965154628469092,1.944773194270364e-05,0.41556439988940447,2.406365897237909,0.4570259740383268
2019-05-10,200,496,ledoit_wolf_gmv,0.02474585568866563,3.7118783532998445e-05,0.34548477641989883,2.8944835438555176,0.41591612871296246
2019-06-11,10,504,equal_weight,0.020248686232801537,3.0373029349202307e-05,0.10000000000000003,9.999999999999996,0.1
2019-06-11,10,504,sample_gmv,0.025502214404481097,3.825332160672165e-05,0.22493201158070344,4.445787831498628,0.2998950538486837
2019-06-11,10,504,ledoit_wolf_gmv,0.02507255969068652,3.760883953602978e-05,0.22040815909815878,4.537037122816538,0.29443260730765525
2019-06-11,50,504,equal_weight,0.056047090316481744,8.407063547472262e-05,0.020000000000000004,49.99999999999999,0.02
2019-06-11,50,504,sample_gmv,0.06507319557503255,9.760979336254883e-05,0.09632039939609528,10.382016751069855,0.18507752852615894
2019-06-11,50,504,ledoit_wolf_gmv,0.056964707470807514,8.544706120621128e-05,0.09029418619411637,11.074910159223082,0.17257527615009452
2019-06-11,100,504,equal_weight,0.038586395545620024,5.787959331843004e-05,0.01,100.0,0.01
2019-06-11,100,504,sample_gmv,0.9854658864023191,0.0014781988296034788,0.8552646880778371,1.1692286773202902,0.9242172878651511
2019-06-11,100,504,ledoit_wolf_gmv,0.8373407362101282,0.0012560111043151924,0.6295660611361696,1.5883956612834451,0.7905277992792065
2019-06-11,200,504,equal_weight,0.059391125192715166,8.908668778907275e-05,0.005000000000000001,199.99999999999997,0.005
2019-06-11,200,504,sample_gmv,0.018925045648794065,2.83875684731911e-05,0.4183581966558232,2.39029618158213,0.45860017333091113
2019-06-11,200,504,ledoit_wolf_gmv,0.03251571411555081,4.877357117332622e-05,0.3537553835918291,2.82681210345571,0.421024385542978
2019-07-11,10,504,equal_weight,0.012071209379074799,1.81068140686122e-05,0.10000000000000003,9.999999999999996,0.1
2019-07-11,10,504,sample_gmv,0.013561266179237681,2.034189926885652e-05,0.22582385278328224,4.4282301788539415,0.2968769072677919
2019-07-11,10,504,ledoit_wolf_gmv,0.020440686381588278,3.0661029572382415e-05,0.22108144919574457,4.523219852402018,0.29086114030212856
2019-07-11,50,504,equal_weight,0.028346050259605026,4.251907538940754e-05,0.020000000000000004,49.99999999999999,0.02
2019-07-11,50,504,sample_gmv,0.026144578906131376,3.921686835919707e-05,0.0970065758444541,10.308579509119642,0.1892840293108424
2019-07-11,50,504,ledoit_wolf_gmv,0.0278919579592602,4.18379369388903e-05,0.09129422094286145,10.953595853847885,0.17700676248857197
2019-07-11,100,504,equal_weight,0.030158105874201015,4.5237158811301526e-05,0.01,100.0,0.01
2019-07-11,100,504,sample_gmv,0.030345398632609648,4.5518097948914476e-05,0.852112798981888,1.1735535497117389,0.9224411545025939
2019-07-11,100,504,ledoit_wolf_gmv,0.06985825247494222,0.00010478737871241333,0.6311924061880123,1.5843029640349182,0.7912335300546883
2019-07-11,200,504,equal_weight,0.03184102033692137,4.7761530505382054e-05,0.005000000000000001,199.99999999999997,0.005
2019-07-11,200,504,sample_gmv,0.01667295983148534,2.5009439747228012e-05,0.4180149776426688,2.3922587789541567,0.4567059088006672
2019-07-11,200,504,ledoit_wolf_gmv,0.21761856783476666,0.00032642785175215,0.25405176292135623,3.93620571060378,0.3387823594299957
2019-08-09,10,504,equal_weight,0.11737867258740575,0.00017606800888110864,0.10000000000000003,9.999999999999996,0.1
2019-08-09,10,504,sample_gmv,0.249522780798803,0.0003742841711982045,0.25838087525473263,3.8702554862627494,0.35295738610266075
2019-08-09,10,504,ledoit_wolf_gmv,0.24944171140839194,0.00037416256711258794,0.2529437182346739,3.9534486445408734,0.34611831102171103
2019-08-09,50,504,equal_weight,0.03829962190267806,5.744943285401709e-05,0.020000000000000004,49.99999999999999,0.02
2019-08-09,50,504,sample_gmv,0.08810193504028732,0.00013215290256043098,0.09577674129861631,10.440948255716517,0.1659928338592217
2019-08-09,50,504,ledoit_wolf_gmv,0.08369387869759397,0.00012554081804639096,0.09197784088853381,10.872183890594702,0.16102743901372132
2019-08-09,100,504,equal_weight,0.06664057133165852,9.996085699748777e-05,0.01,100.0,0.01
2019-08-09,100,504,sample_gmv,0.03545117160500824,5.317675740751237e-05,0.8568821154625292,1.1670216730573475,0.925044744207685
2019-08-09,100,504,ledoit_wolf_gmv,0.06326689407083289,9.490034110624933e-05,0.6511709992054612,1.535694926862789,0.8040592387655896
2019-08-09,200,478,equal_weight,0.04399049244172656,6.598573866258983e-05,0.005000000000000001,199.99999999999997,0.005
2019-08-09,200,478,sample_gmv,0.018345575282086902,2.7518362923130353e-05,0.41826147035605865,2.3908489566316438,0.45744834844617355
2019-08-09,200,478,ledoit_wolf_gmv,0.028064607925128965,4.2096911887693446e-05,0.2549497193864686,3.9223420304461603,0.3381763585194772
2019-09-10,10,504,equal_weight,0.013368606797676298,2.005291019651445e-05,0.10000000000000003,9.999999999999996,0.1
2019-09-10,10,504,sample_gmv,0.042678660231837084,6.401799034775563e-05,0.26402418788533333,3.7875317712720458,0.37131065358004767
2019-09-10,10,504,ledoit_wolf_gmv,0.038308281680108275,5.746242252016241e-05,0.25836036769859977,3.8705626908171475,0.3625146833167898
2019-09-10,50,504,equal_weight,0.033177590995272,4.9766386492907995e-05,0.020000000000000004,49.99999999999999,0.02
2019-09-10,50,504,sample_gmv,0.04840893188250881,7.261339782376322e-05,0.10093762674081923,9.907108303306279,0.171297990827356
2019-09-10,50,504,ledoit_wolf_gmv,0.047884894148419704,7.182734122262955e-05,0.09759793041612308,10.2461189057632,0.16450273685340522
2019-09-10,100,504,equal_weight,0.03522489816368844,5.2837347245532664e-05,0.01,100.0,0.01
2019-09-10,100,504,sample_gmv,0.013151848161885853,1.972777224282878e-05,0.8551717816551333,1.1693557030899224,0.9241779064675975
2019-09-10,100,504,ledoit_wolf_gmv,0.039017417160733175,5.8526125741099765e-05,0.6620391036358281,1.5104847953967326,0.8114120212854044
2019-09-10,200,483,equal_weight,0.030184707667473776,4.5277061501210666e-05,0.005000000000000001,199.99999999999997,0.005
2019-09-10,200,483,sample_gmv,0.019494423395949152,2.924163509392373e-05,0.41852718015821744,2.3893310814890594,0.45789190380500755
2019-09-10,200,483,ledoit_wolf_gmv,0.041645588687613214,6.246838303141983e-05,0.2662817432328918,3.7554208105262155,0.34895312758839714
2019-10-09,10,504,equal_weight,0.11091694384723508,0.0001663754157708526,0.10000000000000003,9.999999999999996,0.1
2019-10-09,10,504,sample_gmv,0.36829219203247077,0.0005524382880487061,0.24184121134401368,4.13494455491096,0.3484941157768956
2019-10-09,10,504,ledoit_wolf_gmv,0.36193632611181903,0.0005429044891677285,0.23574038525401125,4.241954550648994,0.34184883421271384
2019-10-09,50,504,equal_weight,0.050028070919126116,7.504210637868917e-05,0.020000000000000004,49.99999999999999,0.02
2019-10-09,50,504,sample_gmv,0.7995244312758535,0.0011992866469137803,0.5693764945263268,1.7563071352847393,0.7455079761683764
2019-10-09,50,504,ledoit_wolf_gmv,0.7525962496874067,0.00112889437453111,0.5022989995384197,1.9908460915091117,0.6973764187977264
2019-10-09,100,504,equal_weight,0.05323526075224755,7.985289112837132e-05,0.01,100.0,0.01
2019-10-09,100,504,sample_gmv,0.04973763701462693,7.46064555219404e-05,0.8019698881512041,1.2469296101694272,0.894005821288607
2019-10-09,100,504,ledoit_wolf_gmv,0.20171335168607318,0.0003025700275291098,0.5422961128226226,1.844011004974852,0.7191844095430938
2019-10-09,200,504,equal_weight,0.04565570239687029,6.848355359530544e-05,0.005000000000000001,199.99999999999997,0.005
2019-10-09,200,504,sample_gmv,0.054120117081351934,8.11801756220279e-05,0.3978626728023231,2.513430056045612,0.44568875883050074
2019-10-09,200,504,ledoit_wolf_gmv,0.11729561524719366,0.0001759434228707905,0.2541691819319567,3.9343872943168567,0.3434753233146622
2019-11-07,10,504,equal_weight,0.11371527169114409,0.00017057290753671615,0.10000000000000003,9.999999999999996,0.1
2019-11-07,10,504,sample_gmv,0.3901711415714002,0.0005852567123571003,0.23842223400037713,4.194239703325732,0.34214878144007066
2019-11-07,10,504,ledoit_wolf_gmv,0.38440846770577497,0.0005766127015586625,0.23279596202955266,4.29560715435886,0.33426254224162766
2019-11-07,50,504,equal_weight,0.09751826179850748,0.0001462773926977612,0.020000000000000004,49.99999999999999,0.02
2019-11-07,50,504,sample_gmv,0.023143387228347606,3.471508084252141e-05,0.5648727659627762,1.7703101658575935,0.7440481477936391
2019-11-07,50,504,ledoit_wolf_gmv,0.032856097492011314,4.9284146238016974e-05,0.49458858876118356,2.0218824750986295,0.6937560201160389
2019-11-07,100,504,equal_weight,0.054684985130434634,8.202747769565195e-05,0.01,100.0,0.01
2019-11-07,100,504,sample_gmv,0.9635681692579068,0.0014453522538868601,0.43511306288225204,2.298253224979859,0.6401994080657418
2019-11-07,100,504,ledoit_wolf_gmv,0.79444962679413,0.0011916744401911951,0.36480332503522334,2.7412030849868096,0.5769955099802284
2019-11-07,200,504,equal_weight,0.05634032973592856,8.451049460389285e-05,0.005000000000000001,199.99999999999997,0.005
2019-11-07,200,504,sample_gmv,0.01777962405344363,2.6669436080165445e-05,0.39789192247455557,2.5132452897782764,0.44548283431858865
2019-11-07,200,504,ledoit_wolf_gmv,0.02662919415856793,3.99437912378519e-05,0.25392245686612186,3.9382101620387213,0.343129335642925
2019-12-09,10,504,equal_weight,0.10840745822115604,0.00016261118733173406,0.10000000000000003,9.999999999999996,0.1
2019-12-09,10,504,sample_gmv,0.207425195434602,0.000311137793151903,0.262244497461414,3.8132353955191665,0.3246080220503566
2019-12-09,10,504,ledoit_wolf_gmv,0.21060795272878505,0.0003159119290931776,0.25770457101937955,3.880412349863982,0.3201491463228427
2019-12-09,50,504,equal_weight,0.09288331472992627,0.0001393249720948894,0.020000000000000004,49.99999999999999,0.02
2019-12-09,50,504,sample_gmv,0.7994403031026212,0.0011991604546539318,0.363941759468939,2.7476923820426444,0.5860057257492869
2019-12-09,50,504,ledoit_wolf_gmv,0.754301304044151,0.0011314519560662265,0.3278928303436115,3.0497769620398882,0.5532576718983813
2019-12-09,100,493,equal_weight,0.05317707615591773,7.976561423387659e-05,0.01,100.0,0.01
2019-12-09,100,493,sample_gmv,0.28381318944089534,0.00042571978416134303,0.3088673158301771,3.237636191165739,0.4850865622236451
2019-12-09,100,493,ledoit_wolf_gmv,0.2962249473782389,0.0004443374210673584,0.2690547890470033,3.716715110487411,0.43266912068104335
2019-12-09,200,493,equal_weight,0.030490528061196655,4.573579209179498e-05,0.005000000000000001,199.99999999999997,0.005
2019-12-09,200,493,sample_gmv,0.038323760575949446,5.7485640863924173e-05,0.3846316811940246,2.5998898397960035,0.4386593479858393
2019-12-09,200,493,ledoit_wolf_gmv,0.12045426907398958,0.00018068140361098437,0.27500916632757066,3.6362424327663088,0.36360899965038734
2020-01-09,10,504,equal_weight,0.012357712807168401,1.8536569210752602e-05,0.10000000000000003,9.999999999999996,0.1
2020-01-09,10,504,sample_gmv,0.012552589478257922,1.8828884217386884e-05,0.2621159153486364,3.8151059948798425,0.327383213642109
2020-01-09,10,504,ledoit_wolf_gmv,0.012680053882317886,1.902008082347683e-05,0.2577921119144954,3.879094641699822,0.3230622054351372
2020-01-09,50,504,equal_weight,0.05386585114218137,8.079877671327206e-05,0.020000000000000004,49.99999999999999,0.02
2020-01-09,50,504,sample_gmv,0.6130787597738265,0.0009196181396607398,0.0904380681635613,11.057290589085286,0.16222763398064358
2020-01-09,50,504,ledoit_wolf_gmv,0.5776974333000722,0.0008665461499501083,0.08647276426314024,11.564334834456757,0.1534585485726242
2020-01-09,100,504,equal_weight,0.06206796714408258,9.310195071612387e-05,0.01,100.0,0.01
2020-01-09,100,504,sample_gmv,0.9379740451913576,0.0014069610677870364,0.780696689598041,1.2809071862657344,0.8817810882618649
2020-01-09,100,504,ledoit_wolf_gmv,0.7805784946384052,0.001170867741957608,0.5474035859790619,1.8268057163188731,0.7209293258672138
2020-01-09,200,504,equal_weight,0.03045870438423489,4.5688056576352334e-05,0.005000000000000001,199.99999999999997,0.005
2020-01-09,200,504,sample_gmv,0.03959295499473972,5.938943249210958e-05,0.39059141140426445,2.560220145150591,0.44090851769293643
2020-01-09,200,504,ledoit_wolf_gmv,0.0735764627965121,0.00011036469419476816,0.2947531069033466,3.3926699212976,0.3753860729708641
2020-02-10,10,504,equal_weight,0.015622619898535958,2.343392984780394e-05,0.10000000000000003,9.999999999999996,0.1
2020-02-10,10,504,sample_gmv,0.025189072353714696,3.778360853057204e-05,0.26461655846620047,3.779053003320388,0.3474319335503211
2020-02-10,10,504,ledoit_wolf_gmv,0.029550356737781003,4.4325535106671504e-05,0.25980534909896363,3.849035454689909,0.34125916777992765
2020-02-10,50,504,equal_weight,0.07598150264916902,0.00011397225397375353,0.020000000000000004,49.99999999999999,0.02
2020-02-10,50,504,sample_gmv,0.14598891252608084,0.00021898336878912127,0.08765417624620304,11.408469542754016,0.1580854351118829
2020-02-10,50,504,ledoit_wolf_gmv,0.14076427971380123,0.00021114641957070186,0.0834827436765321,11.978523416463979,0.14852529063417955
2020-02-10,100,504,equal_weight,0.059243010987472394,8.88645164812086e-05,0.01,100.0,0.01
2020-02-10,100,504,sample_gmv,0.022160589033532747,3.324088355029912e-05,0.7716080372589919,1.2959947949121062,0.8765550397894983
2020-02-10,100,504,ledoit_wolf_gmv,0.04852517331907175,7.278775997860763e-05,0.5259704674109267,1.9012474311009684,0.7065496242525771
2020-02-10,200,504,equal_weight,0.042493776225236604,6.37406643378549e-05,0.005000000000000001,199.99999999999997,0.005
2020-02-10,200,504,sample_gmv,0.017278251569758096,2.5917377354637144e-05,0.3921465674953851,2.5500669466188004,0.4423453239382644
2020-02-10,200,504,ledoit_wolf_gmv,0.03255370862044305,4.883056293066458e-05,0.2921947518614646,3.4223749524225546,0.37385782831258696
2020-03-11,10,504,equal_weight,0.02780899337986939,4.1713490069804086e-05,0.10000000000000003,9.999999999999996,0.1
2020-03-11,10,504,sample_gmv,0.14764120091450425,0.0002214618013717564,0.3220469137408224,3.105137659554726,0.42318949555617574
2020-03-11,10,504,ledoit_wolf_gmv,0.13566536788764721,0.00020349805183147082,0.3113119946726665,3.2122115983724444,0.4135745746908253
2020-03-11,50,504,equal_weight,0.07134360721932641,0.00010701541082898962,0.020000000000000004,49.99999999999999,0.02
2020-03-11,50,504,sample_gmv,0.8600217453128098,0.0012900326179692148,0.6739127035275627,1.4838717162705932,0.8176250736468411
2020-03-11,50,504,ledoit_wolf_gmv,0.8147407492135483,0.0012221111238203226,0.5462419396968105,1.8306906286892695,0.7325062000590706
2020-03-11,100,504,equal_weight,0.07133367120941381,0.00010700050681412071,0.01,100.0,0.01
2020-03-11,100,504,sample_gmv,0.04597500070268824,6.896250105403237e-05,0.8020054260945275,1.2468743570347567,0.8942597105600099
2020-03-11,100,504,ledoit_wolf_gmv,0.09721140352557327,0.00014581710528835992,0.5265950873368904,1.8989922694820882,0.702332723196897
2020-03-11,200,504,equal_weight,0.07399751556114459,0.00011099627334171689,0.005000000000000001,199.99999999999997,0.005
2020-03-11,200,504,sample_gmv,0.05947045932132187,8.92056889819828e-05,0.4061336737078445,2.462243504387075,0.45724912652661265
2020-03-11,200,504,ledoit_wolf_gmv,0.189082389893485,0.0002836235848402275,0.235392055165613,4.248231739582025,0.32984825912993887
2020-04-09,10,504,equal_weight,0.02039417757088078,3.059126635632117e-05,0.10000000000000003,9.999999999999996,0.1
2020-04-09,10,504,sample_gmv,0.18132981884361885,0.0002719947282654283,0.34011563559852076,2.9401765027363216,0.42552055501069036
2020-04-09,10,504,ledoit_wolf_gmv,0.19079443364674817,0.00028619165047012225,0.32621492269955027,3.0654636879411483,0.41353765890206995
2020-04-09,50,504,equal_weight,0.05975065913204384,8.962598869806576e-05,0.020000000000000004,49.99999999999999,0.02
2020-04-09,50,504,sample_gmv,0.8618721184103164,0.0012928081776154747,0.1748812955474551,5.718164409004186,0.3327584994076087
2020-04-09,50,504,ledoit_wolf_gmv,0.8064410533567108,0.0012096615800350663,0.14934680838479647,6.69582437559342,0.29234112720982924
2020-04-09,100,504,equal_weight,0.06413626939047264,9.620440408570896e-05,0.01,100.0,0.01
2020-04-09,100,504,sample_gmv,0.11444148108399253,0.0001716622216259888,0.7868669643201143,1.2708628590908522,0.8855585189160077
2020-04-09,100,504,ledoit_wolf_gmv,0.25091394666132916,0.0003763709199919937,0.5972656477705315,1.6742968622635375,0.7677332771092541
2020-04-09,200,500,equal_weight,0.059958666153111004,8.99379992296665e-05,0.005000000000000001,199.99999999999997,0.005
2020-04-09,200,500,sample_gmv,0.540113591552896,0.000810170387329344,0.7444580559708223,1.3432590217536624,0.8607542823891392
2020-04-09,200,500,ledoit_wolf_gmv,0.2586931188930853,0.000388039678339628,0.23519805669461713,4.251735809613458,0.3623087597521192
2020-05-11,10,504,equal_weight,0.1187729534940386,0.0001781594302410579,0.10000000000000003,9.999999999999996,0.1
2020-05-11,10,504,sample_gmv,0.1399849633792568,0.00020997744506888523,0.2661187793581077,3.7577205276983907,0.36925810711634394
2020-05-11,10,504,ledoit_wolf_gmv,0.15359484466369133,0.000230392266995537,0.2527857797033846,3.955918727601633,0.3530941639953716
2020-05-11,50,504,equal_weight,0.0844590685960552,0.00012668860289408282,0.020000000000000004,49.99999999999999,0.02
2020-05-11,50,504,sample_gmv,0.10824898704388494,0.00016237348056582742,0.20005113661541662,4.99872191140021,0.3715601441976647
2020-05-11,50,504,ledoit_wolf_gmv,0.09932311786385806,0.0001489846767957871,0.16283023518112075,6.1413655694083555,0.3195944857857547
2020-05-11,100,504,equal_weight,0.07544157392901918,0.00011316236089352876,0.01,100.0,0.01
2020-05-11,100,504,sample_gmv,0.011168882211307452,1.675332331696118e-05,0.7830396769883914,1.277074494929872,0.8834061679689879
2020-05-11,100,504,ledoit_wolf_gmv,0.030263496643289325,4.5395244964933986e-05,0.5988963234650966,1.6697380845722951,0.7688530772752314
2020-05-11,200,479,equal_weight,0.04743549067857493,7.11532360178624e-05,0.005000000000000001,199.99999999999997,0.005
2020-05-11,200,479,sample_gmv,0.051753895234860924,7.763084285229139e-05,0.7225386283245289,1.3840090492031785,0.8477834862722101
2020-05-11,200,479,ledoit_wolf_gmv,0.03243685998383339,4.8655289975750085e-05,0.2295684764164811,4.355998766075395,0.3555063090363642
2020-06-10,10,504,equal_weight,0.11521240149805512,0.00017281860224708267,0.10000000000000003,9.999999999999996,0.1
2020-06-10,10,504,sample_gmv,0.1606468935553783,0.00024097034033306746,0.3440279190354098,2.9067408331388154,0.44048245091856425
2020-06-10,10,504,ledoit_wolf_gmv,0.1736192550337703,0.00026042888255065543,0.3276135673300481,3.0523766404111368,0.425777279912134
2020-06-10,50,504,equal_weight,0.04418137639599755,6.627206459399632e-05,0.020000000000000004,49.99999999999999,0.02
2020-06-10,50,504,sample_gmv,0.0750534726507944,0.0001125802089761916,0.2023097583430582,4.942915300725595,0.36970580003858755
2020-06-10,50,504,ledoit_wolf_gmv,0.08438724903459405,0.00012658087355189109,0.16645205954690076,6.007735817280366,0.31848376283188695
2020-06-10,100,504,equal_weight,0.05459659862119576,8.189489793179364e-05,0.01,100.0,0.01
2020-06-10,100,504,sample_gmv,0.009326372985262241,1.3989559477893362e-05,0.7866145856973941,1.2712706046677529,0.8855001434831793
2020-06-10,100,504,ledoit_wolf_gmv,0.021362538809597327,3.2043808214395994e-05,0.6109834370780857,1.6367055787670997,0.7768724003198558
2020-06-10,200,484,equal_weight,0.05147846856826131,7.721770285239197e-05,0.005000000000000001,199.99999999999997,0.005
2020-06-10,200,484,sample_gmv,0.030086908446216067,4.51303626693241e-05,0.7508541093599622,1.3318166439182346,0.8648685139756597
2020-06-10,200,484,ledoit_wolf_gmv,0.07408458576529475,0.00011112687864794213,0.2524701658372266,3.9608640358905745,0.37501631252744405
2020-07-10,10,504,equal_weight,0.1150810504992559,0.00017262157574888387,0.10000000000000003,9.999999999999996,0.1
2020-07-10,10,504,sample_gmv,0.13580624699056124,0.00020370937048584185,0.274361938358166,3.6448204367711865,0.3733827780909242
2020-07-10,10,504,ledoit_wolf_gmv,0.1494839917227613,0.00022422598758414198,0.2611085600466323,3.82982465156028,0.35931783825038516
2020-07-10,50,504,equal_weight,0.07943689178469096,0.00011915533767703645,0.020000000000000004,49.99999999999999,0.02
2020-07-10,50,504,sample_gmv,0.0682434473042771,0.00010236517095641565,0.22177296191536952,4.509115950670346,0.3980494332805861
2020-07-10,50,504,ledoit_wolf_gmv,0.06407987570550924,9.611981355826387e-05,0.17940320287757594,5.574036494110956,0.3411618094245704
2020-07-10,100,504,equal_weight,0.08531258307043794,0.00012796887460565692,0.01,100.0,0.01
2020-07-10,100,504,sample_gmv,0.028994116807569574,4.3491175211354364e-05,0.7496122106692341,1.3340230932300665,0.8641032761374489
2020-07-10,100,504,ledoit_wolf_gmv,0.1764113335509959,0.00026461700032649385,0.4503226500715219,2.2206300301376722,0.6440843834789964
2020-07-10,200,504,equal_weight,0.08161317199941515,0.00012241975799912272,0.005000000000000001,199.99999999999997,0.005
2020-07-10,200,504,sample_gmv,0.012882937856716972,1.932440678507546e-05,0.7580313481720724,1.3192066560458406,0.8691810701644993
2020-07-10,200,504,ledoit_wolf_gmv,0.1935669424193011,0.00029035041362895166,0.21620316650063132,4.625279158421021,0.3277799869888047
2020-08-10,10,504,equal_weight,0.023100968149374533,3.46514522240618e-05,0.10000000000000003,9.999999999999996,0.1
2020-08-10,10,504,sample_gmv,0.01525954519083016,2.288931778624524e-05,0.27548055784021713,3.630020237508068,0.3669206971867097
2020-08-10,10,504,ledoit_wolf_gmv,0.016085767243106463,2.4128650864659694e-05,0.2621024286667434,3.8153023040907215,0.3532992819560704
2020-08-10,50,504,equal_weight,0.043402010634194806,6.510301595129221e-05,0.020000000000000004,49.99999999999999,0.02
2020-08-10,50,504,sample_gmv,0.17498484846293882,0.00026247727269440823,0.2155262427550403,4.639806212074905,0.3902224544290166
2020-08-10,50,504,ledoit_wolf_gmv,0.15413486627549638,0.0002312022994132446,0.1746097853275158,5.72705589279718,0.3348704547666942
2020-08-10,100,504,equal_weight,0.0346477258093652,5.1971588714047795e-05,0.01,100.0,0.01
2020-08-10,100,504,sample_gmv,0.02044224212164937,3.066336318247406e-05,0.7513460032820575,1.3309447253752105,0.8652161044016473
2020-08-10,100,504,ledoit_wolf_gmv,0.03854809418261934,5.7822141273929014e-05,0.4532402907905334,2.2063351831670093,0.6475910271933139
2020-08-10,200,499,equal_weight,0.0443355841732231,6.650337625983465e-05,0.005000000000000001,199.99999999999997,0.005
2020-08-10,200,499,sample_gmv,0.01902330285718465,2.8534954285776974e-05,0.7600007177139729,1.315788231105791,0.870295047169997
2020-08-10,200,499,ledoit_wolf_gmv,0.026758947751938954,4.013842162790843e-05,0.21647123281876912,4.619551461774162,0.3279047496436447
2020-09-09,10,504,equal_weight,0.009024770942517739,1.3537156413776609e-05,0.10000000000000003,9.999999999999996,0.1
2020-09-09,10,504,sample_gmv,0.023316933501814657,3.497540025272199e-05,0.28917506201528664,3.458112857419002,0.3801658916062094
2020-09-09,10,504,ledoit_wolf_gmv,0.024146741764947875,3.6220112647421815e-05,0.27472476777414867,3.6400067169120347,0.36442630175756724
2020-09-09,50,504,equal_weight,0.0749542053522338,0.00011243130802835069,0.020000000000000004,49.99999999999999,0.02
2020-09-09,50,504,sample_gmv,0.06192592950872073,9.28888942630811e-05,0.23829819709703287,4.196422852468368,0.4115854429549453
2020-09-09,50,504,ledoit_wolf_gmv,0.06390101969684107,9.585152954526162e-05,0.19253197154267734,5.193942553994656,0.3549092014413713
2020-09-09,100,504,equal_weight,0.03768179963208289,5.652269944812433e-05,0.01,100.0,0.01
2020-09-09,100,504,sample_gmv,0.00958664863862166,1.437997295793249e-05,0.7641497313956126,1.3086440509160946,0.8727870313178536
2020-09-09,100,504,ledoit_wolf_gmv,0.018869266610287202,2.8303899915430803e-05,0.4639304773945244,2.1554953785663975,0.6594221025306869
2020-09-09,200,504,equal_weight,0.04006182494440247,6.0092737416603705e-05,0.005000000000000001,199.99999999999997,0.005
2020-09-09,200,504,sample_gmv,0.012963081955852213,1.944462293377832e-05,0.7742889423926891,1.2915075306510564,0.8785997989357581
2020-09-09,200,504,ledoit_wolf_gmv,0.01791108465575962,2.686662698363943e-05,0.221160640134911,4.5216002241175755,0.33361985782878023
2020-10-08,10,504,equal_weight,0.11377653874393394,0.00017066480811590092,0.10000000000000003,9.999999999999996,0.1
2020-10-08,10,504,sample_gmv,0.019504415699958567,2.9256623549937852e-05,0.2937755887537464,3.4039587980818826,0.3820507976665421
2020-10-08,10,504,ledoit_wolf_gmv,0.02171116063131102,3.2566740946966535e-05,0.27530671872530926,3.6323123701087825,0.3625596533710158
2020-10-08,50,504,equal_weight,0.059484852430499766,8.922727864574965e-05,0.020000000000000004,49.99999999999999,0.02
2020-10-08,50,504,sample_gmv,0.035511808754125185,5.326771313118778e-05,0.2500285743221694,3.9995428630947982,0.4286252452997174
2020-10-08,50,504,ledoit_wolf_gmv,0.03340499433123517,5.010749149685276e-05,0.198454963211548,5.0389266351279165,0.36726916376448054
2020-10-08,100,504,equal_weight,0.05059931073408747,7.589896610113121e-05,0.01,100.0,0.01
2020-10-08,100,504,sample_gmv,0.01794519641050136,2.691779461575204e-05,0.7750751633282787,1.2901974509231637,0.8790342871116581
2020-10-08,100,504,ledoit_wolf_gmv,0.028747367366132457,4.3121051049198684e-05,0.47706976548953584,2.0961294811333717,0.6705334392453073
2020-10-08,200,504,equal_weight,0.04845032399957578,7.267548599936367e-05,0.005000000000000001,199.99999999999997,0.005
2020-10-08,200,504,sample_gmv,0.011037129721997361,1.6555694582996042e-05,0.781505480429802,1.2795815577007001,0.8827596595981393
2020-10-08,200,504,ledoit_wolf_gmv,0.011925250815931165,1.7887876223896747e-05,0.22389861298176914,4.46630725703256,0.3368416231621165
2020-11-06,10,504,equal_weight,0.032247068896232,4.8370603344348006e-05,0.10000000000000003,9.999999999999996,0.1
2020-11-06,10,504,sample_gmv,0.031632783600353445,4.7449175400530166e-05,0.29755381892313665,3.3607365673176504,0.3862754697396935
2020-11-06,10,504,ledoit_wolf_gmv,0.03419223222579039,5.128834833868559e-05,0.2780052604085995,3.597054237499842,0.3646257896591065
2020-11-06,50,504,equal_weight,0.07926932105724982,0.00011890398158587473,0.020000000000000004,49.99999999999999,0.02
2020-11-06,50,504,sample_gmv,0.18726021255847433,0.0002808903188377115,0.2684161361177127,3.725558434987137,0.44279402883839664
2020-11-06,50,504,ledoit_wolf_gmv,0.17411162954338744,0.0002611674443150812,0.2147686320631419,4.656173438335261,0.38211273540181145
2020-11-06,100,504,equal_weight,0.061230132391037556,9.184519858655634e-05,0.01,100.0,0.01
2020-11-06,100,504,sample_gmv,0.007958497758368314,1.1937746637552472e-05,0.780226264441878,1.2816794891099104,0.881968089016294
2020-11-06,100,504,ledoit_wolf_gmv,0.01678710396642473,2.5180655949637095e-05,0.4771047617502155,2.0959757272838586,0.6708280025625416
2020-11-06,200,504,equal_weight,0.04216654380588221,6.324981570882331e-05,0.005000000000000001,199.99999999999997,0.005
2020-11-06,200,504,sample_gmv,0.01589283344874179,2.3839250173112684e-05,0.787344535223933,1.2700920058022431,0.8858087243311156
2020-11-06,200,504,ledoit_wolf_gmv,0.022250012660030967,3.337501899004645e-05,0.22732772284978692,4.398935543205954,0.34030325247776105
2020-12-08,10,504,equal_weight,0.13308025556664482,0.00019962038334996724,0.10000000000000003,9.999999999999996,0.1
2020-12-08,10,504,sample_gmv,0.16085260765203474,0.00024127891147805212,0.3596716405900706,2.780313728264532,0.44088270324028034
2020-12-08,10,504,ledoit_wolf_gmv,0.1832354889564096,0.0002748532334346144,0.33591239030670855,2.9769666998199704,0.42316531023783244
2020-12-08,50,504,equal_weight,0.06936470248686918,0.00010404705373030378,0.020000000000000004,49.99999999999999,0.02
2020-12-08,50,504,sample_gmv,0.15756872938708077,0.00023635309408062116,0.25028292672276564,3.995478289686471,0.4348452942681644
2020-12-08,50,504,ledoit_wolf_gmv,0.16196101592079856,0.00024294152388119785,0.1965181761373254,5.088587832716337,0.36726598194092763
2020-12-08,100,504,equal_weight,0.09260732080424676,0.00013891098120637015,0.01,100.0,0.01
2020-12-08,100,504,sample_gmv,0.037468893872660156,5.620334080899023e-05,0.7964390337048003,1.2555888871346421,0.891099560223447
2020-12-08,100,504,ledoit_wolf_gmv,0.18394602046914924,0.00027591903070372386,0.6156388147339198,1.6243290320026391,0.7784774664353673
2020-12-08,200,503,equal_weight,0.0715323398571964,0.0001072985097857946,0.005000000000000001,199.99999999999997,0.005
2020-12-08,200,503,sample_gmv,0.012154692894493595,1.8232039341740394e-05,0.7887477234867762,1.2678325023612769,0.8864352199204877
2020-12-08,200,503,ledoit_wolf_gmv,0.025992182632900325,3.898827394935049e-05,0.22429954056259932,4.4583238890804235,0.33411255872548506
2021-01-08,10,504,equal_weight,0.03369406331726743,5.054109497590115e-05,0.10000000000000003,9.999999999999996,0.1
2021-01-08,10,504,sample_gmv,0.07093283467214642,0.00010639925200821964,0.3618206167865924,2.7638004956191207,0.4222348385094696
2021-01-08,10,504,ledoit_wolf_gmv,0.056970772779296915,8.545615916894537e-05,0.3354831105748489,2.98077598686415,0.3985463228703228
2021-01-08,50,504,equal_weight,0.039985238148335926,5.997785722250389e-05,0.020000000000000004,49.99999999999999,0.02
2021-01-08,50,504,sample_gmv,0.08279623699633781,0.0001241943554945067,0.22779952444186508,4.389824791996887,0.4080257233291307
2021-01-08,50,504,ledoit_wolf_gmv,0.09012634547042817,0.00013518951820564224,0.18255009315462056,5.477948450856152,0.3417289801911415
2021-01-08,100,504,equal_weight,0.03297914208939779,4.9468713134096685e-05,0.01,100.0,0.01
2021-01-08,100,504,sample_gmv,0.006705324720108366,1.0057987080162548e-05,0.7869617026371485,1.270709866374627,0.8856614185800313
2021-01-08,100,504,ledoit_wolf_gmv,0.017564067157265544,2.6346100735898316e-05,0.590580373463016,1.6932496319446741,0.7617332800746692
2021-01-08,200,504,equal_weight,0.04182755652706191,6.274133479059286e-05,0.005000000000000001,199.99999999999997,0.005
2021-01-08,200,504,sample_gmv,0.007791603512085772,1.1687405268128657e-05,0.7867195002447841,1.2711010718418123,0.8852550895881737
2021-01-08,200,504,ledoit_wolf_gmv,0.01695362059846999,2.5430430897704987e-05,0.218271316224323,4.581454023818111,0.32625123660108835
2021-02-09,10,504,equal_weight,0.024455897570370866,3.66838463555563e-05,0.10000000000000003,9.999999999999996,0.1
2021-02-09,10,504,sample_gmv,0.022689414011278355,3.4034121016917536e-05,0.35484112571511495,2.8181626297816798,0.410600883268619
2021-02-09,10,504,ledoit_wolf_gmv,0.032449639389595594,4.867445908439339e-05,0.33148215890088406,3.0167536114636215,0.3882438342427095
2021-02-09,50,504,equal_weight,0.08284507682669481,0.00012426761524004222,0.020000000000000004,49.99999999999999,0.02
2021-02-09,50,504,sample_gmv,0.09705455476889055,0.00014558183215333584,0.2622551218572293,3.8130809149435647,0.4407255440295843
2021-02-09,50,504,ledoit_wolf_gmv,0.1136323898723873,0.00017044858480858095,0.21096185346366364,4.740193469016148,0.3711521560094112
2021-02-09,100,490,equal_weight,0.07135720188242,0.00010703580282363,0.01,100.0,0.01
2021-02-09,100,490,sample_gmv,0.030565718911995624,4.584857836799344e-05,0.7818117064292758,1.2790803613919306,0.8827888528600071
2021-02-09,100,490,ledoit_wolf_gmv,0.037129075339082454,5.5693613008623684e-05,0.5811031326537753,1.720864927079658,0.756215645634849
2021-02-09,200,470,equal_weight,0.06489805886540143,9.734708829810214e-05,0.005000000000000001,199.99999999999997,0.005
2021-02-09,200,470,sample_gmv,0.04960401479739239,7.440602219608859e-05,0.7687248543202729,1.3008555588907382,0.8755343625722558
2021-02-09,200,470,ledoit_wolf_gmv,0.029534213877122198,4.43013208156833e-05,0.21370797174474251,4.679282629636399,0.31842262259077564
2021-03-11,10,504,equal_weight,0.12867148995501193,0.0001930072349325179,0.10000000000000003,9.999999999999996,0.1
2021-03-11,10,504,sample_gmv,0.3785726834931493,0.000567859025239724,0.503236284287164,1.9871381123014678,0.6407825551635341
2021-03-11,10,504,ledoit_wolf_gmv,0.3682155211724749,0.0005523232817587124,0.44906144273749315,2.226866759933713,0.5974760408008449
2021-03-11,50,504,equal_weight,0.10839407867978651,0.00016259111801967977,0.020000000000000004,49.99999999999999,0.02
2021-03-11,50,504,sample_gmv,0.07494626144905411,0.00011241939217358118,0.244719163369853,4.086316683294081,0.426211969386027
2021-03-11,50,504,ledoit_wolf_gmv,0.08379408661875261,0.00012569112992812892,0.19521868710503165,5.122460430552837,0.35743477075243485
2021-03-11,100,504,equal_weight,0.08046401120095079,0.00012069601680142619,0.01,100.0,0.01
2021-03-11,100,504,sample_gmv,0.03387873637015745,5.081810455523618e-05,0.7866118210935791,1.2712750726397173,0.8855217308408451
2021-03-11,100,504,ledoit_wolf_gmv,0.0390005570195709,5.850083552935635e-05,0.5966423779916046,1.6760458808946204,0.7661629147891655
2021-03-11,200,477,equal_weight,0.08344306651783712,0.00012516459977675567,0.005000000000000001,199.99999999999997,0.005
2021-03-11,200,477,sample_gmv,0.01517230595616505,2.2758458934247577e-05,0.7644434148088105,1.3081412968284942,0.873045245707145
2021-03-11,200,477,ledoit_wolf_gmv,0.014725000117459579,2.208750017618937e-05,0.21693595789757886,4.609655354932566,0.32379974936496086
2021-04-12,10,504,equal_weight,0.11737954630620497,0.00017606931945930745,0.10000000000000003,9.999999999999996,0.1
2021-04-12,10,504,sample_gmv,0.3682578336460257,0.0005523867504690386,0.3451692469440445,2.8971294773607403,0.41545916096121
2021-04-12,10,504,ledoit_wolf_gmv,0.36254651976082175,0.0005438197796412326,0.3275001991013876,3.0534332581899277,0.3944895714851182
2021-04-12,50,504,equal_weight,0.06242961720451277,9.364442580676916e-05,0.020000000000000004,49.99999999999999,0.02
2021-04-12,50,504,sample_gmv,0.02832897481551223,4.249346222326835e-05,0.24700710067013448,4.048466612040637,0.43149564867121226
2021-04-12,50,504,ledoit_wolf_gmv,0.036325900922838765,5.448885138425815e-05,0.1967371981574254,5.082922850206593,0.3618863946811407
2021-04-12,100,482,equal_weight,0.040819730902803705,6.122959635420555e-05,0.01,100.0,0.01
2021-04-12,100,482,sample_gmv,0.010787871186828498,1.6181806780242747e-05,0.7827429662206766,1.2775585896712776,0.8831988237171315
2021-04-12,100,482,ledoit_wolf_gmv,0.012009663768519066,1.80144956527786e-05,0.5908159000172292,1.6925746242963982,0.7620607742517875
2021-04-12,200,462,equal_weight,0.052794895093303894,7.919234263995585e-05,0.005000000000000001,199.99999999999997,0.005
2021-04-12,200,462,sample_gmv,0.010370711751699416,1.5556067627549124e-05,0.7610523399812114,1.3139700746793417,0.8709949759648214
2021-04-12,200,462,ledoit_wolf_gmv,0.2069044676780604,0.0003103567015170906,0.27892515008862856,3.5851912231014293,0.3957931188219261
2021-05-11,10,504,equal_weight,0.11799486556094549,0.00017699229834141825,0.10000000000000003,9.999999999999996,0.1
2021-05-11,10,504,sample_gmv,0.36586687365051,0.000548800310475765,0.5069884236076088,1.9724316245413227,0.6386426440835031
2021-05-11,10,504,ledoit_wolf_gmv,0.36055607194384875,0.0005408341079157731,0.4531394102142178,2.2068263705583644,0.5953032077780368
2021-05-11,50,504,equal_weight,0.043016741621846724,6.452511243277008e-05,0.020000000000000004,49.99999999999999,0.02
2021-05-11,50,504,sample_gmv,0.03481067698647613,5.221601547971419e-05,0.2477619261960181,4.036132651022599,0.4360306878958323
2021-05-11,50,504,ledoit_wolf_gmv,0.028960633610453215,4.344095041567982e-05,0.19533314160167492,5.119458949977925,0.36323064923739207
2021-05-11,100,504,equal_weight,0.06241396650862213,9.36209497629332e-05,0.01,100.0,0.01
2021-05-11,100,504,sample_gmv,0.008082543363393082,1.2123815045089624e-05,0.7835076738096819,1.2763116858034822,0.8836739634448096
2021-05-11,100,504,ledoit_wolf_gmv,0.01590954004878294,2.386431007317441e-05,0.6006075012312382,1.6649808701190245,0.7686554800598105
2021-05-11,200,483,equal_weight,0.064108309639092,9.6162464458638e-05,0.005000000000000001,199.99999999999997,0.005
2021-05-11,200,483,sample_gmv,0.010772799003951835,1.6159198505927752e-05,0.7640493219942669,1.308816029559285,0.8727839853968606
2021-05-11,200,483,ledoit_wolf_gmv,0.20306616384212506,0.0003045992457631876,0.2163662806834838,4.621792253585355,0.3219332116880829
2021-06-10,10,504,equal_weight,0.11138057286010705,0.00016707085929016058,0.10000000000000003,9.999999999999996,0.1
2021-06-10,10,504,sample_gmv,0.008875313522629836,1.3312970283944755e-05,0.5052758956414813,1.9791167728878765,0.6348952783508538
2021-06-10,10,504,ledoit_wolf_gmv,0.02277307130398695,3.4159606955980426e-05,0.4532743385016513,2.206169454255035,0.5932994415161631
2021-06-10,50,504,equal_weight,0.0765384658950943,0.00011480769884264146,0.020000000000000004,49.99999999999999,0.02
2021-06-10,50,504,sample_gmv,0.062381637212733605,9.35724558191004e-05,0.2769309361058957,3.6110086293053576,0.4743687672236564
2021-06-10,50,504,ledoit_wolf_gmv,0.04892938770360573,7.33940815554086e-05,0.20993083493960896,4.763473647345189,0.3864796892693112
2021-06-10,100,504,equal_weight,0.047997966171831226,7.199694925774684e-05,0.01,100.0,0.01
2021-06-10,100,504,sample_gmv,0.9307613045827088,0.001396141956874063,0.25671630966601855,3.8953504796830978,0.4400744742434638
2021-06-10,100,504,ledoit_wolf_gmv,0.8096202466953114,0.001214430370042967,0.1829829840013276,5.464989028666976,0.3472680555008194
2021-06-10,200,484,equal_weight,0.05525709109909435,8.288563664864152e-05,0.005000000000000001,199.99999999999997,0.005
2021-06-10,200,484,sample_gmv,0.007231053426794379,1.0846580140191568e-05,0.767022516280471,1.3037426917391013,0.8744041599992929
2021-06-10,200,484,ledoit_wolf_gmv,0.009945417991837794,1.4918126987756692e-05,0.21517763969024895,4.647323027799326,0.31914567717032877
2021-07-12,10,504,equal_weight,0.02291361939473948,3.437042909210922e-05,0.10000000000000003,9.999999999999996,0.1
2021-07-12,10,504,sample_gmv,0.02762751875956957,4.1441278139354354e-05,0.5068477424847431,1.972979094466622,0.6383839984791301
2021-07-12,10,504,ledoit_wolf_gmv,0.040560424206025944,6.084063630903892e-05,0.4535129550659568,2.2050086746795685,0.5954698274847973
2021-07-12,50,504,equal_weight,0.07743884033415037,0.00011615826050122555,0.020000000000000004,49.99999999999999,0.02
2021-07-12,50,504,sample_gmv,0.07467533997228482,0.00011201300995842723,0.28230380359648816,3.54228312640574,0.48684596857559176
2021-07-12,50,504,ledoit_wolf_gmv,0.09992827514085773,0.00014989241271128658,0.20273203589884764,4.932619531818573,0.38642288409518377
2021-07-12,100,504,equal_weight,0.0693919750501941,0.00010408796257529114,0.01,100.0,0.01
2021-07-12,100,504,sample_gmv,0.9317450680396366,0.001397617602059455,0.7824657550422457,1.2780112018397656,0.8830298932361673
2021-07-12,100,504,ledoit_wolf_gmv,0.7782005974841647,0.001167300896226247,0.5478683866904399,1.825255890453534,0.731285783010274
2021-07-12,200,484,equal_weight,0.05204310876488753,7.80646631473313e-05,0.005000000000000001,199.99999999999997,0.005
2021-07-12,200,484,sample_gmv,0.018141796775854438,2.7212695163781658e-05,0.7551517300694764,1.3242371833114872,0.867399764650843
2021-07-12,200,484,ledoit_wolf_gmv,0.20732679457018888,0.0003109901918552833,0.2756176235478627,3.6282150144377248,0.39053628590347783
2021-08-10,10,504,equal_weight,0.017502131482894354,2.625319722434153e-05,0.10000000000000003,9.999999999999996,0.1
2021-08-10,10,504,sample_gmv,0.014035131807503654,2.105269771125548e-05,0.5242694675455066,1.9074160558724507,0.6584086429213905
2021-08-10,10,504,ledoit_wolf_gmv,0.014707535972722353,2.206130395908353e-05,0.4634061917831683,2.15793404950426,0.6105968734795026
2021-08-10,50,504,equal_weight,0.03622986595163696,5.4344798927455435e-05,0.020000000000000004,49.99999999999999,0.02
2021-08-10,50,504,sample_gmv,0.06076768317359989,9.115152476039983e-05,0.26958815983820916,3.7093617190018313,0.47735196890932186
2021-08-10,50,504,ledoit_wolf_gmv,0.06220484513431463,9.330726770147194e-05,0.1847415434446079,5.412967659327994,0.36402508939889355
2021-08-10,100,504,equal_weight,0.05164993731162113,7.74749059674317e-05,0.01,100.0,0.01
2021-08-10,100,504,sample_gmv,0.008385887477013436,1.2578831215520153e-05,0.7814234197296889,1.2797159321714742,0.8823036559910269
2021-08-10,100,504,ledoit_wolf_gmv,0.014958185936200399,2.24372789043006e-05,0.5405055736115464,1.8501196820565733,0.7255382056486901
2021-08-10,200,484,equal_weight,0.05977017387941633,8.96552608191245e-05,0.005000000000000001,199.99999999999997,0.005
2021-08-10,200,484,sample_gmv,0.014427450567983658,2.1641175851975487e-05,0.7475810268822125,1.3376476449255288,0.8628711530704644
2021-08-10,200,484,ledoit_wolf_gmv,0.017018609136990902,2.5527913705486355e-05,0.2748334702320478,3.6385670171674453,0.39143293172223514
2021-09-09,10,504,equal_weight,0.009089544454449663,1.3634316681674496e-05,0.10000000000000003,9.999999999999996,0.1
2021-09-09,10,504,sample_gmv,0.009344962542427686,1.401744381364153e-05,0.5148622644357681,1.942267027660085,0.6497569116962582
2021-09-09,10,504,ledoit_wolf_gmv,0.00899460277695089,1.3491904165426336e-05,0.4540395068157453,2.2024515157572226,0.6011943168784633
2021-09-09,50,504,equal_weight,0.052724298380231426,7.908644757034714e-05,0.020000000000000004,49.99999999999999,0.02
2021-09-09,50,504,sample_gmv,0.05289947926369819,7.934921889554728e-05,0.2816789562053016,3.550140960019571,0.48981802400370317
2021-09-09,50,504,ledoit_wolf_gmv,0.05973222431164532,8.959833646746799e-05,0.199215037609893,5.019701383979961,0.3849733091820169
2021-09-09,100,504,equal_weight,0.05643582872396713,8.46537430859507e-05,0.01,100.0,0.01
2021-09-09,100,504,sample_gmv,0.030187816309094243,4.528172446364136e-05,0.7784876355664355,1.2845419173194572,0.8807959286659334
2021-09-09,100,504,ledoit_wolf_gmv,0.058188106600089405,8.72821599001341e-05,0.5560232482848434,1.7984859501552948,0.7380554829192222
2021-09-09,200,484,equal_weight,0.04372045901987947,6.558068852981921e-05,0.005000000000000001,199.99999999999997,0.005
2021-09-09,200,484,sample_gmv,0.010243464466522549,1.5365196699783824e-05,0.7487765618832666,1.3355118881991646,0.8636749608064967
2021-09-09,200,484,ledoit_wolf_gmv,0.012596948909719225,1.889542336457884e-05,0.27550914457842685,3.629643587802359,0.39138325979498806
2021-10-08,10,504,equal_weight,0.022768754642281147,3.415313196342172e-05,0.10000000000000003,9.999999999999996,0.1
2021-10-08,10,504,sample_gmv,0.009447927400813622,1.4171891101220433e-05,0.5213440573872016,1.9181191112288851,0.6557086865376558
2021-10-08,10,504,ledoit_wolf_gmv,0.01162516904922405,1.7437753573836076e-05,0.45893380759944546,2.178963465844281,0.606329640853161
2021-10-08,50,504,equal_weight,0.0405733900183012,6.0860085027451805e-05,0.020000000000000004,49.99999999999999,0.02
2021-10-08,50,504,sample_gmv,0.04348956483223196,6.523434724834793e-05,0.3000547731688484,3.3327248536628837,0.5073493774880353
2021-10-08,50,504,ledoit_wolf_gmv,0.03476921127239899,5.215381690859848e-05,0.20742836378708332,4.820941465008415,0.3971393024701927
2021-10-08,100,504,equal_weight,0.06114371504571137,9.171557256856706e-05,0.01,100.0,0.01
2021-10-08,100,504,sample_gmv,0.9615818743212319,0.0014423728114818478,0.26831772034316137,3.726924925871699,0.45392546579745474
2021-10-08,100,504,ledoit_wolf_gmv,0.8273738776343973,0.001241060816451596,0.1810596730513916,5.523041012650907,0.3441666903138687
2021-10-08,200,484,equal_weight,0.06675358371785656,0.00010013037557678483,0.005000000000000001,199.99999999999997,0.005
2021-10-08,200,484,sample_gmv,0.005272952103531361,7.90942815529704e-06,0.7491603093960522,1.3348277898039824,0.863898127953247
2021-10-08,200,484,ledoit_wolf_gmv,0.01095150061652899,1.6427250924793487e-05,0.27316288002017214,3.6608195078560946,0.3896897492454807
2021-11-08,10,504,equal_weight,0.05912143985108051,8.868215977662077e-05,0.10000000000000003,9.999999999999996,0.1
2021-11-08,10,504,sample_gmv,0.04092914292690568,6.139371439035851e-05,0.5541811576598787,1.8044640929739741,0.6870688176300525
2021-11-08,10,504,ledoit_wolf_gmv,0.03687995966809574,5.5319939502143613e-05,0.48543096379142925,2.060025162362039,0.6333393207764403
2021-11-08,50,504,equal_weight,0.04713732557335753,7.070598836003629e-05,0.020000000000000004,49.99999999999999,0.02
2021-11-08,50,504,sample_gmv,0.032723858384283606,4.908578757642541e-05,0.28176895440339433,3.549007029952458,0.4893446212511654
2021-11-08,50,504,ledoit_wolf_gmv,0.03942969755022746,5.914454632534119e-05,0.19770565333934928,5.058024305878411,0.3850695839812102
2021-11-08,100,504,equal_weight,0.04775858178549112,7.163787267823667e-05,0.01,100.0,0.01
2021-11-08,100,504,sample_gmv,0.03719995276841388,5.579992915262082e-05,0.25167852067923674,3.9733227821793182,0.43561847527438574
2021-11-08,100,504,ledoit_wolf_gmv,0.031846592391622255,4.776988858743339e-05,0.1747671445464502,5.721899288308259,0.3346856898020673
2021-11-08,200,484,equal_weight,0.055716755343053107,8.357513301457966e-05,0.005000000000000001,199.99999999999997,0.005
2021-11-08,200,484,sample_gmv,0.010820296377624303,1.6230444566436455e-05,0.7500208253958681,1.3332963114353398,0.864542124640231
2021-11-08,200,484,ledoit_wolf_gmv,0.012873004954367379,1.930950743155107e-05,0.27166558593859286,3.6809962386109496,0.38780022248347645
2021-12-08,10,504,equal_weight,0.12363252129111524,0.00018544878193667286,0.10000000000000003,9.999999999999996,0.1
2021-12-08,10,504,sample_gmv,0.6887784304784836,0.0010331676457177256,0.3135913139003689,3.188863835424058,0.4675061790643227
2021-12-08,10,504,ledoit_wolf_gmv,0.6356966014492409,0.0009535449021738614,0.27955202306314075,3.5771517195357085,0.4369333887085641
2021-12-08,50,504,equal_weight,0.04097687985290098,6.146531977935147e-05,0.020000000000000004,49.99999999999999,0.02
2021-12-08,50,504,sample_gmv,0.025275597959040646,3.791339693856097e-05,0.2751567861037352,3.6342916130114853,0.4833135974293511
2021-12-08,50,504,ledoit_wolf_gmv,0.03607875691429998,5.411813537144997e-05,0.1982235647045225,5.0448088827916475,0.3858432871026291
2021-12-08,100,504,equal_weight,0.040451559759986135,6.06773396399792e-05,0.01,100.0,0.01
2021-12-08,100,504,sample_gmv,0.02334050111986798,3.501075167980197e-05,0.2515791498210113,3.97489219878301,0.4333055944144934
2021-12-08,100,504,ledoit_wolf_gmv,0.029217263202687957,4.382589480403194e-05,0.176157632772811,5.676733867613285,0.33509445933178766
2021-12-08,200,484,equal_weight,0.06358880170715658,9.538320256073487e-05,0.005000000000000001,199.99999999999997,0.005
2021-12-08,200,484,sample_gmv,0.007178997982241449,1.0768496973362175e-05,0.745598178642451,1.3412049930443117,0.8618169839113528
2021-12-08,200,484,ledoit_wolf_gmv,0.0409909636806819,6.148644552102285e-05,0.2852157135076624,3.506118185781986,0.4024203068048725
2022-01-07,10,504,equal_weight,0.12503145784110506,0.00018754718676165758,0.10000000000000003,9.999999999999996,0.1
2022-01-07,10,504,sample_gmv,0.6840432671377155,0.0010260649007065733,0.5493726667426065,1.8202580152545567,0.6840432671377156
2022-01-07,10,504,ledoit_wolf_gmv,0.6359256819203496,0.0009538885228805244,0.4901344336443945,2.0402565732109457,0.6359256819203495
2022-01-07,50,504,equal_weight,0.022879367118644342,3.431905067796651e-05,0.020000000000000004,49.99999999999999,0.02
2022-01-07,50,504,sample_gmv,0.03491138653127078,5.236707979690617e-05,0.27253121085034915,3.6693045060043215,0.4797428593777989
2022-01-07,50,504,ledoit_wolf_gmv,0.031174676978917855,4.676201546837678e-05,0.2007044583465178,4.982450356301963,0.3893384417501109
2022-01-07,100,484,equal_weight,0.051202227140393526,7.680334071059029e-05,0.01,100.0,0.01
2022-01-07,100,484,sample_gmv,0.08034897843338247,0.0001205234676500737,0.2761042991754104,3.621819736188516,0.4671491739606642
2022-01-07,100,484,ledoit_wolf_gmv,0.0957076473674459,0.00014356147105116886,0.19791029316176886,5.05279429394112,0.3715490661311807
2022-01-07,200,484,equal_weight,0.060502955229350695,9.075443284402605e-05,0.005000000000000001,199.99999999999997,0.005
2022-01-07,200,484,sample_gmv,0.01819516836632657,2.7292752549489856e-05,0.7526909934692269,1.3285664484849242,0.8660995682364899
2022-01-07,200,484,ledoit_wolf_gmv,0.02459229341315744,3.688844011973616e-05,0.28206253686295557,3.5453130753265025,0.3983693795460204
2022-02-08,10,504,equal_weight,0.1408140263149103,0.00021122103947236547,0.10000000000000003,9.999999999999996,0.1
2022-02-08,10,504,sample_gmv,0.6914140822487863,0.0010371211233731795,0.28344778539861337,3.5279866399156985,0.40511926932575437
2022-02-08,10,504,ledoit_wolf_gmv,0.6435315974029049,0.0009652973961043574,0.2540471560521378,3.9362770894186716,0.3840787936677852
2022-02-08,50,504,equal_weight,0.0599415868035136,8.99123802052704e-05,0.020000000000000004,49.99999999999999,0.02
2022-02-08,50,504,sample_gmv,0.06611418655612764,9.917127983419145e-05,0.26752068065786877,3.7380287667512944,0.46925781312845155
2022-02-08,50,504,ledoit_wolf_gmv,0.06609353878832765,9.914030818249148e-05,0.1981696123939127,5.046182348140464,0.38009698109778467
2022-02-08,100,504,equal_weight,0.058499832858860935,8.774974928829141e-05,0.01,100.0,0.01
2022-02-08,100,504,sample_gmv,0.9447762552872361,0.0014171643829308542,0.7886749985488585,1.267949411151582,0.8866568329031941
2022-02-08,100,504,ledoit_wolf_gmv,0.8179103634168398,0.0012268655451252598,0.5920700559473053,1.6889893179955056,0.7622500373461252
2022-02-08,200,484,equal_weight,0.06659453478954253,9.989180218431379e-05,0.005000000000000001,199.99999999999997,0.005
2022-02-08,200,484,sample_gmv,0.012599964046453822,1.8899946069680733e-05,0.7536265789350167,1.326917107160876,0.8667071885954348
2022-02-08,200,484,ledoit_wolf_gmv,0.018648521245190224,2.7972781867785335e-05,0.28219604315239677,3.5436357959844296,0.3975657716091489
2022-03-10,10,504,equal_weight,0.11171672134667565,0.00016757508202001347,0.10000000000000003,9.999999999999996,0.1
2022-03-10,10,504,sample_gmv,0.7329354475636416,0.0010994031713454624,0.5767004577583935,1.7340024384356327,0.7216355532300669
2022-03-10,10,504,ledoit_wolf_gmv,0.6956981049821869,0.0010435471574732804,0.5267705949683458,1.8983595697100197,0.6838649143931566
2022-03-10,50,504,equal_weight,0.062244641941008975,9.336696291151346e-05,0.020000000000000004,49.99999999999999,0.02
2022-03-10,50,504,sample_gmv,0.1277241949786436,0.0001915862924679654,0.2456815434431524,4.070309824601812,0.44082462113483595
2022-03-10,50,504,ledoit_wolf_gmv,0.1035125605503532,0.0001552688408255298,0.1834306235462249,5.451652404964964,0.3519660606546963
2022-03-10,100,504,equal_weight,0.04650562625074883,6.975843937612324e-05,0.01,100.0,0.01
2022-03-10,100,504,sample_gmv,0.021254095410381847,3.188114311557277e-05,0.7795028267410312,1.2828689848128325,0.8813574226124761
2022-03-10,100,504,ledoit_wolf_gmv,0.041607282601980045,6.241092390297007e-05,0.5473069548474967,1.8271282525153423,0.7310375741459652
2022-03-10,200,467,equal_weight,0.07240073171104949,0.00010860109756657424,0.005000000000000001,199.99999999999997,0.005
2022-03-10,200,467,sample_gmv,0.9804638716591614,0.001470695807488742,0.9404262462884507,1.0633476085409856,0.9695798438972265
2022-03-10,200,467,ledoit_wolf_gmv,0.47529079011313424,0.0007129361851697014,0.20068491119747922,4.982935657858072,0.33037863695606307
2022-04-08,10,504,equal_weight,0.02320458202295103,3.480687303442655e-05,0.10000000000000003,9.999999999999996,0.1
2022-04-08,10,504,sample_gmv,0.15654662057669794,0.0002348199308650469,0.520323890463964,1.921879848930859,0.7050072634151086
2022-04-08,10,504,ledoit_wolf_gmv,0.18515382554709775,0.00027773073832064666,0.4695542122480033,2.129679542671917,0.665752985321855
2022-04-08,50,504,equal_weight,0.04169839789752887,6.25475968462933e-05,0.020000000000000004,49.99999999999999,0.02
2022-04-08,50,504,sample_gmv,0.4144799219914596,0.0006217198829871894,0.14732176259811863,6.7878633975342515,0.2818235667133791
2022-04-08,50,504,ledoit_wolf_gmv,0.34580165117613676,0.0005187024767642052,0.13086007694365093,7.641750053613414,0.25294797017161824
2022-04-08,100,504,equal_weight,0.06282182374231843,9.423273561347764e-05,0.01,100.0,0.01
2022-04-08,100,504,sample_gmv,0.9155977271809639,0.001373396590771446,0.12585790369385103,7.945468426301593,0.24888607417196862
2022-04-08,100,504,ledoit_wolf_gmv,0.761197318229672,0.001141795977344508,0.1097517852373061,9.1114691012797,0.2193203909929126
2022-04-08,200,484,equal_weight,0.05291307527321511,7.936961290982266e-05,0.005000000000000001,199.99999999999997,0.005
2022-04-08,200,484,sample_gmv,0.9919211280032735,0.0014878816920049103,0.39330543760685455,2.542553202632284,0.44584218056643077
2022-04-08,200,484,ledoit_wolf_gmv,0.5301251191014194,0.000795187678652129,0.3026084367827751,3.304600528100416,0.3882956567249625
2022-05-10,10,504,equal_weight,0.04410012975009226,6.615019462513839e-05,0.10000000000000003,9.999999999999996,0.1
2022-05-10,10,504,sample_gmv,0.05644859841181949,8.467289761772924e-05,0.5289143091228387,1.8906654305844337,0.7126123141996712
2022-05-10,10,504,ledoit_wolf_gmv,0.05684653779833318,8.526980669749977e-05,0.4795365679786029,2.085346700910243,0.6727691524371127
2022-05-10,50,504,equal_weight,0.08954835050583261,0.0001343225257587489,0.020000000000000004,49.99999999999999,0.02
2022-05-10,50,504,sample_gmv,0.1548879725323522,0.00023233195879852832,0.127959896268999,7.814948504629815,0.21725100585885862
2022-05-10,50,504,ledoit_wolf_gmv,0.14605583512225037,0.00021908375268337555,0.11691626629915468,8.55312978812795,0.20264754571161864
2022-05-10,100,504,equal_weight,0.08798082713276555,0.00013197124069914832,0.01,100.0,0.01
2022-05-10,100,504,sample_gmv,0.9697680309595009,0.0014546520464392514,0.4076432691120029,2.4531252587056525,0.45131480370830834
2022-05-10,100,504,ledoit_wolf_gmv,0.9054894742711107,0.001358234211406666,0.35569036898312867,2.811434008907429,0.42027067287710945
2022-05-10,200,490,equal_weight,0.07621539854551825,0.00011432309781827737,0.005000000000000001,199.99999999999997,0.005
2022-05-10,200,490,sample_gmv,0.8215493847064936,0.0012323240770597405,0.6206718328834248,1.6111573733809523,0.7817365914327884
2022-05-10,200,490,ledoit_wolf_gmv,0.38850805676351763,0.0005827620851452765,0.23640604347125158,4.230010304798347,0.3362321718382055
2022-06-09,10,504,equal_weight,0.019515796435677538,2.9273694653516308e-05,0.10000000000000003,9.999999999999996,0.1
2022-06-09,10,504,sample_gmv,0.023343479103607803,3.5015218655411705e-05,0.5399635223827476,1.8519769550120837,0.7203126882074949
2022-06-09,10,504,ledoit_wolf_gmv,0.03302868200670174,4.9543023010052614e-05,0.49431142538215084,2.0230161567212464,0.6827724310582971
2022-06-09,50,504,equal_weight,0.04545958075054862,6.818937112582294e-05,0.020000000000000004,49.99999999999999,0.02
2022-06-09,50,504,sample_gmv,0.1089378426721829,0.00016340676400827434,0.14164779360006804,7.059764042802002,0.2707636542424119
2022-06-09,50,504,ledoit_wolf_gmv,0.10916309137126838,0.00016374463705690257,0.12772318920076395,7.82943180684388,0.24782252983534314
2022-06-09,100,504,equal_weight,0.05288859509925379,7.933289264888068e-05,0.01,100.0,0.01
2022-06-09,100,504,sample_gmv,0.958488895388307,0.0014377333430824605,0.1196387457051748,8.358496188720462,0.2009489276580058
2022-06-09,100,504,ledoit_wolf_gmv,0.8998031438132645,0.001349704715719897,0.1082367543980125,9.23900578469639,0.1841982185549617
2022-06-09,200,504,equal_weight,0.059155607548913414,8.873341132337012e-05,0.005000000000000001,199.99999999999997,0.005
2022-06-09,200,504,sample_gmv,0.8011658048280563,0.0012017487072420844,0.3959761810843967,2.525404425239568,0.4450697652104324
2022-06-09,200,504,ledoit_wolf_gmv,0.3564198832414615,0.0005346298248621922,0.31162562148954004,3.208978758614576,0.3929091629421729
2022-07-12,10,504,equal_weight,0.030985148487693383,4.647772273154008e-05,0.10000000000000003,9.999999999999996,0.1
2022-07-12,10,504,sample_gmv,0.039090122581810355,5.863518387271553e-05,0.5252939072599148,1.9036961711897435,0.706594285957992
2022-07-12,10,504,ledoit_wolf_gmv,0.03301444921035375,4.952167381553062e-05,0.4862490898193223,2.056559119466063,0.6729015362596558
2022-07-12,50,504,equal_weight,0.0471272271560428,7.06908407340642e-05,0.020000000000000004,49.99999999999999,0.02
2022-07-12,50,504,sample_gmv,0.1086886496004256,0.0001630329744006384,0.14437769357851346,6.926277704084488,0.2631519897135999
2022-07-12,50,504,ledoit_wolf_gmv,0.10633949873512852,0.00015950924810269278,0.13001416626915202,7.691469542863702,0.24434487114518375
2022-07-12,100,504,equal_weight,0.08624790428659139,0.00012937185642988708,0.01,100.0,0.01
2022-07-12,100,504,sample_gmv,0.9533026670430048,0.0014299540005645072,0.3968894884196817,2.5195930584651136,0.4446795241458753
2022-07-12,100,504,ledoit_wolf_gmv,0.8945180029917478,0.0013417770044876216,0.34912644982677804,2.8642917215128163,0.4162985075929626
2022-07-12,200,504,equal_weight,0.08670477214023692,0.00013005715821035537,0.005000000000000001,199.99999999999997,0.005
2022-07-12,200,504,sample_gmv,0.7706644978845454,0.0011559967468268181,0.5281934356110334,1.8932457932635298,0.7144940066598742
2022-07-12,200,504,ledoit_wolf_gmv,0.4015582114794781,0.0006023373172192172,0.23785327299110315,4.2042726064879705,0.34457414567491096
2022-08-10,10,504,equal_weight,0.03522519281464281,5.283778922196421e-05,0.10000000000000003,9.999999999999996,0.1
2022-08-10,10,504,sample_gmv,0.03453703292112785,5.1805549381691774e-05,0.5355216558266047,1.8673381162456437,0.7144991410107312
2022-08-10,10,504,ledoit_wolf_gmv,0.03579607824759663,5.369411737139495e-05,0.49691968788894353,2.012397625556526,0.6816769509854498
2022-08-10,50,504,equal_weight,0.042913129724267224,6.436969458640084e-05,0.020000000000000004,49.99999999999999,0.02
2022-08-10,50,504,sample_gmv,0.11550923090692318,0.00017326384636038477,0.12635405516361803,7.914269143994491,0.21345320218871755
2022-08-10,50,504,ledoit_wolf_gmv,0.10476660738440327,0.0001571499110766049,0.11743438381623114,8.51539359686056,0.20193846441386082
2022-08-10,100,504,equal_weight,0.055568580578581585,8.335287086787237e-05,0.01,100.0,0.01
2022-08-10,100,504,sample_gmv,0.03709789057468742,5.564683586203113e-05,0.3827492245571159,2.612676749788619,0.4367840562522185
2022-08-10,100,504,ledoit_wolf_gmv,0.03912433817219502,5.8686507258292527e-05,0.340325224936245,2.93836579462288,0.41101868084775395
2022-08-10,200,504,equal_weight,0.05754991753586371,8.632487630379557e-05,0.005000000000000001,199.99999999999997,0.005
2022-08-10,200,504,sample_gmv,0.0631393372514801,9.470900587722016e-05,0.574774591640901,1.7398124665621353,0.7510667461599204
2022-08-10,200,504,ledoit_wolf_gmv,0.05469772032865012,8.204658049297517e-05,0.2386738950073903,4.189817239832768,0.36189746114582655
2022-09-09,10,504,equal_weight,0.2055861371981819,0.00030837920579727284,0.10000000000000003,9.999999999999996,0.1
2022-09-09,10,504,sample_gmv,0.34715963668331185,0.0005207394550249678,0.3328393201467947,3.00445271778275,0.5113280100276304
2022-09-09,10,504,ledoit_wolf_gmv,0.34984602286054306,0.0005247690342908146,0.3135305843182444,3.189481505207688,0.4874402094261907
2022-09-09,50,504,equal_weight,0.03694792375612208,5.5421885634183127e-05,0.020000000000000004,49.99999999999999,0.02
2022-09-09,50,504,sample_gmv,0.16022421441159368,0.00024033632161739053,0.13631364966113727,7.336022492875106,0.21746685513293593
2022-09-09,50,504,ledoit_wolf_gmv,0.1596242619390813,0.00023943639290862197,0.12596964281201578,7.938420540671833,0.20669171455068047
2022-09-09,100,488,equal_weight,0.05583847018178527,8.375770527267791e-05,0.01,100.0,0.01
2022-09-09,100,488,sample_gmv,0.03543477249794173,5.3152158746912603e-05,0.3715206363848974,2.6916405229344904,0.43027390209912086
2022-09-09,100,488,ledoit_wolf_gmv,0.034754457242275126,5.213168586341269e-05,0.3305238249572276,3.0255005070494025,0.40483070822597755
2022-09-09,200,488,equal_weight,0.04852724056670704,7.279086085006056e-05,0.005000000000000001,199.99999999999997,0.005
2022-09-09,200,488,sample_gmv,0.04398153163897232,6.597229745845847e-05,0.5358993419983535,1.8660220709938329,0.7229505668980026
2022-09-09,200,488,ledoit_wolf_gmv,0.04550594049991026,6.82589107498654e-05,0.23074694530346734,4.333751845272959,0.3539801007224956
2022-10-10,10,504,equal_weight,0.1267191895726464,0.0001900787843589696,0.10000000000000003,9.999999999999996,0.1
2022-10-10,10,504,sample_gmv,0.26340606085859364,0.0003951090912878905,0.36954733557488983,2.706013286347581,0.5609927327291251
2022-10-10,10,504,ledoit_wolf_gmv,0.2681460824933628,0.0004022191237400442,0.3470486803299,2.881440145657413,0.5352534398640327
2022-10-10,50,504,equal_weight,0.05853577304060559,8.780365956090838e-05,0.020000000000000004,49.99999999999999,0.02
2022-10-10,50,504,sample_gmv,0.19659285310318383,0.00029488927965477574,0.13213455505684743,7.5680430419565585,0.20140430761683298
2022-10-10,50,504,ledoit_wolf_gmv,0.1946983207362336,0.0002920474811043504,0.12121046413055361,8.250112786656093,0.18883899862889889
2022-10-10,100,504,equal_weight,0.05373325826832226,8.05998874024834e-05,0.01,100.0,0.01
2022-10-10,100,504,sample_gmv,0.02887653530660634,4.331480295990951e-05,0.3779624165221138,2.6457657065527096,0.434351645093027
2022-10-10,100,504,ledoit_wolf_gmv,0.036020653755861776,5.4030980633792664e-05,0.33878534716370257,2.951721520343073,0.410361373171163
2022-10-10,200,504,equal_weight,0.055478584037742654,8.321787605661398e-05,0.005000000000000001,199.99999999999997,0.005
2022-10-10,200,504,sample_gmv,0.9897268901414196,0.0014845903352121294,0.9747272403260842,1.0259280326109088,0.9872555887375828
2022-10-10,200,504,ledoit_wolf_gmv,0.4787123002286552,0.0007180684503429828,0.29499581800725283,3.3898785642290488,0.46865385990760716
2022-11-08,10,504,equal_weight,0.14711426330108535,0.00022067139495162802,0.10000000000000003,9.999999999999996,0.1
2022-11-08,10,504,sample_gmv,0.26337954445941186,0.0003950693166891178,0.3283394884887283,3.0456281838129544,0.5146970208424239
2022-11-08,10,504,ledoit_wolf_gmv,0.26845089509038084,0.00040267634263557126,0.30971705610947525,3.2287534066142336,0.4904945960333721
2022-11-08,50,504,equal_weight,0.05450177048541279,8.175265572811918e-05,0.020000000000000004,49.99999999999999,0.02
2022-11-08,50,504,sample_gmv,0.10963659680413446,0.0001644548952062017,0.125694627602146,7.955789512064451,0.18352235053208857
2022-11-08,50,504,ledoit_wolf_gmv,0.1142835974224532,0.0001714253961336798,0.11381536377112106,8.786160030301067,0.16791398116582712
2022-11-08,100,504,equal_weight,0.08055052035719958,0.00012082578053579936,0.01,100.0,0.01
2022-11-08,100,504,sample_gmv,0.9159370663278461,0.001373905599491769,0.12749087426066633,7.84369866313264,0.18315623452273608
2022-11-08,100,504,ledoit_wolf_gmv,0.8574638490691042,0.0012861957736036564,0.11536603444497659,8.668062526470443,0.17052643361180986
2022-11-08,200,504,equal_weight,0.07156141283939627,0.0001073421192590944,0.005000000000000001,199.99999999999997,0.005
2022-11-08,200,504,sample_gmv,0.9879377461114033,0.001481906619167105,0.5137635356870164,1.9464207374366829,0.7040333353915457
2022-11-08,200,504,ledoit_wolf_gmv,0.48141423349416174,0.0007221213502412426,0.2362763989187256,4.232331305946389,0.36084709476092497
2022-12-08,10,504,equal_weight,0.025582385327977485,3.8373577991966226e-05,0.10000000000000003,9.999999999999996,0.1
2022-12-08,10,504,sample_gmv,0.048670368616216396,7.30055529243246e-05,0.3469381861584271,2.88235783749488,0.5355790520137966
2022-12-08,10,504,ledoit_wolf_gmv,0.04730230226016548,7.095345339024822e-05,0.32599806808605114,3.067502840955603,0.5102351079617082
2022-12-08,50,504,equal_weight,0.04135453965634795,6.203180948452192e-05,0.020000000000000004,49.99999999999999,0.02
2022-12-08,50,504,sample_gmv,0.10639257321636757,0.00015958885982455135,0.12359923395164307,8.090665031073248,0.18459229830111332
2022-12-08,50,504,ledoit_wolf_gmv,0.11514851691174667,0.00017272277536762,0.11377693191308635,8.789127841519713,0.17386224962116983
2022-12-08,100,504,equal_weight,0.04207444287978019,6.311166431967029e-05,0.01,100.0,0.01
2022-12-08,100,504,sample_gmv,0.886342175640696,0.001329513263461044,0.7184975933238278,1.3917931100839454,0.8454188259193075
2022-12-08,100,504,ledoit_wolf_gmv,0.8159095069666062,0.0012238642604499093,0.6008069232290809,1.6644282236719687,0.7705765054195842
2022-12-08,200,504,equal_weight,0.056263810533634204,8.439571580045131e-05,0.005000000000000001,199.99999999999997,0.005
2022-12-08,200,504,sample_gmv,0.10446232174020953,0.0001566934826103143,0.5998136616449111,1.6671844340084383,0.7693370449915244
2022-12-08,200,504,ledoit_wolf_gmv,0.09986349150055948,0.0001497952372508392,0.2607259351960895,3.8354450593797256,0.41118634922397307
2023-01-10,10,504,equal_weight,0.20422844715284333,0.000306342670729265,0.10000000000000003,9.999999999999996,0.1
2023-01-10,10,504,sample_gmv,0.21959838269996557,0.00032939757404994835,0.3914478290643323,2.554618842542247,0.5952390704250973
2023-01-10,10,504,ledoit_wolf_gmv,0.22794178467222842,0.00034191267700834266,0.3687709830046293,2.7117101021677907,0.5717141496713416
2023-01-10,50,504,equal_weight,0.07914691940824631,0.00011872037911236947,0.020000000000000004,49.99999999999999,0.02
2023-01-10,50,504,sample_gmv,0.17757848244089702,0.0002663677236613455,0.1436508357808865,6.961323925224633,0.24537473270255836
2023-01-10,50,504,ledoit_wolf_gmv,0.17975682998441234,0.00026963524497661853,0.13105146502905612,7.630590011170685,0.2258633769381928
2023-01-10,100,504,equal_weight,0.041510108875865,6.22651633137975e-05,0.01,100.0,0.01
2023-01-10,100,504,sample_gmv,0.43193255625154126,0.0006478988343773119,0.35877976876106266,2.7872251644879458,0.4235862057923916
2023-01-10,100,504,ledoit_wolf_gmv,0.40973133482174035,0.0006145970022326105,0.33160966414828263,3.015593657586649,0.40606565940975514
2023-01-10,200,504,equal_weight,0.04310401711069843,6.465602566604764e-05,0.005000000000000001,199.99999999999997,0.005
2023-01-10,200,504,sample_gmv,0.023845996543497318,3.5768994815245975e-05,0.6071472268801199,1.647046969379386,0.7742889573148117
2023-01-10,200,504,ledoit_wolf_gmv,0.0364959250030569,5.4743887504585354e-05,0.2676291216969072,3.736514149355205,0.4263535499922369
2023-02-09,10,504,equal_weight,0.22328222752542878,0.0003349233412881432,0.10000000000000003,9.999999999999996,0.1
2023-02-09,10,504,sample_gmv,0.182244003143127,0.0002733660047146905,0.4965040673118484,2.0140821915400577,0.6823686254425778
2023-02-09,10,504,ledoit_wolf_gmv,0.1869534566030678,0.0002804301849046017,0.46200183218445967,2.164493580624456,0.6523423586774545
2023-02-09,50,504,equal_weight,0.11474882364703856,0.00017212323547055784,0.020000000000000004,49.99999999999999,0.02
2023-02-09,50,504,sample_gmv,0.08336057092465607,0.0001250408563869841,0.14872567087506033,6.7237887993127154,0.2512561358396246
2023-02-09,50,504,ledoit_wolf_gmv,0.0881931845306805,0.00013228977679602074,0.13540094556665805,7.385472795739811,0.23146763525661904
2023-02-09,100,504,equal_weight,0.05470566535566929,8.205849803350394e-05,0.01,100.0,0.01
2023-02-09,100,504,sample_gmv,0.4243145814993667,0.00063647187224905,0.6830077604275822,1.4641122077060613,0.8237773190353515
2023-02-09,100,504,ledoit_wolf_gmv,0.40740797370491794,0.0006111119605573769,0.5788303241518495,1.7276219960750734,0.7555718204922016
2023-02-09,200,504,equal_weight,0.06931071352403814,0.00010396607028605722,0.005000000000000001,199.99999999999997,0.005
2023-02-09,200,504,sample_gmv,0.03314089287145951,4.9711339307189264e-05,0.5942208454503745,1.6828760008277321,0.7662428622148353
2023-02-09,200,504,ledoit_wolf_gmv,0.04018007750116448,6.027011625174672e-05,0.25820803824482275,3.872846123604561,0.42254465104825567
2023-03-13,10,504,equal_weight,0.11764424580301296,0.00017646636870451943,0.10000000000000003,9.999999999999996,0.1
2023-03-13,10,504,sample_gmv,0.6986028585296358,0.0010479042877944537,0.37950646961121987,2.635001192534178,0.5562827699794644
2023-03-13,10,504,ledoit_wolf_gmv,0.6676685319155848,0.0010015027978733772,0.35997088867588856,2.778002420357893,0.5355308340954721
2023-03-13,50,504,equal_weight,0.038860736955750326,5.829110543362549e-05,0.020000000000000004,49.99999999999999,0.02
2023-03-13,50,504,sample_gmv,0.07315059197042388,0.00010972588795563583,0.1454678371641982,6.874371816439675,0.2547718515312585
2023-03-13,50,504,ledoit_wolf_gmv,0.08078107249480171,0.00012117160874220257,0.13465606138541883,7.426327413050895,0.237961640804974
2023-03-13,100,504,equal_weight,0.04103852270762443,6.155778406143665e-05,0.01,100.0,0.01
2023-03-13,100,504,sample_gmv,0.45271046364450934,0.000679065695466764,0.3390405513080944,2.9494996871075627,0.4116995129311295
2023-03-13,100,504,ledoit_wolf_gmv,0.43154778576837216,0.0006473216786525583,0.31287509200153857,3.1961636626385155,0.39443425215611366
2023-03-13,200,503,equal_weight,0.040714171487896876,6.107125723184532e-05,0.005000000000000001,199.99999999999997,0.005
2023-03-13,200,503,sample_gmv,0.05389053953022819,8.083580929534228e-05,0.6343910874338412,1.5763147052476318,0.7937754394231475
2023-03-13,200,503,ledoit_wolf_gmv,0.042122702804822096,6.318405420723314e-05,0.2615728186272561,3.823027198498824,0.43560394765467025
2023-04-12,10,504,equal_weight,0.016818844066615976,2.5228266099923966e-05,0.10000000000000003,9.999999999999996,0.1
2023-04-12,10,504,sample_gmv,0.04424358019949657,6.636537029924486e-05,0.37288136692973745,2.6818181027222834,0.5448222786018553
2023-04-12,10,504,ledoit_wolf_gmv,0.040859954835186674,6.128993225278001e-05,0.3534414147757168,2.829323215092294,0.5247661035604788
2023-04-12,50,504,equal_weight,0.05298944968890019,7.948417453335028e-05,0.020000000000000004,49.99999999999999,0.02
2023-04-12,50,504,sample_gmv,0.05911669441458051,8.867504162187077e-05,0.13401310758377222,7.461956655059994,0.2203200177296176
2023-04-12,50,504,ledoit_wolf_gmv,0.061221987336844336,9.18329810052665e-05,0.12515197197070127,7.990285604401865,0.20663406966525094
2023-04-12,100,504,equal_weight,0.04730744796516925,7.096117194775387e-05,0.01,100.0,0.01
2023-04-12,100,504,sample_gmv,0.041142061687342205,6.171309253101331e-05,0.3362354943995183,2.9741059961141114,0.41014217365915473
2023-04-12,100,504,ledoit_wolf_gmv,0.04143795932890346,6.215693899335519e-05,0.3112940512989626,3.2123967542174894,0.39334599180031166
2023-04-12,200,503,equal_weight,0.03731938438904104,5.597907658356156e-05,0.005000000000000001,199.99999999999997,0.005
2023-04-12,200,503,sample_gmv,0.0320333566364545,4.805003495468175e-05,0.6286211522143256,1.590783250734545,0.7900125938761554
2023-04-12,200,503,ledoit_wolf_gmv,0.04152645984745821,6.228968977118731e-05,0.2611193368963679,3.8296665880278193,0.43699557231752634
2023-05-11,10,504,equal_weight,0.031306322332783375,4.6959483499175066e-05,0.10000000000000003,9.999999999999996,0.1
2023-05-11,10,504,sample_gmv,0.04210235726457718,6.315353589686577e-05,0.375307435601824,2.664482248790117,0.5472503870968592
2023-05-11,10,504,ledoit_wolf_gmv,0.053583864504896425,8.037579675734463e-05,0.35438517231487576,2.821788489252838,0.5263964218240482
2023-05-11,50,504,equal_weight,0.06147429157692648,9.221143736538972e-05,0.020000000000000004,49.99999999999999,0.02
2023-05-11,50,504,sample_gmv,0.08057432687219676,0.00012086149030829514,0.14120470823981046,7.081916831708488,0.22958857225255058
2023-05-11,50,504,ledoit_wolf_gmv,0.0816702875210942,0.0001225054312816413,0.12904085562218376,7.749483643597968,0.20957012136548536
2023-05-11,100,504,equal_weight,0.05208322565636144,7.812483848454216e-05,0.01,100.0,0.01
2023-05-11,100,504,sample_gmv,0.04195314851721577,6.292972277582365e-05,0.32758049015160134,3.0526848517053287,0.40494015793292437
2023-05-11,100,504,ledoit_wolf_gmv,0.03973793998806846,5.960690998210269e-05,0.3031194946018545,3.2990289895854223,0.3880690839170769
2023-05-11,200,503,equal_weight,0.06652233988734271,9.978350983101407e-05,0.005000000000000001,199.99999999999997,0.005
2023-05-11,200,503,sample_gmv,0.035668174078209096,5.350226111731365e-05,0.6167200924695753,1.6214811422725508,0.7824247524753699
2023-05-11,200,503,ledoit_wolf_gmv,0.04053228264920827,6.0798423973812414e-05,0.256178957452808,3.9035212335276013,0.4339261582259339
2023-06-12,10,504,equal_weight,0.13503979735256347,0.0002025596960288452,0.10000000000000003,9.999999999999996,0.1
2023-06-12,10,504,sample_gmv,0.6122011259790087,0.000918301688968513,0.49623826629399026,2.0151609980991716,0.6122011259790088
2023-06-12,10,504,ledoit_wolf_gmv,0.583779306414656,0.0008756689596219841,0.4701854548458508,2.126820363526234,0.5837793064146563
2023-06-12,50,504,equal_weight,0.07140876092322385,0.00010711314138483577,0.020000000000000004,49.99999999999999,0.02
2023-06-12,50,504,sample_gmv,0.18584090765934702,0.00027876136148902056,0.13560466907064525,7.374377348902605,0.2605967935392713
2023-06-12,50,504,ledoit_wolf_gmv,0.18388268392580398,0.000275824025888706,0.12203138281222085,8.194613360554781,0.23784167147385873
2023-06-12,100,504,equal_weight,0.04835071399111416,7.252607098667124e-05,0.01,100.0,0.01
2023-06-12,100,504,sample_gmv,0.03143284131870443,4.7149261978056645e-05,0.32555488192394677,3.0716787107914145,0.40360668762514723
2023-06-12,100,504,ledoit_wolf_gmv,0.030628131255735644,4.5942196883603464e-05,0.30193287223112064,3.311994459598058,0.3874555585242887
2023-06-12,200,503,equal_weight,0.0774201762513302,0.0001161302643769953,0.005000000000000001,199.99999999999997,0.005
2023-06-12,200,503,sample_gmv,0.021819629612183464,3.2729444418275195e-05,0.6122193561072355,1.6334014761611708,0.7795113105681175
2023-06-12,200,503,ledoit_wolf_gmv,0.01761110883140854,2.641666324711281e-05,0.25781391953455124,3.878766522014665,0.43667936183387474
2023-07-13,10,504,equal_weight,0.11636045550909682,0.00017454068326364523,0.10000000000000003,9.999999999999996,0.1
2023-07-13,10,504,sample_gmv,0.32056496416235614,0.0004808474462435342,0.8400164951575455,1.190452813444395,0.9123205640988244
2023-07-13,10,504,ledoit_wolf_gmv,0.32861332234486573,0.0004929199835172986,0.6955475682599531,1.4377161902839997,0.8236950478311276
2023-07-13,50,504,equal_weight,0.037495266103886246,5.624289915582937e-05,0.020000000000000004,49.99999999999999,0.02
2023-07-13,50,504,sample_gmv,0.08079279027816677,0.00012118918541725015,0.13696754582954584,7.3009996196068645,0.2638051933882833
2023-07-13,50,504,ledoit_wolf_gmv,0.07785575991997513,0.0001167836398799627,0.1229018598893726,8.136573367564395,0.2398029892338975
2023-07-13,100,504,equal_weight,0.018112076462925744,2.7168114694388618e-05,0.01,100.0,0.01
2023-07-13,100,504,sample_gmv,0.015195357296328583,2.2793035944492876e-05,0.3196582224897249,3.1283412396255317,0.3997738165045724
2023-07-13,100,504,ledoit_wolf_gmv,0.016491916071954524,2.473787410793179e-05,0.29681789785604806,3.3690690730684443,0.38367835341151324
2023-07-13,200,503,equal_weight,0.02743050645282554,4.114575967923831e-05,0.005000000000000001,199.99999999999997,0.005
2023-07-13,200,503,sample_gmv,0.03994980081706504,5.9924701225597564e-05,0.6384170789510168,1.5663741352958478,0.7967098462598546
2023-07-13,200,503,ledoit_wolf_gmv,0.03185622939197856,4.7784344087967844e-05,0.25785323841703933,3.8781750663245442,0.44374932986484616
2023-08-11,10,504,equal_weight,0.12769060080450834,0.0001915359012067625,0.10000000000000003,9.999999999999996,0.1
2023-08-11,10,504,sample_gmv,0.21580631307191062,0.0003237094696078659,0.5804115118460121,1.722915516991517,0.7285186603661189
2023-08-11,10,504,ledoit_wolf_gmv,0.22955363055898953,0.0003443304458384843,0.537777936211809,1.8595035844054049,0.6920531562165921
2023-08-11,50,504,equal_weight,0.02150849547913556,3.226274321870334e-05,0.020000000000000004,49.99999999999999,0.02
2023-08-11,50,504,sample_gmv,0.09488210477072978,0.00014232315715609467,0.12369198010662766,8.084598525611428,0.2176806321576958
2023-08-11,50,504,ledoit_wolf_gmv,0.07992776501778684,0.00011989164752668026,0.11298131334076443,8.85102120369133,0.20232403694526432
2023-08-11,100,504,equal_weight,0.04321849290484583,6.482773935726875e-05,0.01,100.0,0.01
2023-08-11,100,504,sample_gmv,0.020376477301631165,3.056471595244675e-05,0.31413209743608045,3.1833741542552167,0.3959532373194005
2023-08-11,100,504,ledoit_wolf_gmv,0.022454015391987495,3.3681023087981246e-05,0.29142865983013017,3.4313715081518974,0.3800949755263164
2023-08-11,200,503,equal_weight,0.05239669974177677,7.859504961266516e-05,0.005000000000000001,199.99999999999997,0.005
2023-08-11,200,503,sample_gmv,0.036911146135321454,5.536671920298218e-05,0.6395335341047707,1.5636396633990681,0.7975878434363225
2023-08-11,200,503,ledoit_wolf_gmv,0.046403862202272134,6.96057933034082e-05,0.2594450969482441,3.854380027846458,0.4512727372155844
2023-09-12,10,504,equal_weight,0.015119624232345821,2.2679436348518733e-05,0.10000000000000003,9.999999999999996,0.1
2023-09-12,10,504,sample_gmv,0.021539790436773704,3.2309685655160556e-05,0.5842932472681714,1.7114693771927725,0.7310325415498247
2023-09-12,10,504,ledoit_wolf_gmv,0.02195062504713546,3.292593757070319e-05,0.5412169715131893,1.8476878084663506,0.6945074235611913
2023-09-12,50,504,equal_weight,0.057938729066929415,8.690809360039412e-05,0.020000000000000004,49.99999999999999,0.02
2023-09-12,50,504,sample_gmv,0.1118308631092448,0.0001677462946638672,0.12630106628479348,7.917589529649117,0.2082971669594984
2023-09-12,50,504,ledoit_wolf_gmv,0.10639832248136959,0.0001595974837220544,0.11648554371830523,8.584756254546752,0.1946095028039986
2023-09-12,100,504,equal_weight,0.048834590725171725,7.325188608775759e-05,0.01,100.0,0.01
2023-09-12,100,504,sample_gmv,0.01658880686288974,2.488321029433461e-05,0.31106225207182436,3.2147905872201417,0.39427717545587615
2023-09-12,100,504,ledoit_wolf_gmv,0.018752269907649645,2.8128404861474467e-05,0.28834699583022627,3.4680437613741697,0.37827982975433727
2023-09-12,200,503,equal_weight,0.0425693609589389,6.385404143840836e-05,0.005000000000000001,199.99999999999997,0.005
2023-09-12,200,503,sample_gmv,0.03297606868085279,4.946410302127918e-05,0.6273179262478669,1.5940880344058244,0.7896426223507128
2023-09-12,200,503,ledoit_wolf_gmv,0.030080706892780328,4.512106033917049e-05,0.25864319032417077,3.8663302859303923,0.4531839856532948
2023-10-11,10,504,equal_weight,0.11251867478644181,0.00016877801217966273,0.10000000000000003,9.999999999999996,0.1
2023-10-11,10,504,sample_gmv,0.7271507005712016,0.0010907260508568025,0.31229833652291994,3.2020663674800227,0.46915113721785534
2023-10-11,10,504,ledoit_wolf_gmv,0.6903328969687033,0.0010354993454530549,0.30024845870381917,3.330574965536967,0.4541304021328719
2023-10-11,50,504,equal_weight,0.03633323728352794,5.4499855925291914e-05,0.020000000000000004,49.99999999999999,0.02
2023-10-11,50,504,sample_gmv,0.08278073285556413,0.0001241710992833462,0.11745486180513064,8.513908957290333,0.2068667663663345
2023-10-11,50,504,ledoit_wolf_gmv,0.08287643694022255,0.00012431465541033382,0.10929729320956652,9.149357414392696,0.1945570078321594
2023-10-11,100,504,equal_weight,0.03571072200233108,5.356608300349662e-05,0.01,100.0,0.01
2023-10-11,100,504,sample_gmv,0.027465856462228856,4.1198784693343283e-05,0.3113415933416386,3.2119062193617314,0.39620785681631554
2023-10-11,100,504,ledoit_wolf_gmv,0.02953795327966261,4.430692991949392e-05,0.2876628003241908,3.476292377300847,0.37921370872875687
2023-10-11,200,503,equal_weight,0.03138550872041174,4.7078263080617606e-05,0.005000000000000001,199.99999999999997,0.005
2023-10-11,200,503,sample_gmv,0.04825543634081282,7.238315451121924e-05,0.6734662690076313,1.484855361016854,0.8189345582025123
2023-10-11,200,503,ledoit_wolf_gmv,0.04242924134358179,6.364386201537268e-05,0.2674519130256292,3.7389898942475415,0.4675882772758316
2023-11-09,10,504,equal_weight,0.028371795652082615,4.2557693478123924e-05,0.10000000000000003,9.999999999999996,0.1
2023-11-09,10,504,sample_gmv,0.04377844440445834,6.566766660668751e-05,0.3253152829987295,3.073941042001108,0.4963507258996064
2023-11-09,10,504,ledoit_wolf_gmv,0.041836134606708875,6.275420191006331e-05,0.311206900788069,3.213296355150547,0.47947989680370323
2023-11-09,50,504,equal_weight,0.058506463206776126,8.77596948101642e-05,0.020000000000000004,49.99999999999999,0.02
2023-11-09,50,504,sample_gmv,0.1776553498167784,0.00026648302472516764,0.12050961414689164,8.298093119616826,0.19142657228485604
2023-11-09,50,504,ledoit_wolf_gmv,0.16480325771556384,0.00024720488657334577,0.1111826343240548,8.994210346603076,0.18084165490497703
2023-11-09,100,504,equal_weight,0.051093474431141365,7.664021164671205e-05,0.01,100.0,0.01
2023-11-09,100,504,sample_gmv,0.0433341279916821,6.500119198752315e-05,0.30450866420093875,3.2839788077101195,0.3921624159392929
2023-11-09,100,504,ledoit_wolf_gmv,0.04596638378926786,6.894957568390179e-05,0.2833089288908692,3.5297157908679986,0.37636735804491644
2023-11-09,200,484,equal_weight,0.05458947285434615,8.188420928151923e-05,0.005000000000000001,199.99999999999997,0.005
2023-11-09,200,484,sample_gmv,0.02302689168722622,3.454033753083933e-05,0.6712369016101699,1.489786985192843,0.8177242561626982
2023-11-09,200,484,ledoit_wolf_gmv,0.026782309430783097,4.017346414617465e-05,0.2701770423787702,3.7012767302340466,0.4739160246151301
2023-12-11,10,504,equal_weight,0.010587345502849406,1.588101825427411e-05,0.10000000000000003,9.999999999999996,0.1
2023-12-11,10,504,sample_gmv,0.019886601749844742,2.9829902624767114e-05,0.33446969152388,2.9898075231985657,0.5129087577769129
2023-12-11,10,504,ledoit_wolf_gmv,0.018812154436545193,2.8218231654817792e-05,0.3175366439202188,3.1492428327461015,0.4945784958937635
2023-12-11,50,504,equal_weight,0.039100825809936804,5.865123871490521e-05,0.020000000000000004,49.99999999999999,0.02
2023-12-11,50,504,sample_gmv,0.08490741544924812,0.0001273611231738722,0.11774410035122446,8.492994528108436,0.18797141134297873
2023-12-11,50,504,ledoit_wolf_gmv,0.08150319994527078,0.00012225479991790616,0.10783867228673709,9.273111202083934,0.17398886952410242
2023-12-11,100,504,equal_weight,0.040123726415310486,6.018558962296573e-05,0.01,100.0,0.01
2023-12-11,100,504,sample_gmv,0.0351647083869912,5.27470625804868e-05,0.2985498349043264,3.349524545275535,0.38857179211807974
2023-12-11,100,504,ledoit_wolf_gmv,0.03471629660904563,5.207444491356844e-05,0.27702520814880227,3.609779798316609,0.37238753362456184
2023-12-11,200,491,equal_weight,0.03780505174920452,5.6707577623806775e-05,0.005000000000000001,199.99999999999997,0.005
2023-12-11,200,491,sample_gmv,0.04242483905484782,6.363725858227173e-05,0.6783082818813917,1.4742559197808218,0.8218811007584406
2023-12-11,200,491,ledoit_wolf_gmv,0.06262742587989281,9.394113881983922e-05,0.28138000640450256,3.5539127771659555,0.4901789224801209
2024-01-11,10,504,equal_weight,0.11716070893055018,0.00017574106339582527,0.10000000000000003,9.999999999999996,0.1
2024-01-11,10,504,sample_gmv,0.5738649489267429,0.0008607974233901144,0.3157525598899339,3.16703687326742,0.4833838169559355
2024-01-11,10,504,ledoit_wolf_gmv,0.529329831900439,0.0007939947478506586,0.30705463640639075,3.25674939060841,0.4752293626025694
2024-01-11,50,504,equal_weight,0.036865568358335626,5.529835253750344e-05,0.020000000000000004,49.99999999999999,0.02
2024-01-11,50,504,sample_gmv,0.054576403369343704,8.186460505401556e-05,0.11584404081074841,8.632295567397167,0.17995385202256098
2024-01-11,50,504,ledoit_wolf_gmv,0.059599440187975306,8.939916028196296e-05,0.10867471294935308,9.201772637449169,0.16974013057978443
2024-01-11,100,504,equal_weight,0.05608157253605079,8.412235880407619e-05,0.01,100.0,0.01
2024-01-11,100,504,sample_gmv,0.0336689248515301,5.050338727729515e-05,0.29536207244082546,3.385675052101843,0.3850455619994823
2024-01-11,100,504,ledoit_wolf_gmv,0.03540553547487431,5.310830321231146e-05,0.27412655054601165,3.6479501821628615,0.3690314516520905
2024-01-11,200,503,equal_weight,0.050962248038858037,7.644337205828705e-05,0.005000000000000001,199.99999999999997,0.005
2024-01-11,200,503,sample_gmv,0.03388355519899702,5.082533279849554e-05,0.6668425277382658,1.499604416940393,0.8147744410628248
2024-01-11,200,503,ledoit_wolf_gmv,0.03289524604044734,4.934286906067102e-05,0.2825555631988752,3.5391269196004305,0.4933703192762372
2024-02-12,10,504,equal_weight,0.047394911918955646,7.109236787843348e-05,0.10000000000000003,9.999999999999996,0.1
2024-02-12,10,504,sample_gmv,0.04780606805595149,7.170910208392724e-05,0.3123608639279949,3.2014253880105765,0.4712826415774453
2024-02-12,10,504,ledoit_wolf_gmv,0.04529912783413473,6.794869175120209e-05,0.30364965074921924,3.2932690603549832,0.4640185093469008
2024-02-12,50,504,equal_weight,0.06551837570461778,9.827756355692668e-05,0.020000000000000004,49.99999999999999,0.02
2024-02-12,50,504,sample_gmv,0.1607276053899026,0.0002410914080848539,0.1148031610561718,8.710561545519745,0.20136406345282176
2024-02-12,50,504,ledoit_wolf_gmv,0.16188436001527703,0.00024282654002291557,0.10790908432317937,9.267060380246368,0.19144369370965006
2024-02-12,100,504,equal_weight,0.0670329791266174,0.0001005494686899261,0.01,100.0,0.01
2024-02-12,100,504,sample_gmv,0.46601584001252916,0.0006990237600187938,0.6008671533213884,1.6642613836891258,0.7718296432043715
2024-02-12,100,504,ledoit_wolf_gmv,0.09119608521297898,0.00013679412781946848,0.27913469820987774,3.5824997981731137,0.37513873624827354
2024-02-12,200,503,equal_weight,0.06470674922417385,9.706012383626078e-05,0.005000000000000001,199.99999999999997,0.005
2024-02-12,200,503,sample_gmv,0.03570843090330631,5.356264635495947e-05,0.6691561049093845,1.4944196020380291,0.8161014508873188
2024-02-12,200,503,ledoit_wolf_gmv,0.03649575580077763,5.4743633701166446e-05,0.29036042761843217,3.443995479005555,0.5026328780878343
2024-03-13,10,504,equal_weight,0.03454924795278153,5.18238719291723e-05,0.10000000000000003,9.999999999999996,0.1
2024-03-13,10,504,sample_gmv,0.07838809967629973,0.0001175821495144496,0.3036751268643548,3.292992779242926,0.45168063014667414
2024-03-13,10,504,ledoit_wolf_gmv,0.060933106794604744,9.139966019190712e-05,0.29315836845394894,3.4111255471702013,0.4446386393344495
2024-03-13,50,504,equal_weight,0.04140192213296725,6.210288319945088e-05,0.020000000000000004,49.99999999999999,0.02
2024-03-13,50,504,sample_gmv,0.14524080553051583,0.00021786120829577374,0.11709904642027039,8.539779191804719,0.22217725719773396
2024-03-13,50,504,ledoit_wolf_gmv,0.13642838963474935,0.00020464258445212404,0.10877756232638514,9.193072345191169,0.20941500677145478
2024-03-13,100,504,equal_weight,0.04771140340912077,7.156710511368116e-05,0.01,100.0,0.01
2024-03-13,100,504,sample_gmv,0.0963314281428898,0.0001444971422143347,0.5820739568672071,1.717994746547538,0.758936683233779
2024-03-13,100,504,ledoit_wolf_gmv,0.430668837482905,0.0006460032562243575,0.4891148958316609,2.0445093954860267,0.6932154695150498
2024-03-13,200,503,equal_weight,0.03753340348627839,5.6300105229417587e-05,0.005000000000000001,199.99999999999997,0.005
2024-03-13,200,503,sample_gmv,0.8444608364777755,0.0012666912547166633,0.5332406861763785,1.8753257692516598,0.7246564723802533
2024-03-13,200,503,ledoit_wolf_gmv,0.527850169450961,0.0007917752541764415,0.2340313927685096,4.272931029339054,0.34367251548239414
2024-04-12,10,504,equal_weight,0.11704921902226298,0.00017557382853339447,0.10000000000000003,9.999999999999996,0.1
2024-04-12,10,504,sample_gmv,0.45512125174160184,0.0006826818776124028,0.3269802706639391,3.0582884954174228,0.455121251741602
2024-04-12,10,504,ledoit_wolf_gmv,0.4399367566613932,0.0006599051349920898,0.31416456170315155,3.183045199556537,0.43993675666139315
2024-04-12,50,504,equal_weight,0.06153509683579718,9.230264525369577e-05,0.020000000000000004,49.99999999999999,0.02
2024-04-12,50,504,sample_gmv,0.0685724630574927,0.00010285869458623905,0.1178981292946503,8.481898788239516,0.22871874362259784
2024-04-12,50,504,ledoit_wolf_gmv,0.060862474131807266,9.12937111977109e-05,0.10946591671156153,9.135263560026281,0.21395759907255518
2024-04-12,100,504,equal_weight,0.06263292050703209,9.394938076054814e-05,0.01,100.0,0.01
2024-04-12,100,504,sample_gmv,0.4367065332985742,0.0006550597999478613,0.30232617532973904,3.307685809570828,0.3941702687332225
2024-04-12,100,504,ledoit_wolf_gmv,0.40443085567499715,0.0006066462835124958,0.2759498735856055,3.623846559544731,0.37361761864073856
2024-04-12,200,503,equal_weight,0.06161797471715333,9.242696207573e-05,0.005000000000000001,199.99999999999997,0.005
2024-04-12,200,503,sample_gmv,0.8452477446838982,0.0012678716170258474,0.6781681150856536,1.4745606255370745,0.8211081347498832
2024-04-12,200,503,ledoit_wolf_gmv,0.5110620839260325,0.0007665931258890487,0.28010697013480024,3.570064677500722,0.48839385541724106
2024-05-13,10,504,equal_weight,0.01776036930377535,2.6640553955663027e-05,0.10000000000000003,9.999999999999996,0.1
2024-05-13,10,504,sample_gmv,0.043779999153621886,6.566999873043283e-05,0.3066335494516472,3.2612217475494774,0.43142415119389393
2024-05-13,10,504,ledoit_wolf_gmv,0.048347858337485325,7.252178750622799e-05,0.2969895934386454,3.36712134732286,0.4183360347543445
2024-05-13,50,504,equal_weight,0.05787996159978901,8.681994239968351e-05,0.020000000000000004,49.99999999999999,0.02
2024-05-13,50,504,sample_gmv,0.1535883776837488,0.0002303825665256232,0.09938819129556525,10.061557484491827,0.19493224596122027
2024-05-13,50,504,ledoit_wolf_gmv,0.14508963517162948,0.00021763445275744422,0.09293402458150501,10.760321685229286,0.18343032639740975
2024-05-13,100,504,equal_weight,0.05139123207864444,7.708684811796666e-05,0.01,100.0,0.01
2024-05-13,100,504,sample_gmv,0.04554936870644875,6.832405305967313e-05,0.29101608304094917,3.4362362023108153,0.38685220085054767
2024-05-13,100,504,ledoit_wolf_gmv,0.0468392329096008,7.02588493644012e-05,0.26509301106894356,3.7722608980435433,0.36609809879361077
2024-05-13,200,497,equal_weight,0.05957220210176847,8.935830315265271e-05,0.005000000000000001,199.99999999999997,0.005
2024-05-13,200,497,sample_gmv,0.031087722081574853,4.663158312236228e-05,0.6502766796685266,1.5378069539718724,0.8035026939054819
2024-05-13,200,497,ledoit_wolf_gmv,0.0450003455680663,6.750051835209944e-05,0.27245605745082174,3.670316635116471,0.481745460751609
2024-06-12,10,504,equal_weight,0.032603948586964845,4.890592288044727e-05,0.10000000000000003,9.999999999999996,0.1
2024-06-12,10,504,sample_gmv,0.04783773215871231,7.175659823806847e-05,0.3024804057191886,3.3059992683571124,0.4204828316294743
2024-06-12,10,504,ledoit_wolf_gmv,0.0448255553719546,6.723833305793191e-05,0.29207737387694227,3.4237503122077473,0.40744321800228983
2024-06-12,50,504,equal_weight,0.0628764532289661,9.431467984344915e-05,0.020000000000000004,49.99999999999999,0.02
2024-06-12,50,504,sample_gmv,0.20023874102456063,0.00030035811153684093,0.10645871662277788,9.393312560242157,0.17166939605681333
2024-06-12,50,504,ledoit_wolf_gmv,0.18339697874003622,0.00027509546811005435,0.09797121309300881,10.207079900609699,0.16334340986494758
2024-06-12,100,504,equal_weight,0.04275677923348601,6.413516885022901e-05,0.01,100.0,0.01
2024-06-12,100,504,sample_gmv,0.4034416609307282,0.0006051624913960923,0.5737356449842197,1.7429629982768535,0.7539185805731536
2024-06-12,100,504,ledoit_wolf_gmv,0.033947186942198046,5.092078041329707e-05,0.260500489470772,3.838764380180558,0.36360708044207524
2024-06-12,200,503,equal_weight,0.03206951739690951,4.810427609536427e-05,0.005000000000000001,199.99999999999997,0.005
2024-06-12,200,503,sample_gmv,0.023264080181062782,3.4896120271594177e-05,0.6433703162157467,1.5543147932001602,0.798969148889132
2024-06-12,200,503,ledoit_wolf_gmv,0.03932603768984247,5.898905653476371e-05,0.2665161631722265,3.752117650567354,0.47291999949396235
2024-07-15,10,504,equal_weight,0.11584978636936384,0.00017377467955404576,0.10000000000000003,9.999999999999996,0.1
2024-07-15,10,504,sample_gmv,0.4134952591971921,0.0006202428887957882,0.29468488732735015,3.393455324667369,0.4103114787056502
2024-07-15,10,504,ledoit_wolf_gmv,0.4006554783826519,0.0006009832175739779,0.2792999571764757,3.5803800691890184,0.4022342897362636
2024-07-15,50,504,equal_weight,0.041125458732257016,6.168818809838552e-05,0.020000000000000004,49.99999999999999,0.02
2024-07-15,50,504,sample_gmv,0.13036994813021605,0.00019555492219532408,0.09502670400632957,10.523357728301212,0.16540196641442093
2024-07-15,50,504,ledoit_wolf_gmv,0.12435754403950439,0.00018653631605925657,0.08910688957138536,11.2224767895066,0.15628318297929994
2024-07-15,100,504,equal_weight,0.0463966240971781,6.959493614576716e-05,0.01,100.0,0.01
2024-07-15,100,504,sample_gmv,0.045352916230967044,6.802937434645056e-05,0.5585897973026319,1.7902224581059105,0.7432311566380684
2024-07-15,100,504,ledoit_wolf_gmv,0.05901399080932814,8.852098621399221e-05,0.24737132881131574,4.042505672768396,0.3540140437404735
2024-07-15,200,503,equal_weight,0.032695382747783636,4.9043074121675456e-05,0.005000000000000001,199.99999999999997,0.005
2024-07-15,200,503,sample_gmv,0.03778264950336367,5.667397425504551e-05,0.6277928522178989,1.5928821050879258,0.7892296776166801
2024-07-15,200,503,ledoit_wolf_gmv,0.057421361195903936,8.61320417938559e-05,0.25541657230781745,3.9151727351302856,0.4646524220136325
2024-08-13,10,504,equal_weight,0.026289609288982593,3.943441393347389e-05,0.10000000000000003,9.999999999999996,0.1
2024-08-13,10,504,sample_gmv,0.11057306298777458,0.00016585959448166187,0.2968357142812265,3.3688668576200547,0.3616832732681374
2024-08-13,10,504,ledoit_wolf_gmv,0.09618690672387772,0.0001442803600858166,0.2782312314124435,3.5941328186756407,0.3560376006551143
2024-08-13,50,504,equal_weight,0.07112095997345759,0.00010668143996018638,0.020000000000000004,49.99999999999999,0.02
2024-08-13,50,504,sample_gmv,0.10659858016426774,0.0001598978702464016,0.09297491232782532,10.755589598988225,0.1560204922625993
2024-08-13,50,504,ledoit_wolf_gmv,0.10596282813733297,0.00015894424220599945,0.0879799427414586,11.366226992652635,0.1487603915449529
2024-08-13,100,504,equal_weight,0.06063942932675698,9.095914399013547e-05,0.01,100.0,0.01
2024-08-13,100,504,sample_gmv,0.08316335233263904,0.00012474502849895856,0.5720319176287971,1.7481542011593134,0.7529547240303595
2024-08-13,100,504,ledoit_wolf_gmv,0.07711824329801631,0.00011567736494702446,0.25202609754244243,3.9678430517759975,0.35880371572506103
2024-08-13,200,503,equal_weight,0.05706032064928957,8.559048097393436e-05,0.005000000000000001,199.99999999999997,0.005
2024-08-13,200,503,sample_gmv,0.035947293225718976,5.392093983857847e-05,0.6391889516001096,1.5644826111225114,0.7965112338077178
2024-08-13,200,503,ledoit_wolf_gmv,0.05314467930992984,7.971701896489475e-05,0.25301362694664953,3.952356290322893,0.4592782172319148
2024-09-12,10,504,equal_weight,0.025745828567820636,3.8618742851730956e-05,0.10000000000000003,9.999999999999996,0.1
2024-09-12,10,504,sample_gmv,0.028344945197181504,4.2517417795772255e-05,0.30407109398523235,3.2887045818586307,0.3605054215473766
2024-09-12,10,504,ledoit_wolf_gmv,0.02813216923036771,4.2198253845551565e-05,0.284993901369947,3.5088470145959807,0.3551189734485206
2024-09-12,50,504,equal_weight,0.05591301075914683,8.386951613872024e-05,0.020000000000000004,49.99999999999999,0.02
2024-09-12,50,504,sample_gmv,0.13039748997103678,0.0001955962349565552,0.0823733903762313,12.139842677745946,0.13272829013932544
2024-09-12,50,504,ledoit_wolf_gmv,0.1397172511492776,0.0002095758767239164,0.07638983811703123,13.090746421899386,0.12563830358186154
2024-09-12,100,504,equal_weight,0.034675553442374704,5.2013330163562056e-05,0.01,100.0,0.01
2024-09-12,100,504,sample_gmv,0.023155438898565653,3.473315834784848e-05,0.5620856338853549,1.779088344755603,0.7460866833666023
2024-09-12,100,504,ledoit_wolf_gmv,0.027655902622500412,4.148385393375062e-05,0.24476597309580217,4.085535204718169,0.3502003073973897
2024-09-12,200,503,equal_weight,0.03539257571924281,5.308886357886421e-05,0.005000000000000001,199.99999999999997,0.005
2024-09-12,200,503,sample_gmv,0.019362220633340775,2.9043330950011163e-05,0.639370825009748,1.564037583330071,0.7968287296282267
2024-09-12,200,503,ledoit_wolf_gmv,0.030078550119119193,4.511782517867879e-05,0.2448989083795193,4.083317506872273,0.45012380923912837
2024-10-11,10,504,equal_weight,0.026130312371797484,3.919546855769623e-05,0.10000000000000003,9.999999999999996,0.1
2024-10-11,10,504,sample_gmv,0.02344983304501551,3.5174749567523264e-05,0.29169926016922637,3.4281883314337516,0.3526027931534919
2024-10-11,10,504,ledoit_wolf_gmv,0.026200978673241677,3.9301468009862515e-05,0.27658344274556185,3.6155454212056095,0.34817230318049885
2024-10-11,50,504,equal_weight,0.09863666603472011,0.00014795499905208019,0.020000000000000004,49.99999999999999,0.02
2024-10-11,50,504,sample_gmv,0.18326097186472204,0.00027489145779708305,0.07179702219312013,13.92815425283507,0.11689340476176428
2024-10-11,50,504,ledoit_wolf_gmv,0.1781844857500983,0.00026727672862514746,0.06697461573103741,14.931030048994808,0.10993785991213155
2024-10-11,100,504,equal_weight,0.05174885701406539,7.762328552109808e-05,0.01,100.0,0.01
2024-10-11,100,504,sample_gmv,0.06065095372775307,9.09764305916296e-05,0.5250948334204792,1.9044179000695514,0.7209800227707852
2024-10-11,100,504,ledoit_wolf_gmv,0.0763097331134751,0.00011446459967021265,0.22245798019403534,4.495230960596542,0.33347689841554035
2024-10-11,200,503,equal_weight,0.03948941026029359,5.923411539044038e-05,0.005000000000000001,199.99999999999997,0.005
2024-10-11,200,503,sample_gmv,0.05893381483169767,8.840072224754651e-05,0.5806784960423884,1.7221233553773652,0.7569617213580727
2024-10-11,200,503,ledoit_wolf_gmv,0.0866274594495875,0.00012994118917438125,0.20576943842878903,4.85980817965867,0.40065248464102765
2024-11-11,10,504,equal_weight,0.039274849338845556,5.891227400826833e-05,0.10000000000000003,9.999999999999996,0.1
2024-11-11,10,504,sample_gmv,0.04041155284662491,6.061732926993737e-05,0.2843971676873768,3.5162094198464335,0.33834721197380013
2024-11-11,10,504,ledoit_wolf_gmv,0.05614677611611251,8.422016417416877e-05,0.2710232793093206,3.6897199478525007,0.3252078943365904
2024-11-11,50,504,equal_weight,0.06549688844032198,9.824533266048296e-05,0.020000000000000004,49.99999999999999,0.02
2024-11-11,50,504,sample_gmv,0.09947985387857536,0.00014921978081786305,0.06712184478673894,14.898279437599234,0.11378785568262595
2024-11-11,50,504,ledoit_wolf_gmv,0.09423455766424366,0.00014135183649636548,0.06259861811214476,15.974793536312744,0.10478741903664628
2024-11-11,100,504,equal_weight,0.08311303975659011,0.00012466955963488517,0.01,100.0,0.01
2024-11-11,100,504,sample_gmv,0.4063939271657818,0.0006095908907486728,0.24829211190773004,4.027514173996871,0.35821654494283917
2024-11-11,100,504,ledoit_wolf_gmv,0.078316426551264,0.00011747463982689601,0.20234686472951674,4.942008868468165,0.3170669437743578
2024-11-11,200,503,equal_weight,0.056892644298608665,8.5338966447913e-05,0.005000000000000001,199.99999999999997,0.005
2024-11-11,200,503,sample_gmv,0.04611394659407661,6.917091989111492e-05,0.5651480272159265,1.7694479177893854,0.7471404195897119
2024-11-11,200,503,ledoit_wolf_gmv,0.07725274224864218,0.00011587911337296326,0.18447010403873837,5.4209325961566215,0.3748253824201138
2024-12-11,10,504,equal_weight,0.12281657952923405,0.0001842248692938511,0.10000000000000003,9.999999999999996,0.1
2024-12-11,10,504,sample_gmv,0.587598099685118,0.000881397149527677,0.4164912186160986,2.4010110064811507,0.5875980996851181
2024-12-11,10,504,ledoit_wolf_gmv,0.5656498235364962,0.0008484747353047443,0.3910150200706122,2.5574465139968616,0.5615403070887104
2024-12-11,50,504,equal_weight,0.05973009049700126,8.959513574550189e-05,0.020000000000000004,49.99999999999999,0.02
2024-12-11,50,504,sample_gmv,0.20039583100616964,0.00030059374650925446,0.06246024115333765,16.01018474368416,0.11333435034122424
2024-12-11,50,504,ledoit_wolf_gmv,0.1866066219371108,0.0002799099329056662,0.05630555701776777,17.76023634193762,0.10247721798825098
2024-12-11,100,504,equal_weight,0.05283852226719001,7.925778340078502e-05,0.01,100.0,0.01
2024-12-11,100,504,sample_gmv,0.09255666380888047,0.00013883499571332072,0.24216389925645754,4.129434664169226,0.3484149508694595
2024-12-11,100,504,ledoit_wolf_gmv,0.11193610222361568,0.0001679041533354235,0.19989640806701953,5.0025911404307415,0.31309406136206624
2024-12-11,200,503,equal_weight,0.051950568282663874,7.792585242399581e-05,0.005000000000000001,199.99999999999997,0.005
2024-12-11,200,503,sample_gmv,0.06173035892245253,9.25955383836788e-05,0.5675499435035111,1.7619594741335987,0.7500350003306229
2024-12-11,200,503,ledoit_wolf_gmv,0.09645125979697479,0.00014467688969546218,0.17193795461678882,5.816051506654107,0.35548901057251286
2025-01-14,10,504,equal_weight,0.12702402291139642,0.00019053603436709464,0.10000000000000003,9.999999999999996,0.1
2025-01-14,10,504,sample_gmv,0.5978422236468158,0.0008967633354702237,0.29867560610457927,3.348114072797283,0.3991843435019956
2025-01-14,10,504,ledoit_wolf_gmv,0.5770257617482492,0.0008655386426223737,0.27816637084568624,3.5949708692671316,0.3782060256341362
2025-01-14,50,504,equal_weight,0.03676442676322725,5.514664014484087e-05,0.020000000000000004,49.99999999999999,0.02
2025-01-14,50,504,sample_gmv,0.11482032727349667,0.000172230490910245,0.07010750442506346,14.263808249926804,0.13973492834679346
2025-01-14,50,504,ledoit_wolf_gmv,0.11261372519047008,0.00016892058778570512,0.06148935252906097,16.26297820467994,0.11828359925584168
2025-01-14,100,504,equal_weight,0.01855570081469377,2.7833551222040654e-05,0.01,100.0,0.01
2025-01-14,100,504,sample_gmv,0.057066180255383674,8.559927038307551e-05,0.23913371554810345,4.181760809879789,0.3478924400966353
2025-01-14,100,504,ledoit_wolf_gmv,0.06667340152270285,0.00010001010228405427,0.19364369144012916,5.164123822278922,0.3085295176908521
2025-01-14,200,504,equal_weight,0.03182920656388334,4.774380984582501e-05,0.005000000000000001,199.99999999999997,0.005
2025-01-14,200,504,sample_gmv,0.048013607694424,7.202041154163599e-05,0.561025307618395,1.7824507850547666,0.7453978214743426
2025-01-14,200,504,ledoit_wolf_gmv,0.0743079154192687,0.00011146187312890306,0.1703964578490703,5.868666594500199,0.35407617649038975
2025-02-13,10,504,equal_weight,0.13319048810524287,0.0001997857321578643,0.10000000000000003,9.999999999999996,0.1
2025-02-13,10,504,sample_gmv,0.5594939768104188,0.0008392409652156282,0.38477448069908454,2.598924955166288,0.5594939768104188
2025-02-13,10,504,ledoit_wolf_gmv,0.5322506502184765,0.0007983759753277148,0.3610632237054042,2.7695980491657934,0.5322506502184766
2025-02-13,50,504,equal_weight,0.1045639647628771,0.00015684594714431566,0.020000000000000004,49.99999999999999,0.02
2025-02-13,50,504,sample_gmv,0.1887676385729539,0.00028315145785943086,0.06949812829595794,14.388876715377105,0.12282449807070568
2025-02-13,50,504,ledoit_wolf_gmv,0.1781051876331998,0.0002671577814497997,0.061658393958861586,16.218391946231993,0.10971087980536973
2025-02-13,100,504,equal_weight,0.0631912857617803,9.478692864267046e-05,0.01,100.0,0.01
2025-02-13,100,504,sample_gmv,0.06588180824053451,9.882271236080176e-05,0.2445411617822594,4.08929111447669,0.3540135927686661
2025-02-13,100,504,ledoit_wolf_gmv,0.0784035614786551,0.00011760534221798265,0.18447776515027609,5.420707472173665,0.3003931938900943
2025-02-13,200,504,equal_weight,0.0493252049540632,7.39878074310948e-05,0.005000000000000001,199.99999999999997,0.005
2025-02-13,200,504,sample_gmv,0.05605544775276833,8.408317162915249e-05,0.5757983819072415,1.7367190173193217,0.7556700903602604
2025-02-13,200,504,ledoit_wolf_gmv,0.07692747217016468,0.00011539120825524703,0.16241440987846575,6.157089144665779,0.33862857112790695
2025-03-17,10,504,equal_weight,0.1231352726349689,0.00018470290895245337,0.10000000000000003,9.999999999999996,0.1
2025-03-17,10,504,sample_gmv,0.531908893054986,0.000797863339582479,0.2755239182889013,3.6294489647590136,0.36221409525026976
2025-03-17,10,504,ledoit_wolf_gmv,0.5045326255427874,0.0007567989383141812,0.25819948233029516,3.8729744574808067,0.347637819868207
2025-03-17,50,504,equal_weight,0.07237961004257755,0.00010856941506386633,0.020000000000000004,49.99999999999999,0.02
2025-03-17,50,504,sample_gmv,0.12546783715776563,0.00018820175573664846,0.0688518615146898,14.523935562535899,0.12463716535016757
2025-03-17,50,504,ledoit_wolf_gmv,0.12161209461649544,0.00018241814192474317,0.058781059070467365,17.01228279676263,0.10492869908481542
2025-03-17,100,504,equal_weight,0.0800012781798661,0.00012000191726979916,0.01,100.0,0.01
2025-03-17,100,504,sample_gmv,0.058891330377211004,8.83369955658165e-05,0.2476413974561211,4.03809706403061,0.35491252977526844
2025-03-17,100,504,ledoit_wolf_gmv,0.07125260903490926,0.0001068789135523639,0.19489116289208167,5.131068977990226,0.3102079539758035
2025-03-17,200,504,equal_weight,0.06376186710169188,9.564280065253782e-05,0.005000000000000001,199.99999999999997,0.005
2025-03-17,200,504,sample_gmv,0.05513344427581319,8.270016641371979e-05,0.578412625334894,1.7288695927427447,0.7577328304777562
2025-03-17,200,504,ledoit_wolf_gmv,0.06496609667694514,9.74491450154177e-05,0.16122496037294393,6.202513541866038,0.33498795140194
2025-04-15,10,504,equal_weight,0.11606088174261173,0.0001740913226139176,0.10000000000000003,9.999999999999996,0.1
2025-04-15,10,504,sample_gmv,0.5362282164985737,0.0008043423247478605,0.3829599698945039,2.6112389769496676,0.5362282164985738
2025-04-15,10,504,ledoit_wolf_gmv,0.5029829882879847,0.0007544744824319771,0.3440007885725088,2.906970080358461,0.49991837953250784
2025-04-15,50,504,equal_weight,0.0656275086301023,9.844126294515346e-05,0.020000000000000004,49.99999999999999,0.02
2025-04-15,50,504,sample_gmv,0.19458396741845652,0.0002918759511276848,0.08600815221020133,11.626804835383862,0.15928201022782246
2025-04-15,50,504,ledoit_wolf_gmv,0.18845470064787534,0.000282682050971813,0.06817110096667461,14.668972421156132,0.1352115333546439
2025-04-15,100,504,equal_weight,0.03295844764869531,4.943767147304296e-05,0.01,100.0,0.01
2025-04-15,100,504,sample_gmv,0.12726053454048183,0.00019089080181072275,0.3040726073868736,3.288688213626864,0.394187378575434
2025-04-15,100,504,ledoit_wolf_gmv,0.12405666888459288,0.00018608500332688933,0.21413896667778928,4.669864693541183,0.3236125890289773
2025-04-15,200,504,equal_weight,0.0549693385254091,8.245400778811365e-05,0.005000000000000001,199.99999999999997,0.005
2025-04-15,200,504,sample_gmv,0.08626083317290618,0.00012939124975935927,0.6784463194747683,1.4739559657043588,0.8214064636059573
2025-04-15,200,504,ledoit_wolf_gmv,0.14311164014257685,0.0002146674602138653,0.16698029909886836,5.9887304394388705,0.31664897902404215
2025-05-15,10,504,equal_weight,0.04343400017373438,6.515100026060157e-05,0.10000000000000003,9.999999999999996,0.1
2025-05-15,10,504,sample_gmv,0.03395089871326769,5.0926348069901535e-05,0.3808326570642443,2.6258252317665756,0.5358677437576029
2025-05-15,10,504,ledoit_wolf_gmv,0.030223905481241518,4.5335858221862275e-05,0.34579246985604534,2.891907971322521,0.5025783771757159
2025-05-15,50,504,equal_weight,0.11809428456590776,0.00017714142684886164,0.020000000000000004,49.99999999999999,0.02
2025-05-15,50,504,sample_gmv,0.16416969190073982,0.00024625453785110974,0.10021545483717066,9.978500837268989,0.17626087805568721
2025-05-15,50,504,ledoit_wolf_gmv,0.18239815457864467,0.000273597231867967,0.084669305367731,11.810655533984315,0.15417328378850112
2025-05-15,100,504,equal_weight,0.08869142854253886,0.0001330371428138083,0.01,100.0,0.01
2025-05-15,100,504,sample_gmv,0.06661760657475568,9.992640986213352e-05,0.3184343470603526,3.140364754090019,0.40373549604868253
2025-05-15,100,504,ledoit_wolf_gmv,0.09457927516284059,0.0001418689127442609,0.22804555759919645,4.385088710026788,0.3333331904862514
2025-05-15,200,504,equal_weight,0.07636029844219391,0.00011454044766329087,0.005000000000000001,199.99999999999997,0.005
2025-05-15,200,504,sample_gmv,0.03611038433831931,5.416557650747897e-05,0.7047070654610138,1.4190293371697755,0.8376522033892232
2025-05-15,200,504,ledoit_wolf_gmv,0.055379915563512606,8.30698733452689e-05,0.1751906293806112,5.708067854630772,0.3292581190719082
2025-06-16,10,504,equal_weight,0.11768521959960936,0.00017652782939941403,0.10000000000000003,9.999999999999996,0.1
2025-06-16,10,504,sample_gmv,0.5219666061630526,0.0007829499092445788,0.3013865948539413,3.3179976053169264,0.45876954877125276
2025-06-16,10,504,ledoit_wolf_gmv,0.48984557407625967,0.0007347683611143895,0.27344190250125844,3.6570839759842504,0.41441972110265307
2025-06-16,50,504,equal_weight,0.0792844816973682,0.00011892672254605229,0.020000000000000004,49.99999999999999,0.02
2025-06-16,50,504,sample_gmv,0.11323119851574781,0.0001698467977736217,0.08969823293751397,11.148491639702925,0.17034538523488382
2025-06-16,50,504,ledoit_wolf_gmv,0.11819631845483455,0.00017729447768225184,0.07619769700167114,13.123756220323408,0.14271566545567005
2025-06-16,100,504,equal_weight,0.059752669328392405,8.962900399258861e-05,0.01,100.0,0.01
2025-06-16,100,504,sample_gmv,0.019397321620821625,2.909598243123244e-05,0.323909578728428,3.087281345385649,0.40674851153264774
2025-06-16,100,504,ledoit_wolf_gmv,0.02679017462818971,4.018526194228456e-05,0.23269645631263133,4.297444042965933,0.3368246472841414
2025-06-16,200,504,equal_weight,0.03966135401807659,5.949203102711489e-05,0.005000000000000001,199.99999999999997,0.005
2025-06-16,200,504,sample_gmv,0.024681250200697287,3.702187530104593e-05,0.7189717018327121,1.390875325761676,0.8462355574471103
2025-06-16,200,504,ledoit_wolf_gmv,0.03692474110468215,5.5387111657023224e-05,0.17358257756081238,5.760946830333033,0.3247582199728839
2025-07-17,10,504,equal_weight,0.11290171582675612,0.00016935257374013418,0.10000000000000003,9.999999999999996,0.1
2025-07-17,10,504,sample_gmv,0.4317181763042821,0.0006475772644564232,0.33612283070373106,2.9751028750600716,0.42186700544770733
2025-07-17,10,504,ledoit_wolf_gmv,0.40379362446848266,0.000605690436702724,0.30667416941645115,3.2607897884025583,0.4037936244684827
2025-07-17,50,504,equal_weight,0.05838394207540808,8.757591311311211e-05,0.020000000000000004,49.99999999999999,0.02
2025-07-17,50,504,sample_gmv,0.0909778967878336,0.00013646684518175042,0.0950081777554998,10.525409744974425,0.17980682341041512
2025-07-17,50,504,ledoit_wolf_gmv,0.08271643594498077,0.00012407465391747115,0.08080016246037963,12.376212739551733,0.14886685007393027
2025-07-17,100,504,equal_weight,0.07164520673537475,0.00010746781010306213,0.01,100.0,0.01
2025-07-17,100,504,sample_gmv,0.02279310676962252,3.418966015443378e-05,0.3274957604773745,3.053474642060554,0.4086969255139336
2025-07-17,100,504,ledoit_wolf_gmv,0.03552055722768095,5.328083584152143e-05,0.23735917681129423,4.213024385381241,0.3407019038971796
2025-07-17,200,504,equal_weight,0.04795420083538962,7.193130125308444e-05,0.005000000000000001,199.99999999999997,0.005
2025-07-17,200,504,sample_gmv,0.02106899798698888,3.160349698048332e-05,0.7289965102142814,1.3717486791617972,0.8520920090659891
2025-07-17,200,504,ledoit_wolf_gmv,0.032865647002494364,4.9298470503741546e-05,0.17459579295434086,5.727514867792452,0.3223821846558039
2025-08-15,10,504,equal_weight,0.0160618959638962,2.40928439458443e-05,0.10000000000000003,9.999999999999996,0.1
2025-08-15,10,504,sample_gmv,0.055439751758532024,8.315962763779804e-05,0.33596495227318857,2.9765009511672336,0.413357572171367
2025-08-15,10,504,ledoit_wolf_gmv,0.017690901334989954,2.653635200248493e-05,0.3076678489936786,3.2502583655419457,0.3965688047562559
2025-08-15,50,504,equal_weight,0.041733127976457014,6.259969196468552e-05,0.020000000000000004,49.99999999999999,0.02
2025-08-15,50,504,sample_gmv,0.08884955880568852,0.00013327433820853278,0.09235804388047403,10.827427238434788,0.16392199928396403
2025-08-15,50,504,ledoit_wolf_gmv,0.08878197803266562,0.00013317296704899842,0.07774453982801846,12.86263964275995,0.13872275322114105
2025-08-15,100,504,equal_weight,0.0522473535310031,7.837103029650466e-05,0.01,100.0,0.01
2025-08-15,100,504,sample_gmv,0.03216314699214653,4.824472048821979e-05,0.33597406065239455,2.976420257141875,0.413651095264957
2025-08-15,100,504,ledoit_wolf_gmv,0.03782437015391436,5.673655523087155e-05,0.23727243704936668,4.21456454207507,0.3405642227383768
2025-08-15,200,504,equal_weight,0.04358566035378078,6.537849053067117e-05,0.005000000000000001,199.99999999999997,0.005
2025-08-15,200,504,sample_gmv,0.027803239687177607,4.170485953076641e-05,0.7397429913615732,1.351820850859833,0.8584196357453922
2025-08-15,200,504,ledoit_wolf_gmv,0.03735481483323407,5.6032222249851106e-05,0.1754160306549993,5.700733258334621,0.32041446860890227
2025-09-16,10,504,equal_weight,0.14402469302360704,0.00021603703953541057,0.10000000000000003,9.999999999999996,0.1
2025-09-16,10,504,sample_gmv,0.4600757264466596,0.0006901135896699894,0.438297423638007,2.28155573377476,0.598651639250102
2025-09-16,10,504,ledoit_wolf_gmv,0.3986999077342592,0.0005980498616013888,0.3538801786757483,2.825815234247057,0.5154538324517123
2025-09-16,50,504,equal_weight,0.046035276259388025,6.905291438908203e-05,0.020000000000000004,49.99999999999999,0.02
2025-09-16,50,504,sample_gmv,0.0853441056731126,0.0001280161585096689,0.0921007585848933,10.85767387114685,0.16222344553571827
2025-09-16,50,504,ledoit_wolf_gmv,0.09166547329400343,0.00013749820994100515,0.0796537401001061,12.554338299033217,0.14236266321691143
2025-09-16,100,504,equal_weight,0.03620019551264189,5.430029326896284e-05,0.01,100.0,0.01
2025-09-16,100,504,sample_gmv,0.01583858696085015,2.3757880441275228e-05,0.3362281578078936,2.9741708919315353,0.41355034636626015
2025-09-16,100,504,ledoit_wolf_gmv,0.027081215231174828,4.062182284676224e-05,0.23255081319348242,4.300135468320205,0.33691870405712687
2025-09-16,200,504,equal_weight,0.05157297145171112,7.735945717756668e-05,0.005000000000000001,199.99999999999997,0.005
2025-09-16,200,504,sample_gmv,0.01598174135092993,2.39726120263949e-05,0.7411186121219827,1.3493116805375915,0.8591100215721882
2025-09-16,200,504,ledoit_wolf_gmv,0.023356307716186235,3.503446157427935e-05,0.17243009036067478,5.799451812083865,0.31444133086089965
2025-10-15,10,504,equal_weight,0.11682351881301614,0.00017523527821952423,0.10000000000000003,9.999999999999996,0.1
2025-10-15,10,504,sample_gmv,0.5208702942609935,0.0007813054413914902,0.36462778147982466,2.742522788421516,0.4769538124340004
2025-10-15,10,504,ledoit_wolf_gmv,0.4520695332512195,0.0006781042998768293,0.3312672630092458,3.0187106051952064,0.45206953325121957
2025-10-15,50,504,equal_weight,0.05499535189296326,8.249302783944489e-05,0.020000000000000004,49.99999999999999,0.02
2025-10-15,50,504,sample_gmv,0.1119971871839547,0.00016799578077593205,0.09562209261034953,10.457834300645354,0.18781859703702863
2025-10-15,50,504,ledoit_wolf_gmv,0.11127050706158872,0.0001669057605923831,0.07893151316380491,12.66921106560723,0.14821311846585145
2025-10-15,100,504,equal_weight,0.050185597932583315,7.527839689887498e-05,0.01,100.0,0.01
2025-10-15,100,504,sample_gmv,0.029432134990871484,4.414820248630723e-05,0.3255866715360756,3.0713787984075944,0.40669503021070247
2025-10-15,100,504,ledoit_wolf_gmv,0.09270857789811521,0.0001390628668471728,0.2057950546493898,4.859203257841576,0.3138179156460275
2025-10-15,200,504,equal_weight,0.042496310009987506,6.374446501498127e-05,0.005000000000000001,199.99999999999997,0.005
2025-10-15,200,504,sample_gmv,0.019150759859957865,2.8726139789936797e-05,0.7332780352732593,1.3637391983619769,0.8543644597233772
2025-10-15,200,504,ledoit_wolf_gmv,0.04847412314083764,7.271118471125646e-05,0.16845917608916755,5.9361563033567695,0.3039231766707944
2025-11-13,10,504,equal_weight,0.12952886532393942,0.00019429329798590915,0.10000000000000003,9.999999999999996,0.1
2025-11-13,10,504,sample_gmv,0.5088052722905599,0.0007632079084358399,0.3428422341682809,2.9167934995697156,0.5079977796321848
2025-11-13,10,504,ledoit_wolf_gmv,0.43163047704116847,0.0006474457155617527,0.2960795434484581,3.377470757867746,0.4527342266588319
2025-11-13,50,504,equal_weight,0.04805556513460492,7.208334770190738e-05,0.020000000000000004,49.99999999999999,0.02
2025-11-13,50,504,sample_gmv,0.09416710952285852,0.00014125066428428778,0.104366635987816,9.581606138160305,0.1988252341682605
2025-11-13,50,504,ledoit_wolf_gmv,0.10661373341180216,0.00015992060011770325,0.08292328034533196,12.059339618928782,0.16099911360798216
2025-11-13,100,504,equal_weight,0.04767628432302805,7.151442648454208e-05,0.01,100.0,0.01
2025-11-13,100,504,sample_gmv,0.053629424574924034,8.044413686238605e-05,0.34614760625253455,2.888940966041067,0.41894711992800615
2025-11-13,100,504,ledoit_wolf_gmv,0.0702175331003922,0.00010532629965058829,0.20299795799686612,4.926157927241012,0.31283724998391216
2025-11-13,200,504,equal_weight,0.06838831036203089,0.00010258246554304633,0.005000000000000001,199.99999999999997,0.005
2025-11-13,200,504,sample_gmv,0.02359345704967132,3.539018557450698e-05,0.7536040911928725,1.326956702712574,0.8666170489351521
2025-11-13,200,504,ledoit_wolf_gmv,0.059219955315862355,8.882993297379353e-05,0.17132375367964947,5.836902230556159,0.30518162034244145
2025-12-15,10,504,equal_weight,0.025825518908287985,3.8738278362431976e-05,0.10000000000000003,9.999999999999996,0.1
2025-12-15,10,504,sample_gmv,0.01639462864751689,2.4591942971275332e-05,0.33781021511475323,2.9602420390404793,0.5010243241295074
2025-12-15,10,504,ledoit_wolf_gmv,0.02629541843972834,3.9443127659592514e-05,0.295808113100509,3.380569888765094,0.45094989602798546
2025-12-15,50,504,equal_weight,0.04216403066915503,6.324604600373255e-05,0.020000000000000004,49.99999999999999,0.02
2025-12-15,50,504,sample_gmv,0.09379739308470193,0.0001406960896270529,0.10664889755649803,9.376561998404556,0.18167573006945797
2025-12-15,50,504,ledoit_wolf_gmv,0.10776967277950902,0.00016165450916926354,0.0862143914602291,11.598991572785181,0.1581956953968854
2025-12-15,100,504,equal_weight,0.04153213193153594,6.229819789730391e-05,0.01,100.0,0.01
2025-12-15,100,504,sample_gmv,0.0346451562355804,5.19677343533706e-05,0.36020884964281025,2.7761672179670724,0.4267757334728326
2025-12-15,100,504,ledoit_wolf_gmv,0.04185864671294798,6.278797006942197e-05,0.21268155865518448,4.701865109147879,0.32054122524491074
2025-12-15,200,482,equal_weight,0.05066458647472265,7.599687971208398e-05,0.005000000000000001,199.99999999999997,0.005
2025-12-15,200,482,sample_gmv,0.05449417188481332,8.174125782721998e-05,0.8149631125704558,1.2270494020838854,0.9018842805736856
2025-12-15,200,482,ledoit_wolf_gmv,0.08107661775751027,0.0001216149266362654,0.1735230649761807,5.762922641651523,0.29896584261014264
